company_name,ticker,match_method,match_score
01 Communique Laboratory Inc.,,unmatched,0.0
1&1 AG,,unmatched,0.0
1&1 Drillisch AG,,unmatched,0.0
"1-800-FLOWERS.COM, Inc.",,unmatched,0.0
"10x Genomics, Inc.",,unmatched,0.0
"111, Inc.",,unmatched,0.0
17 Education & Technology Group Inc.,,unmatched,0.0
180 Degree Capital Corp.,,unmatched,0.0
1847 Goedeker Inc.,,unmatched,0.0
"1stdibs.Com, Inc.",,unmatched,0.0
2020 Bulkers Ltd,,unmatched,0.0
"21Vianet Group, Inc.",,unmatched,0.0
"22nd Century Group, Inc.",,unmatched,0.0
23andMe Holding Co.,,unmatched,0.0
"2U, Inc.",,unmatched,0.0
"360 DigiTech, Inc.",,unmatched,0.0
36Kr Holdings Inc.,,unmatched,0.0
3D Systems Corporation,,unmatched,0.0
3i Group plc,,unmatched,0.0
3M Company,MMM,known,100.0
3P Learning Limited,,unmatched,0.0
4Front Ventures Corp.,,unmatched,0.0
4SC AG,SC,fuzzy,80.0
5N Plus Inc.,,unmatched,0.0
888 Holdings plc,,unmatched,0.0
"8x8, Inc.",,unmatched,0.0
908 Devices Inc.,,unmatched,0.0
A&W Revenue Royalties Income Fund,,unmatched,0.0
"A-Mark Precious Metals, Inc.",,unmatched,0.0
A.H. Belo Corporation,,unmatched,0.0
a.k.a. Brands Holding Corp.,,unmatched,0.0
A.P. Møller - Mærsk A S,,unmatched,0.0
A. O. Smith Corporation,,unmatched,0.0
"A10 Networks, Inc.",,unmatched,0.0
A2A S.p.A.,,unmatched,0.0
AAC Technologies Holdings Inc.,AAC,exact,100.0
AAK AB (publ.),,unmatched,0.0
Aalberts N.V.,,unmatched,0.0
Aamal Company Q.P.S.C.,,unmatched,0.0
"AAON, Inc.",AAON,exact,100.0
Aareal Bank AG,,unmatched,0.0
Aarti Drugs Limited,,unmatched,0.0
Aarti Industries Limited,,unmatched,0.0
AAR Corp.,AARD,fuzzy,85.71428571428572
Aavas Financiers Limited,,unmatched,0.0
Abacus Property Group,,unmatched,0.0
Abbott Laboratories,,unmatched,0.0
AbbVie Inc.,ABBV,known,100.0
ABB India Limited,,unmatched,0.0
ABB Ltd,ABBV,fuzzy,85.71428571428572
ABB Power Products and Systems India Limited,,unmatched,0.0
AbCellera Biologics Inc.,,unmatched,0.0
Abeona Therapeutics Inc.,,unmatched,0.0
Abercrombie & Fitch Co.,,unmatched,0.0
ABG Sundal Collier Holding ASA,,unmatched,0.0
ABM Industries Incorporated,,unmatched,0.0
ABN AMRO Bank N.V.,,unmatched,0.0
"Aboitiz Equity Ventures, Inc.",,unmatched,0.0
Aboitiz Power Corporation,,unmatched,0.0
ABOUT YOU Holding AG,,unmatched,0.0
Abrdn PLC,ABR,fuzzy,75.0
Absa Group Limited,ASA,fuzzy,85.71428571428572
Abu Dhabi National Energy Company PJSC,,unmatched,0.0
Abu Dhabi National Oil Company for Distribution PJSC,,unmatched,0.0
AB Electrolux (publ),,unmatched,0.0
AB Klaipedos nafta,,unmatched,0.0
AB SKF (publ),,unmatched,0.0
AB Volvo (publ),,unmatched,0.0
Acacia Research Corporation,,unmatched,0.0
AcadeMedia AB (publ),,unmatched,0.0
"Academy Sports and Outdoors, Inc.",,unmatched,0.0
Acadian Timber Corp.,,unmatched,0.0
"Acadia Healthcare Company, Inc.",,unmatched,0.0
ACADIA Pharmaceuticals Inc.,,unmatched,0.0
Acadia Realty Trust,,unmatched,0.0
Acasti Pharma Inc.,,unmatched,0.0
"Accelerate Diagnostics, Inc.",,unmatched,0.0
"Accel Entertainment, Inc.",,unmatched,0.0
Accenture plc,,unmatched,0.0
Accent Group Limited,ACET,fuzzy,80.0
Access Bank Plc,,unmatched,0.0
"Acciona, S.A.",,unmatched,0.0
"Accolade, Inc.",,unmatched,0.0
Accor SA,ACCO,fuzzy,88.88888888888889
ACCO Brands Corporation,,unmatched,0.0
Accsys Technologies PLC,ACCS,fuzzy,80.0
Accuray Incorporated,,unmatched,0.0
ACC Limited,ACC,exact,100.0
ACEA S.p.A.,,unmatched,0.0
"AcelRx Pharmaceuticals, Inc.",,unmatched,0.0
"Acerinox, S.A.",,unmatched,0.0
"Achieve Life Sciences, Inc.",,unmatched,0.0
"ACI Worldwide, Inc.",,unmatched,0.0
Ackermans & Van Haaren NV,,unmatched,0.0
Acme United Corporation,,unmatched,0.0
"ACM Research, Inc.",,unmatched,0.0
"Acom Co., Ltd.",ACM,fuzzy,85.71428571428572
"Acorda Therapeutics, Inc.",,unmatched,0.0
"Acorn Energy, Inc.",,unmatched,0.0
"Acreage Holdings, Inc.",,unmatched,0.0
ACRES Commercial Realty Corp.,,unmatched,0.0
Acroud AB (publ),,unmatched,0.0
Acrow Formwork and Construction Services Limited,,unmatched,0.0
Acrysil Limited,,unmatched,0.0
"ACS, Actividades de Construcción y Servicios, S.A.",,unmatched,0.0
Actic Group AB (publ),,unmatched,0.0
Action Construction Equipment Limited,,unmatched,0.0
AcuityAds Holdings Inc.,,unmatched,0.0
"Acuity Brands, Inc.",,unmatched,0.0
Acushnet Holdings Corp.,,unmatched,0.0
"Acutus Medical, Inc.",,unmatched,0.0
ACV Auctions Inc.,,unmatched,0.0
Adacel Technologies Limited,ACEL,fuzzy,80.0
Adairs Limited,AIRS,fuzzy,80.0
ADAMA Ltd.,ADAM,fuzzy,88.88888888888889
Adamis Pharmaceuticals Corporation,,unmatched,0.0
Adani Green Energy Limited,,unmatched,0.0
Adani Ports and Special Economic Zone Limited,,unmatched,0.0
AdaptHealth Corp.,,unmatched,0.0
Adaptimmune Therapeutics plc,,unmatched,0.0
Adaptive Biotechnologies Corporation,,unmatched,0.0
Adcock Ingram Holdings Limited,,unmatched,0.0
Adcore Inc.,ACOR,fuzzy,80.0
ADC Therapeutics SA,,unmatched,0.0
Addex Therapeutics Ltd,,unmatched,0.0
Addiko Bank AG,,unmatched,0.0
AddLife AB (publ),,unmatched,0.0
Addnode Group AB (publ),,unmatched,0.0
Addtech AB (publ.),,unmatched,0.0
Addus HomeCare Corporation,,unmatched,0.0
"ADDvantage Technologies Group, Inc.",,unmatched,0.0
Adecco Group AG,ACCO,fuzzy,80.0
Adecoagro S.A.,,unmatched,0.0
Adevinta ASA,,unmatched,0.0
ADF Foods Limited,,unmatched,0.0
ADF Group Inc.,ADF,exact,100.0
adidas AG,,unmatched,0.0
Adient plc,AENT,fuzzy,80.0
Aditya Birla Capital Limited,,unmatched,0.0
Aditya Birla Fashion and Retail Limited,,unmatched,0.0
Adler Group S.A.,ADER,fuzzy,88.88888888888889
"ADMA Biologics, Inc.",,unmatched,0.0
Admiral Group plc,,unmatched,0.0
Adobe Inc.,ADBE,known,100.0
Adore Beauty Group Limited,,unmatched,0.0
Ador Welding Limited,,unmatched,0.0
Adtalem Global Education Inc.,,unmatched,0.0
"ADTRAN, Inc.",ADRA,fuzzy,80.0
ADT Inc.,ADT,exact,100.0
"Advanced Drainage Systems, Inc.",,unmatched,0.0
"Advanced Energy Industries, Inc.",,unmatched,0.0
Advanced Enzyme Technologies Limited,,unmatched,0.0
Advanced Info Service Public Company Limited,,unmatched,0.0
"Advanced Micro Devices, Inc.",,unmatched,0.0
"Advance Auto Parts, Inc.",,unmatched,0.0
AdvanSix Inc.,,unmatched,0.0
Advantage Solutions Inc.,,unmatched,0.0
"Advantech Co., Ltd.",,unmatched,0.0
Advantest Corporation,,unmatched,0.0
ADVA Optical Networking SE,,unmatched,0.0
"Advent Technologies Holdings, Inc.",AENT,fuzzy,80.0
"Adverum Biotechnologies, Inc.",,unmatched,0.0
ADvTECH Limited,,unmatched,0.0
Adyen N.V.,,unmatched,0.0
AECI Ltd,ACI,fuzzy,85.71428571428572
AECOM,ECOM,fuzzy,88.88888888888889
Aecon Group Inc.,ACON,fuzzy,88.88888888888889
Aegean Airlines S.A.,,unmatched,0.0
Aegis Logistics Limited,,unmatched,0.0
Aegon N.V.,,unmatched,0.0
Aehr Test Systems,,unmatched,0.0
"Aemetis, Inc.",,unmatched,0.0
"Aena S.M.E., S.A.",,unmatched,0.0
Aenza S.A.A.,,unmatched,0.0
"Aeon Co., Ltd.",AEON,exact,100.0
"AEON Mall Co., Ltd.",,unmatched,0.0
AerCap Holdings N.V.,,unmatched,0.0
Aeris Indústria e Comércio de Equipamentos para Geração de Energia S.A.,,unmatched,0.0
Aeris Resources Limited,,unmatched,0.0
Aeroports de Paris SA,,unmatched,0.0
"AeroVironment, Inc.",,unmatched,0.0
AerSale Corporation,,unmatched,0.0
Aesthetic Medical International Holdings Group Limited,,unmatched,0.0
AES Brasil Energia S.A.,,unmatched,0.0
"Aethlon Medical, Inc.",,unmatched,0.0
"Aeva Technologies, Inc.",AEVA,exact,100.0
Aevis Victoria SA,,unmatched,0.0
"AEye, Inc.",AEYE,exact,100.0
"AFC Gamma, Inc.",,unmatched,0.0
"Affiliated Managers Group, Inc.",,unmatched,0.0
Affimed N.V.,,unmatched,0.0
"Affirm Holdings, Inc.",AFRM,fuzzy,80.0
Affle (India) Limited,,unmatched,0.0
Aflac Incorporated,AFAC,fuzzy,88.88888888888889
"AfreecaTV Co., Ltd.",,unmatched,0.0
African Rainbow Minerals Limited,,unmatched,0.0
Afry AB,,unmatched,0.0
AFT Pharmaceuticals Limited,,unmatched,0.0
Afya Limited,AFAC,fuzzy,75.0
AGCO Corporation,AGCO,exact,100.0
AGC Inc.,AGC,exact,100.0
"AgEagle Aerial Systems, Inc.",,unmatched,0.0
ageas SA NV,AES,fuzzy,75.0
Agenus Inc.,AGEN,fuzzy,80.0
Agfa-Gevaert NV,,unmatched,0.0
AGF Management Limited,,unmatched,0.0
"Agilent Technologies, Inc.",,unmatched,0.0
"Agile Therapeutics, Inc.",,unmatched,0.0
Agility Public Warehousing Company K.S.C.P.,,unmatched,0.0
Agillic A S,,unmatched,0.0
"agilon health, inc.",,unmatched,0.0
"Agilysys, Inc.",,unmatched,0.0
Agilyx AS,,unmatched,0.0
"Agios Pharmaceuticals, Inc.",,unmatched,0.0
AGL Energy Limited,,unmatched,0.0
AGNC Investment Corp.,,unmatched,0.0
Agnico Eagle Mines Limited,,unmatched,0.0
"Agora, Inc.",AGR,fuzzy,75.0
Agora S.A.,AGR,fuzzy,75.0
AGRANA Beteiligungs-Aktiengesellschaft,,unmatched,0.0
Agree Realty Corporation,,unmatched,0.0
Agrify Corporation,AGFY,fuzzy,80.0
Agthia Group PJSC,,unmatched,0.0
Aguas Andinas S.A.,,unmatched,0.0
AG Anadolu Grubu Holding A.S.,,unmatched,0.0
Ag Growth International Inc.,,unmatched,0.0
"AG Mortgage Investment Trust, Inc.",,unmatched,0.0
Ahli Bank Q.P.S.C.,,unmatched,0.0
Ahluwalia Contracts (India) Limited,,unmatched,0.0
AIA Engineering Limited,,unmatched,0.0
AIA Group Limited,GAIA,fuzzy,85.71428571428572
AIB Group plc,AIB,exact,100.0
AiHuiShou International Co. Ltd.,,unmatched,0.0
Aimia Inc.,AIMAW,fuzzy,80.0
Ainsworth Game Technology Limited,,unmatched,0.0
"Airbnb, Inc.",ABNB,fuzzy,80.0
AirBoss of America Corp.,,unmatched,0.0
Airbus SE,ABUS,fuzzy,80.0
"Airgain, Inc.",,unmatched,0.0
"AirSculpt Technologies, Inc.",,unmatched,0.0
Airtel Africa Plc,,unmatched,0.0
Air Canada,,unmatched,0.0
Air France-KLM SA,,unmatched,0.0
Air Industries Group,,unmatched,0.0
Air Lease Corporation,,unmatched,0.0
Air New Zealand Limited,,unmatched,0.0
"Air Products and Chemicals, Inc.",,unmatched,0.0
"Air Transport Services Group, Inc.",,unmatched,0.0
AIXTRON SE,,unmatched,0.0
"Ajinomoto Co., Inc.",,unmatched,0.0
AJ Bell plc,,unmatched,0.0
"Akamai Technologies, Inc.",AAMI,fuzzy,80.0
Akastor ASA,,unmatched,0.0
Akbank T.A.S.,,unmatched,0.0
"Akebia Therapeutics, Inc.",,unmatched,0.0
Aker ASA,,unmatched,0.0
Aker BioMarine AS,,unmatched,0.0
Aker BP ASA,,unmatched,0.0
Aker Carbon Capture AS,,unmatched,0.0
Aker Carbon Capture ASA,,unmatched,0.0
Aker Solutions ASA,,unmatched,0.0
"Akoustis Technologies, Inc.",,unmatched,0.0
"Akoya Biosciences, Inc.",,unmatched,0.0
Aksigorta A.S.,,unmatched,0.0
Aktia Pankki Oyj,,unmatched,0.0
Aktieselskabet Schouw & Co.,,unmatched,0.0
AKVA Group ASA,,unmatched,0.0
Akzo Nobel N.V.,,unmatched,0.0
Alamos Gold Inc.,,unmatched,0.0
Alamo Group Inc.,AAM,fuzzy,75.0
Alaris Equity Partners Income Trust,,unmatched,0.0
"Alarm.com Holdings, Inc.",,unmatched,0.0
"Alaska Air Group, Inc.",,unmatched,0.0
Albany International Corp.,,unmatched,0.0
Albaraka Türk Katilim Bankasi A.S.,,unmatched,0.0
Albemarle Corporation,,unmatched,0.0
"Albertsons Companies, Inc.",,unmatched,0.0
"Alchip Technologies, Limited",,unmatched,0.0
Alcidion Group Limited,,unmatched,0.0
Alcoa Corporation,ALCO,fuzzy,88.88888888888889
Alcon Inc.,ACON,fuzzy,88.88888888888889
Aldar Properties PJSC,,unmatched,0.0
"Aldeyra Therapeutics, Inc.",,unmatched,0.0
ALD S.A.,ALDF,fuzzy,85.71428571428572
Alembic Pharmaceuticals Limited,,unmatched,0.0
Alerus Financial Corporation,,unmatched,0.0
"Alexander & Baldwin, Inc.",,unmatched,0.0
Alexander Forbes Group Holdings Limited,,unmatched,0.0
"Alexandria Real Estate Equities, Inc.",,unmatched,0.0
Alexium International Group Limited,,unmatched,0.0
"Alfa, S.A.B. de C.V.",,unmatched,0.0
"Alfa, S. A. B. de C. V.",,unmatched,0.0
Alfa Financial Software Holdings PLC,,unmatched,0.0
Alfa Laval AB (publ),,unmatched,0.0
Alfen N.V.,,unmatched,0.0
Algoma Steel Group Inc.,,unmatched,0.0
Algoma Steel Inc.,,unmatched,0.0
Algonquin Power & Utilities Corp.,,unmatched,0.0
Aliansce Sonae Shopping Centers SA,,unmatched,0.0
Alibaba Group Holding Limited,,unmatched,0.0
"Alico, Inc.",ALCO,fuzzy,88.88888888888889
Alicon Castalloy Limited,,unmatched,0.0
Alicorp S.A.A.,,unmatched,0.0
"Alight, Inc.",ALGT,fuzzy,80.0
"Alignment Healthcare, Inc.",,unmatched,0.0
"Align Technology, Inc.",ALGN,fuzzy,88.88888888888889
Alimak Group AB (publ),,unmatched,0.0
Alimentation Couche-Tard Inc.,,unmatched,0.0
"Alimera Sciences, Inc.",,unmatched,0.0
Alior Bank S.A.,,unmatched,0.0
Alithya Group Inc.,,unmatched,0.0
ALK-Abelló A S,,unmatched,0.0
"Alkami Technology, Inc.",AAMI,fuzzy,80.0
Alkem Laboratories Limited,,unmatched,0.0
Alkermes plc,,unmatched,0.0
Alkyl Amines Chemicals Limited,,unmatched,0.0
"Allbirds, Inc.",,unmatched,0.0
Allcargo Logistics Limited,,unmatched,0.0
Allegheny Technologies Incorporated,,unmatched,0.0
"Allegiance Bancshares, Inc.",,unmatched,0.0
Allegiant Travel Company,,unmatched,0.0
Allegion plc,,unmatched,0.0
Allegro.eu SA,,unmatched,0.0
"Allegro MicroSystems, Inc.",,unmatched,0.0
Allergy Therapeutics plc,,unmatched,0.0
"ALLETE, Inc.",,unmatched,0.0
Allfunds Group plc,,unmatched,0.0
"AllianceBernstein Holding L.P., AllianceBernstein L.P.",,unmatched,0.0
AllianceBernstein Holding L.P.,,unmatched,0.0
Alliance Data Systems Corporation,,unmatched,0.0
Alliance Pharma plc,,unmatched,0.0
"Alliance Resource Partners, L.P.",,unmatched,0.0
Alliant Energy Corporation,,unmatched,0.0
Allianz SE,,unmatched,0.0
Allied Esports Entertainment Inc.,,unmatched,0.0
Allied Motion Technologies Inc.,,unmatched,0.0
Allied Properties Real Estate Investment Trust,,unmatched,0.0
Alligator Bioscience AB (publ),,unmatched,0.0
"Allison Transmission Holdings, Inc.",,unmatched,0.0
"Allogene Therapeutics, Inc.",,unmatched,0.0
Allot Ltd.,ALLO,fuzzy,88.88888888888889
"Allscripts Healthcare Solutions, Inc.",,unmatched,0.0
Allsec Technologies Limited,ALEC,fuzzy,80.0
Ally Financial Inc.,,unmatched,0.0
Alm. Brand A S,,unmatched,0.0
Almacenes Éxito S.A.,,unmatched,0.0
Almarai Company,,unmatched,0.0
Alma Media Oyj,,unmatched,0.0
"Almirall, S.A.",,unmatched,0.0
"Alnylam Pharmaceuticals, Inc.",,unmatched,0.0
Alpargatas S.A.,,unmatched,0.0
"ALPEK, S.A.B. de C.V.",,unmatched,0.0
Alphabet Inc.,GOOGL,known,100.0
"Alphatec Holdings, Inc.",GOOGL,fuzzy,75.0
Alphawave IP Group plc,,unmatched,0.0
Alpha and Omega Semiconductor Limited,,unmatched,0.0
Alpha Bank A.E.,,unmatched,0.0
"Alpha Metallurgical Resources, Inc.",,unmatched,0.0
Alpha Services and Holdings S.A.,,unmatched,0.0
"Alpine Income Property Trust, Inc.",,unmatched,0.0
"Alsea, S.A.B. de C.V.",,unmatched,0.0
Alstom SA,ALTO,fuzzy,80.0
alstria office REIT-AG,,unmatched,0.0
ALS Limited,ACLS,fuzzy,85.71428571428572
AltaGas Ltd.,,unmatched,0.0
Altair Engineering Inc.,,unmatched,0.0
Alta Equipment Group Inc.,,unmatched,0.0
Alten S.A.,ATEN,fuzzy,88.88888888888889
Alterity Therapeutics Limited,,unmatched,0.0
Altia Oyj,,unmatched,0.0
"Altice USA, Inc.",,unmatched,0.0
"Altigen Communications, Inc.",,unmatched,0.0
"Altimmune, Inc.",,unmatched,0.0
Altisource Portfolio Solutions S.A.,,unmatched,0.0
Altium Limited,ALIM,fuzzy,80.0
Altius Minerals Corporation,,unmatched,0.0
Altius Renewable Royalties Corp.,,unmatched,0.0
"Alto Ingredients, Inc.",,unmatched,0.0
"Altria Group, Inc.",ALTA,fuzzy,80.0
Altus Group Limited,ALTS,fuzzy,88.88888888888889
Alumina Limited,,unmatched,0.0
Aluminium Bahrain B.S.C.,,unmatched,0.0
Alupar Investimento S.A.,,unmatched,0.0
Alvopetro Energy Ltd.,,unmatched,0.0
AlzChem Group AG,,unmatched,0.0
"Amadeus IT Group, S.A.",,unmatched,0.0
AMAG Austria Metall AG,,unmatched,0.0
Amalgamated Bank,,unmatched,0.0
Amalgamated Financial Corp.,,unmatched,0.0
Amarin Corporation plc,AAIN,fuzzy,80.0
"Amazon.com, Inc.",AMZN,fuzzy,75.0
AMA Group Limited,ADMA,fuzzy,85.71428571428572
"Ambac Financial Group, Inc.",,unmatched,0.0
"Ambarella, Inc.",,unmatched,0.0
Ambea AB (publ),,unmatched,0.0
Amber Enterprises India Limited,,unmatched,0.0
Ambev S.A.,AME,fuzzy,75.0
Ambuja Cements Limited,,unmatched,0.0
Ambu A S,,unmatched,0.0
Amcor plc,ACOR,fuzzy,88.88888888888889
"AMC Entertainment Holdings, Inc.",,unmatched,0.0
AMC Networks Inc.,,unmatched,0.0
Amdocs Limited,ADOC,fuzzy,80.0
"Amedisys, Inc.",,unmatched,0.0
"AmeraMex International, Inc.",,unmatched,0.0
Amerant Bancorp Inc.,,unmatched,0.0
AMERCO,AERC,fuzzy,80.0
Ameren Corporation,AREN,fuzzy,80.0
"Ameresco, Inc.",,unmatched,0.0
"America's Car-Mart, Inc.",,unmatched,0.0
Americanas S.A.,,unmatched,0.0
American Airlines Group Inc.,,unmatched,0.0
"American Assets Trust, Inc.",,unmatched,0.0
"American Axle & Manufacturing Holdings, Inc.",,unmatched,0.0
"American Eagle Outfitters, Inc.",,unmatched,0.0
"American Electric Power Company, Inc.",,unmatched,0.0
American Express Company,,unmatched,0.0
"American Financial Group, Inc.",,unmatched,0.0
American Homes 4 Rent,,unmatched,0.0
American Hotel Income Properties REIT LP,,unmatched,0.0
"American International Group, Inc.",,unmatched,0.0
"American Outdoor Brands, Inc.",,unmatched,0.0
"American Public Education, Inc.",,unmatched,0.0
American Shared Hospital Services,,unmatched,0.0
"American Software, Inc.",,unmatched,0.0
American States Water Company,,unmatched,0.0
American Superconductor Corporation,,unmatched,0.0
American Tower Corporation (REIT),,unmatched,0.0
American Vanguard Corporation,,unmatched,0.0
"American Water Works Company, Inc.",,unmatched,0.0
American Well Corporation,,unmatched,0.0
American Woodmark Corporation,,unmatched,0.0
"America First Multifamily Investors, L.P.",,unmatched,0.0
Americold Realty Trust,,unmatched,0.0
Amerigo Resources Ltd.,,unmatched,0.0
"Ameriprise Financial, Inc.",,unmatched,0.0
"AMERISAFE, Inc.",,unmatched,0.0
AmerisourceBergen Corporation,,unmatched,0.0
Ameris Bancorp,,unmatched,0.0
"AMETEK, Inc.",,unmatched,0.0
"América Móvil, S.A.B. de C.V.",,unmatched,0.0
Amgen Inc.,AGEN,fuzzy,88.88888888888889
AMG Advanced Metallurgical Group N.V.,,unmatched,0.0
"Amicus Therapeutics, Inc.",,unmatched,0.0
Amigo Holdings PLC,AIG,fuzzy,75.0
"Amkor Technology, Inc.",AMKR,fuzzy,88.88888888888889
"AMMO, Inc.",AMAM,fuzzy,75.0
"Amneal Pharmaceuticals, Inc.",,unmatched,0.0
"AMN Healthcare Services, Inc.",,unmatched,0.0
Ampco-Pittsburgh Corporation,,unmatched,0.0
"Amphastar Pharmaceuticals, Inc.",,unmatched,0.0
Amphenol Corporation,,unmatched,0.0
"Ampio Pharmaceuticals, Inc.",,unmatched,0.0
Amplifon S.p.A.,,unmatched,0.0
Amplify Energy Corp.,,unmatched,0.0
"Amplitude, Inc.",,unmatched,0.0
Ampol Limited,AMPL,fuzzy,88.88888888888889
AMP Limited,AMP,exact,100.0
AmRest Holdings SE,AMRS,fuzzy,80.0
ams AG,AMS,exact,100.0
"Amtech Systems, Inc.",,unmatched,0.0
Amundi SA,,unmatched,0.0
Anadolu Anonim Türk Sigorta Sirketi,,unmatched,0.0
Anadolu Efes Biracilik ve Malt Sanayii Anonim Sirketi,,unmatched,0.0
Anaergia Inc.,,unmatched,0.0
Analogue Holdings Limited,,unmatched,0.0
"Analog Devices, Inc.",,unmatched,0.0
Anavex Life Sciences Corp.,,unmatched,0.0
Andean Precious Metals Corp.,,unmatched,0.0
Andlauer Healthcare Group Inc.,,unmatched,0.0
Andrew Peller Limited,,unmatched,0.0
Andritz AG,,unmatched,0.0
Anexo Group Plc,AEO,fuzzy,75.0
"AngioDynamics, Inc.",,unmatched,0.0
"ANGI Homeservices Inc., IAC InterActiveCorp",,unmatched,0.0
"Angi Inc., IAC InterActiveCorp",,unmatched,0.0
ANGLE plc,AGLE,fuzzy,88.88888888888889
AngloGold Ashanti Limited,,unmatched,0.0
Anglo American Platinum Limited,,unmatched,0.0
Anglo American plc,BAC,fuzzy,75.86206896551724
Anglo Pacific Group plc,,unmatched,0.0
Anheuser-Busch InBev SA NV,,unmatched,0.0
"Anika Therapeutics, Inc.",,unmatched,0.0
Animalcare Group plc,,unmatched,0.0
Anima Holding S.A.,AIMAW,fuzzy,80.0
Anima Holding S.p.A.,,unmatched,0.0
"ANI Pharmaceuticals, Inc.",,unmatched,0.0
"Annaly Capital Management, Inc.",,unmatched,0.0
Anora Group Oyj,,unmatched,0.0
Ansell Limited,,unmatched,0.0
"ANSYS, Inc.",ANSS,fuzzy,88.88888888888889
ANTA Sports Products Limited,,unmatched,0.0
Antelope Enterprise Holdings Limited,,unmatched,0.0
Anterix Inc.,,unmatched,0.0
Antero Midstream Corporation,,unmatched,0.0
Antero Resources Corporation,,unmatched,0.0
"Anthem, Inc.",ANTH,fuzzy,80.0
Antofagasta plc,,unmatched,0.0
Antony Waste Handling Cell Limited,,unmatched,0.0
Aon plc,AAON,fuzzy,85.71428571428572
Aon Plc,AAON,fuzzy,85.71428571428572
"Aozora Bank, Ltd.",,unmatched,0.0
AO World plc,,unmatched,0.0
Apache Corporation,APAC,fuzzy,80.0
Apartment Income REIT Corp.,,unmatched,0.0
Apar Industries Limited,,unmatched,0.0
Apax Global Alpha Limited,,unmatched,0.0
APA Corporation,APA,exact,100.0
APA Group,APA,exact,100.0
Apcotex Industries Limited,,unmatched,0.0
"Apellis Pharmaceuticals, Inc.",,unmatched,0.0
Aperam S.A.,APAM,fuzzy,80.0
Apex Frozen Foods Limited,,unmatched,0.0
Aphria Inc.,,unmatched,0.0
Apiam Animal Health Limited,,unmatched,0.0
APi Group Corporation,AHPI,fuzzy,85.71428571428572
APL Apollo Tubes Limited,,unmatched,0.0
"Apogee Enterprises, Inc.",,unmatched,0.0
"Apollo Commercial Real Estate Finance, Inc.",,unmatched,0.0
"Apollo Global Management, Inc.",,unmatched,0.0
Apollo Hospitals Enterprise Limited,,unmatched,0.0
Apollo Investment Corporation,,unmatched,0.0
"Apollo Medical Holdings, Inc.",,unmatched,0.0
Apollo Pipes Limited,,unmatched,0.0
Apollo Tyres Limited,,unmatched,0.0
Appen Limited,APEN,fuzzy,88.88888888888889
"AppFolio, Inc.",,unmatched,0.0
Appian Corporation,APPN,fuzzy,80.0
"Apple Hospitality REIT, Inc.",,unmatched,0.0
Apple Inc.,AAPL,known,100.0
"Applied DNA Sciences, Inc.",,unmatched,0.0
"Applied Industrial Technologies, Inc.",,unmatched,0.0
"Applied Materials, Inc.",,unmatched,0.0
"Applied Optoelectronics, Inc.",,unmatched,0.0
AppLovin Corporation,,unmatched,0.0
"Applus Services, S.A.",,unmatched,0.0
"AptarGroup, Inc.",,unmatched,0.0
Aptiv PLC,AIV,fuzzy,75.0
Aptose Biosciences Inc.,,unmatched,0.0
Aptus Value Housing Finance India Limited,,unmatched,0.0
Apyx Medical Corporation,,unmatched,0.0
Aquafil S.p.A.,,unmatched,0.0
AqualisBraemar LOC ASA,,unmatched,0.0
"Aqua Metals, Inc.",,unmatched,0.0
"Aquestive Therapeutics, Inc.",,unmatched,0.0
Aquis Exchange PLC,,unmatched,0.0
AQ Group AB (publ),,unmatched,0.0
Aramark,,unmatched,0.0
"Arbor Realty Trust, Inc.",,unmatched,0.0
Arbutus Biopharma Corporation,,unmatched,0.0
"Arcadia Biosciences, Inc.",,unmatched,0.0
Arcadis NV,,unmatched,0.0
"Arca Continental, S.A.B. de C.V.",,unmatched,0.0
ArcBest Corporation,,unmatched,0.0
ArcelorMittal,,unmatched,0.0
ArcelorMittal South Africa Ltd,,unmatched,0.0
Archer-Daniels-Midland Company,,unmatched,0.0
Archer Limited,ACER,fuzzy,80.0
"Archrock, Inc.",,unmatched,0.0
Arch Capital Group Ltd.,,unmatched,0.0
"Arch Resources, Inc.",,unmatched,0.0
"Arcimoto, Inc.",,unmatched,0.0
"Arcosa, Inc.",,unmatched,0.0
Arcos Dorados Holdings Inc.,,unmatched,0.0
ArcticZymes Technologies ASA,,unmatched,0.0
Arcturus Therapeutics Holdings Inc.,,unmatched,0.0
"Arcus Biosciences, Inc.",,unmatched,0.0
"ARC Document Solutions, Inc.",,unmatched,0.0
ARC Resources Ltd.,,unmatched,0.0
Arçelik Anonim Sirketi,,unmatched,0.0
Ardagh Metal Packaging S.A.,,unmatched,0.0
Ardent Leisure Group Limited,,unmatched,0.0
Ardmore Shipping Corporation,,unmatched,0.0
Arecor Therapeutics plc,,unmatched,0.0
Arena REIT,,unmatched,0.0
Ares Capital Corporation,,unmatched,0.0
Ares Commercial Real Estate Corporation,,unmatched,0.0
Ares Management Corporation,,unmatched,0.0
Arezzo Indústria e Comércio S.A.,,unmatched,0.0
argenx SE,AGEN,fuzzy,80.0
Argonaut Gold Inc.,,unmatched,0.0
Argosy Property Limited,,unmatched,0.0
"Arhaus, Inc.",ARHS,fuzzy,80.0
Ariana Resources plc,,unmatched,0.0
Arihant Superstructures Limited,,unmatched,0.0
Arion banki hf.,,unmatched,0.0
Arise AB (publ),,unmatched,0.0
"Arista Networks, Inc.",,unmatched,0.0
Aristocrat Leisure Limited,,unmatched,0.0
Aritzia Inc.,,unmatched,0.0
Arjo AB (publ),,unmatched,0.0
Arkema S.A.,,unmatched,0.0
Arko Corp.,ARKO,exact,100.0
Ark Restaurants Corp.,,unmatched,0.0
"Arlo Technologies, Inc.",ARLO,exact,100.0
"Armada Hoffler Properties, Inc.",,unmatched,0.0
Arman Financial Services Limited,,unmatched,0.0
"ARMOUR Residential REIT, Inc.",,unmatched,0.0
"Armstrong Flooring, Inc.",,unmatched,0.0
"Armstrong World Industries, Inc.",,unmatched,0.0
Aro Granite Industries Limited,,unmatched,0.0
"Array Technologies, Inc.",ARAY,fuzzy,88.88888888888889
Arrival,,unmatched,0.0
"Arrowhead Pharmaceuticals, Inc.",,unmatched,0.0
"Arrow Electronics, Inc.",,unmatched,0.0
"Arteris, Inc.",,unmatched,0.0
Arthur J. Gallagher & Co.,,unmatched,0.0
Artificial Solutions International AB (publ),,unmatched,0.0
Artisan Partners Asset Management Inc.,,unmatched,0.0
Artis Real Estate Investment Trust,,unmatched,0.0
Arvida Group Limited,AVID,fuzzy,80.0
Arvind Fashions Limited,,unmatched,0.0
Arvind Limited,ARVN,fuzzy,80.0
Arvind SmartSpaces Limited,,unmatched,0.0
ARYZTA AG,AZTA,fuzzy,80.0
Asahi Kasei Corporation,,unmatched,0.0
"Asana, Inc.",ASAN,fuzzy,88.88888888888889
ASA International Group PLC,,unmatched,0.0
"Asbury Automotive Group, Inc.",,unmatched,0.0
Ascelia Pharma AB (publ),,unmatched,0.0
Ascendas India Trust,,unmatched,0.0
Ascendas Real Estate Investment Trust,,unmatched,0.0
Ascendis Health Limited,,unmatched,0.0
Ascendis Pharma A S,,unmatched,0.0
"Ascend Wellness Holdings, Inc.",,unmatched,0.0
Ascential plc,,unmatched,0.0
Ascom Holding AG,ACM,fuzzy,75.0
Ascopiave S.p.A.,,unmatched,0.0
"Asensus Surgical, Inc.",,unmatched,0.0
Asetek A S,,unmatched,0.0
"ASE Technology Holding Co., Ltd.",AESE,fuzzy,85.71428571428572
ASGN Incorporated,ASGN,exact,100.0
"Ashford Hospitality Trust, Inc.",,unmatched,0.0
Ashford Inc.,,unmatched,0.0
Ashiana Housing Limited,,unmatched,0.0
Ashland Global Holdings Inc.,,unmatched,0.0
Ashmore Group PLC,,unmatched,0.0
Ashoka Buildcon Limited,,unmatched,0.0
Ashok Leyland Limited,,unmatched,0.0
Ashtead Group plc,,unmatched,0.0
Asian Granito India Limited,,unmatched,0.0
Asian Paints Limited,,unmatched,0.0
Asmallworld AG,,unmatched,0.0
ASML Holding N.V.,,unmatched,0.0
ASM International NV,,unmatched,0.0
ASM Pacific Technology Limited,,unmatched,0.0
ASOS Plc,AOS,fuzzy,85.71428571428572
"Aspen Aerogels, Inc.",,unmatched,0.0
"Aspen Group, Inc.",APEN,fuzzy,88.88888888888889
Aspen Pharmacare Holdings Limited,,unmatched,0.0
Aspira Women's Health Inc.,,unmatched,0.0
ASR Nederland N.V.,,unmatched,0.0
ASSA ABLOY AB (publ),,unmatched,0.0
Asseco Poland S.A.,,unmatched,0.0
"Assertio Holdings, Inc.",,unmatched,0.0
"AssetMark Financial Holdings, Inc.",,unmatched,0.0
Asset Plus Limited,,unmatched,0.0
Assicurazioni Generali S.p.A.,,unmatched,0.0
Associated Banc-Corp,,unmatched,0.0
Associated British Foods plc,,unmatched,0.0
"Assurant, Inc.",,unmatched,0.0
Assura Plc,ASUR,fuzzy,80.0
Assured Guaranty Ltd.,,unmatched,0.0
Assure Holdings Corp.,ASUR,fuzzy,80.0
ASTARTA Holding N.V.,,unmatched,0.0
"Astec Industries, Inc.",,unmatched,0.0
Astellas Pharma Inc.,,unmatched,0.0
Aster DM Healthcare Limited,,unmatched,0.0
Aston Martin Lagonda Global Holdings plc,,unmatched,0.0
Astral Limited,ASTR,fuzzy,80.0
Astral Poly Technik Limited,,unmatched,0.0
AstraZeneca PLC,,unmatched,0.0
Astra Microwave Products Limited,,unmatched,0.0
"Astria Therapeutics, Inc.",,unmatched,0.0
Astronics Corporation,,unmatched,0.0
"AstroNova, Inc.",,unmatched,0.0
"AST SpaceMobile, Inc.",,unmatched,0.0
"Asure Software, Inc.",,unmatched,0.0
ASUSTeK Computer Inc.,,unmatched,0.0
ASX Limited,ASAX,fuzzy,85.71428571428572
AS Tallink Grupp,,unmatched,0.0
AS Tallinna Sadam,,unmatched,0.0
AS Tallinna Vesi,,unmatched,0.0
AT&T Inc.,T,known,100.0
Atacadão S.A.,,unmatched,0.0
Atai Life Sciences N.V.,,unmatched,0.0
Atalaya Mining Plc,,unmatched,0.0
"Atara Biotherapeutics, Inc.",,unmatched,0.0
ATA Creativity Global,,unmatched,0.0
Ateam Inc.,AAM,fuzzy,75.0
Atea ASA,,unmatched,0.0
"Atea Pharmaceuticals, Inc.",,unmatched,0.0
Atento S.A.,AENT,fuzzy,80.0
"Aterian, Inc.",,unmatched,0.0
"Athersys, Inc.",,unmatched,0.0
"ATI Physical Therapy, Inc.",,unmatched,0.0
Atkore Inc.,ATKR,fuzzy,80.0
Atkore International Group Inc.,,unmatched,0.0
Atlantica Sustainable Infrastructure plc,,unmatched,0.0
"Atlantic Capital Bancshares, Inc., South State Corporation",,unmatched,0.0
Atlantic Union Bankshares Corporation,,unmatched,0.0
Atlassian Corporation Plc,,unmatched,0.0
Atlas Arteria Limited,,unmatched,0.0
Atlas Copco AB,,unmatched,0.0
"Atlas Financial Holdings, Inc.",,unmatched,0.0
Atmos Energy Corporation,,unmatched,0.0
"ATN International, Inc.",HON,fuzzy,75.0
Atomera Incorporated,,unmatched,0.0
Atos SE,ATOS,exact,100.0
"Atresmedia Corporación de Medios de Comunicación, S.A.",,unmatched,0.0
"AtriCure, Inc.",,unmatched,0.0
Atrium Ljungberg AB (publ),,unmatched,0.0
Atrium Mortgage Investment Corporation,,unmatched,0.0
ATS Automation Tooling Systems Inc.,,unmatched,0.0
Attacq Limited,ATAQ,fuzzy,80.0
Attendo AB (publ),,unmatched,0.0
Attica Bank S.A.,,unmatched,0.0
"aTyr Pharma, Inc.",,unmatched,0.0
AT & S Austria Technologie & Systemtechnik Aktiengesellschaft,,unmatched,0.0
AUB Group Limited,AUB,exact,100.0
Auckland International Airport Limited,,unmatched,0.0
Auction Technology Group plc,,unmatched,0.0
Auction Technology Group PLC,,unmatched,0.0
"Audacy, Inc.",ADAC,fuzzy,80.0
Audinate Group Limited,,unmatched,0.0
Audioboom Group plc,,unmatched,0.0
AudioCodes Ltd.,,unmatched,0.0
"AudioEye, Inc.",,unmatched,0.0
Auga Group AB,,unmatched,0.0
"Ault Global Holdings, Inc.",,unmatched,0.0
Aura Minerals Inc.,,unmatched,0.0
Aurelia Metals Limited,,unmatched,0.0
AURELIUS Equity Opportunities SE & Co. KGaA,,unmatched,0.0
Auriant Mining AB (publ),,unmatched,0.0
Aurinia Pharmaceuticals Inc.,,unmatched,0.0
Auris Medical Holding Ltd.,,unmatched,0.0
Aurizon Holdings Limited,,unmatched,0.0
Aurobindo Pharma Limited,,unmatched,0.0
Aurora Cannabis Inc.,,unmatched,0.0
Aurora Mobile Limited,,unmatched,0.0
Aurubis AG,,unmatched,0.0
Aurum PropTech Limited,,unmatched,0.0
Austal Limited,,unmatched,0.0
Austevoll Seafood ASA,,unmatched,0.0
Austin Engineering Limited,,unmatched,0.0
Australian Agricultural Company Limited,,unmatched,0.0
Australian Finance Group Limited,,unmatched,0.0
Australian Foundation Investment Company Limited,,unmatched,0.0
Australian Unity Office Fund,,unmatched,0.0
Australian Vintage Ltd,,unmatched,0.0
Australia and New Zealand Banking Group Limited,,unmatched,0.0
Australis Capital Inc.,,unmatched,0.0
Auswide Bank Ltd,,unmatched,0.0
AUTO1 Group SE,AUTO,fuzzy,88.88888888888889
AutoCanada Inc.,,unmatched,0.0
"Autodesk, Inc.",,unmatched,0.0
Autohome Inc.,,unmatched,0.0
"Autoliv, Inc.",,unmatched,0.0
Autolus Therapeutics plc,,unmatched,0.0
"Automatic Data Processing, Inc.",,unmatched,0.0
Automotive Axles Limited,,unmatched,0.0
Automotive Properties Real Estate Investment Trust,,unmatched,0.0
"AutoNation, Inc.",,unmatched,0.0
Autosports Group Limited,,unmatched,0.0
AutoStore Holdings Ltd.,,unmatched,0.0
"AutoZone, Inc.",,unmatched,0.0
Auto Trader Group plc,,unmatched,0.0
Auxly Cannabis Group Inc.,,unmatched,0.0
AU Optronics Corp.,,unmatched,0.0
AU Small Finance Bank Limited,,unmatched,0.0
Avacta Group Plc,AACT,fuzzy,80.0
Avadel Pharmaceuticals plc,,unmatched,0.0
"AvalonBay Communities, Inc.",,unmatched,0.0
Avance Gas Holding Ltd,,unmatched,0.0
"Avangrid, Inc.",,unmatched,0.0
"Avanos Medical, Inc.",,unmatched,0.0
Avante Logixx Inc.,,unmatched,0.0
Avanti Feeds Limited,,unmatched,0.0
"Avantor, Inc.",,unmatched,0.0
Avanza Bank Holding AB (publ),,unmatched,0.0
Avation PLC,,unmatched,0.0
Aveanna Healthcare Holdings Inc.,,unmatched,0.0
"AvePoint, Inc.",,unmatched,0.0
Avery Dennison Corporation,,unmatched,0.0
Avex Inc.,ADEX,fuzzy,75.0
"Aviat Networks, Inc.",,unmatched,0.0
"AvidXchange Holdings, Inc.",,unmatched,0.0
"Avid Bioservices, Inc.",,unmatched,0.0
Avient Corporation,AENT,fuzzy,80.0
"Avinger, Inc.",,unmatched,0.0
Avino Silver & Gold Mines Ltd.,,unmatched,0.0
Avio S.p.A.,,unmatched,0.0
Avista Corporation,AVTA,fuzzy,80.0
"Avis Budget Group, Inc.",,unmatched,0.0
Aviva plc,AIV,fuzzy,75.0
AVI Limited,ATVI,fuzzy,85.71428571428572
AVJennings Limited,,unmatched,0.0
"Avnet, Inc.",ANET,fuzzy,88.88888888888889
Avon Protection plc,,unmatched,0.0
Avon Rubber p.l.c.,,unmatched,0.0
"Aware, Inc.",AWRE,fuzzy,88.88888888888889
Awilco Drilling PLC,,unmatched,0.0
Axactor SE,,unmatched,0.0
Axalta Coating Systems Ltd.,,unmatched,0.0
AXA SA,AEXA,fuzzy,85.71428571428572
"Axcelis Technologies, Inc.",,unmatched,0.0
Axfood AB (publ),,unmatched,0.0
Axiata Group Berhad,,unmatched,0.0
Axis Bank Limited,,unmatched,0.0
AXIS Capital Holdings Limited,,unmatched,0.0
"AxoGen, Inc.",AGEN,fuzzy,80.0
"Axonics, Inc.",,unmatched,0.0
"Axonics Modulation Technologies, Inc.",,unmatched,0.0
"Axon Enterprise, Inc.",,unmatched,0.0
"Axos Financial, Inc.",,unmatched,0.0
"Axsome Therapeutics, Inc.",,unmatched,0.0
"AXT, Inc.",APXT,fuzzy,85.71428571428572
"Axtel, S.A.B. de C.V.",,unmatched,0.0
Axway Software SA,,unmatched,0.0
Ayala Corporation,AAL,fuzzy,75.0
AYM Syntex Limited,,unmatched,0.0
"Ayro, Inc.",AYRO,exact,100.0
Ayr Wellness Inc.,,unmatched,0.0
"Aytu Biopharma, Inc.",,unmatched,0.0
"Aytu BioScience, Inc.",,unmatched,0.0
Azelis Group NV,AEIS,fuzzy,80.0
Azimut Holding S.p.A.,,unmatched,0.0
"Aziyo Biologics, Inc.",,unmatched,0.0
Azrieli Group Ltd,,unmatched,0.0
Azul S.A.,ANZU,fuzzy,75.0
Azure Power Global Limited,,unmatched,0.0
AZZ Inc.,AZZ,exact,100.0
ÅF Pöyry AB (publ),,unmatched,0.0
"B&G Foods, Inc.",,unmatched,0.0
B&M European Value Retail S.A.,,unmatched,0.0
B&S Group S.A.,,unmatched,0.0
B.O.S. Better Online Solutions Ltd.,,unmatched,0.0
B.R.A.I.N. Biotechnology Research and Information Network AG,,unmatched,0.0
"B. Riley Financial, Inc.",,unmatched,0.0
B2Gold Corp.,BOLD,fuzzy,80.0
B2Holding ASA,,unmatched,0.0
B2W - Companhia Digital,,unmatched,0.0
"B3 S.A. - Brasil, Bolsa, Balcão",,unmatched,0.0
"Babcock & Wilcox Enterprises, Inc.",,unmatched,0.0
Babcock International Group PLC,,unmatched,0.0
Baby Bunting Group Limited,,unmatched,0.0
Bachem Holding AG,,unmatched,0.0
"Backblaze, Inc.",,unmatched,0.0
Bactiguard Holding AB (publ),,unmatched,0.0
Badger Daylighting Ltd.,,unmatched,0.0
Badger Infrastructure Solutions Ltd.,,unmatched,0.0
"Badger Meter, Inc.",,unmatched,0.0
BAE Systems plc,,unmatched,0.0
"Baidu, Inc.",,unmatched,0.0
"Bain Capital Specialty Finance, Inc.",,unmatched,0.0
Bajaj Auto Limited,,unmatched,0.0
Bajaj Consumer Care Limited,,unmatched,0.0
Bajaj Electricals Limited,,unmatched,0.0
Bajaj Finance Limited,,unmatched,0.0
Bajaj Finserv Limited,,unmatched,0.0
Bajaj Finserv Ltd.,,unmatched,0.0
Baker Hughes Company,,unmatched,0.0
Bakkavor Group plc,,unmatched,0.0
"Bakkt Holdings, Inc.",BKKT,fuzzy,88.88888888888889
Balaji Amines Limited,,unmatched,0.0
Balaji Telefilms Limited,,unmatched,0.0
Balchem Corporation,,unmatched,0.0
Balco Group AB,,unmatched,0.0
Balfour Beatty plc,,unmatched,0.0
Balkrishna Industries Limited,,unmatched,0.0
"Ballantyne Strong, Inc",,unmatched,0.0
Ballard Power Systems Inc.,,unmatched,0.0
Bally's Corporation,,unmatched,0.0
Ball Corporation,BALL,exact,100.0
Balrampur Chini Mills Limited,,unmatched,0.0
Balta Group NV,ALTA,fuzzy,88.88888888888889
Baltic Classifieds Group PLC,,unmatched,0.0
Baltic Horizon Fund,,unmatched,0.0
Balwin Properties Limited,,unmatched,0.0
Banca Farmafactoring S.p.A.,,unmatched,0.0
Banca Generali S.p.A.,,unmatched,0.0
Banca IFIS S.p.A.,,unmatched,0.0
Banca Mediolanum S.p.A.,,unmatched,0.0
Banca Monte dei Paschi di Siena S.p.A.,,unmatched,0.0
Banca Sistema S.p.A.,,unmatched,0.0
Banca Transilvania S.A.,,unmatched,0.0
Bancolombia S.A.,,unmatched,0.0
BancorpSouth Bank,,unmatched,0.0
Banco ABC Brasil S.A.,,unmatched,0.0
Banco BBVA Argentina S.A.,,unmatched,0.0
"Banco Bilbao Vizcaya Argentaria, S.A.",,unmatched,0.0
Banco Bilbao Vizcaya Argentaria Colombia S.A.,,unmatched,0.0
Banco BPM S.p.A.,,unmatched,0.0
Banco BPM Società per Azioni,,unmatched,0.0
Banco Bradesco S.A.,,unmatched,0.0
Banco BTG Pactual S.A.,,unmatched,0.0
"Banco Comercial Português, S.A.",,unmatched,0.0
Banco Davivienda S.A.,,unmatched,0.0
"Banco del Bajío, S.A., Institución de Banca Múltiple",,unmatched,0.0
Banco de Bogotá S.A.,,unmatched,0.0
Banco de Chile,,unmatched,0.0
Banco de Crédito e Inversiones,,unmatched,0.0
"Banco de Sabadell, S.A.",,unmatched,0.0
Banco do Brasil S.A.,,unmatched,0.0
Banco do Estado do Rio Grande do Sul S.A.,,unmatched,0.0
Banco Hipotecario S.A.,,unmatched,0.0
Banco Inter S.A.,,unmatched,0.0
"Banco Latinoamericano de Comercio Exterior, S.A",,unmatched,0.0
Banco Macro S.A.,,unmatched,0.0
Banco Pan S.A.,,unmatched,0.0
"Banco Santander, S.A.",,unmatched,0.0
Banco Santander-Chile,,unmatched,0.0
Banco Santander (Brasil) S.A.,,unmatched,0.0
Bandhan Bank Limited,,unmatched,0.0
Bandwidth Inc.,,unmatched,0.0
Bangchak Corporation Public Company Limited,,unmatched,0.0
Bangladesh Steel Re-Rolling Mills Limited,,unmatched,0.0
Bang & Olufsen a s,,unmatched,0.0
Bank7 Corp.,,unmatched,0.0
BankFinancial Corporation,,unmatched,0.0
"Bankinter, S.A.",,unmatched,0.0
"BankUnited, Inc.",,unmatched,0.0
Bank Handlowy w Warszawie S.A.,,unmatched,0.0
Bank Hapoalim B.M.,,unmatched,0.0
Bank Leumi le- Israel B.M.,,unmatched,0.0
Bank Millennium S.A.,,unmatched,0.0
Bank of America Corporation,BAC,known,100.0
Bank of Baroda,,unmatched,0.0
Bank of China Limited,,unmatched,0.0
"Bank of Communications Co., Ltd.",,unmatched,0.0
Bank of Cyprus Holdings Public Limited Company,,unmatched,0.0
Bank of Georgia Group PLC,,unmatched,0.0
Bank of Hawaii Corporation,,unmatched,0.0
Bank of India Limited,,unmatched,0.0
Bank of Ireland Group plc,,unmatched,0.0
Bank of Marin Bancorp,,unmatched,0.0
Bank of Montreal,,unmatched,0.0
Bank of Queensland Limited,,unmatched,0.0
Bank of the Philippine Islands,,unmatched,0.0
Bank OZK,,unmatched,0.0
Bank Polska Kasa Opieki S.A.,,unmatched,0.0
Bank Saint-Petersburg Public Joint-Stock Company,,unmatched,0.0
Banner Corporation,BAER,fuzzy,80.0
Banque Cantonale Vaudoise,,unmatched,0.0
Baozun Inc.,,unmatched,0.0
Bapcor Limited,ACOR,fuzzy,80.0
Barclays PLC,,unmatched,0.0
Barco NV,ARC,fuzzy,75.0
"Barfresh Food Group, Inc.",,unmatched,0.0
"Barings BDC, Inc.",,unmatched,0.0
Barloworld Limited,,unmatched,0.0
"Barnes & Noble Education, Inc.",,unmatched,0.0
Barnes Group Inc.,ARES,fuzzy,80.0
Barratt Developments plc,,unmatched,0.0
"Barrett Business Services, Inc.",,unmatched,0.0
Barrick Gold Corporation,,unmatched,0.0
Barry Callebaut AG,,unmatched,0.0
Barwa Real Estate Company Q.P.S.C.,,unmatched,0.0
Base Resources Limited,,unmatched,0.0
BASF SE,AMSF,fuzzy,75.0
Basic-Fit N.V.,,unmatched,0.0
Basilea Pharmaceutica AG,,unmatched,0.0
Basler Aktiengesellschaft,,unmatched,0.0
Battalion Oil Corporation,,unmatched,0.0
"Baudax Bio, Inc.",,unmatched,0.0
Bausch Health Companies Inc.,,unmatched,0.0
Bavarian Nordic A S,,unmatched,0.0
BAWAG Group AG,BWA,fuzzy,75.0
Baxter International Inc.,,unmatched,0.0
Bayerische Motoren Werke Aktiengesellschaft,,unmatched,0.0
Bayer Aktiengesellschaft,,unmatched,0.0
Baylin Technologies Inc.,BLIN,fuzzy,80.0
Baytex Energy Corp.,,unmatched,0.0
BayWa Aktiengesellschaft,,unmatched,0.0
Bâloise Holding AG,,unmatched,0.0
BBMG Corporation,BBGI,fuzzy,75.0
BB Seguridade Participações S.A.,,unmatched,0.0
BCE Inc.,BCEI,fuzzy,85.71428571428572
BCL Industries Limited,,unmatched,0.0
Beach Energy Limited,,unmatched,0.0
Beacon Lighting Group Limited,,unmatched,0.0
"Beacon Roofing Supply, Inc.",,unmatched,0.0
Beamtree Holdings Limited,,unmatched,0.0
Beam Global,,unmatched,0.0
"Beasley Broadcast Group, Inc.",,unmatched,0.0
"Beazer Homes USA, Inc.",,unmatched,0.0
Beazley plc,,unmatched,0.0
Bechtle AG,,unmatched,0.0
"Becle, S.A.B. de C.V.",,unmatched,0.0
"Becton, Dickinson and Company",,unmatched,0.0
Befesa S.A.,,unmatched,0.0
Bega Cheese Limited,,unmatched,0.0
Beiersdorf Aktiengesellschaft,,unmatched,0.0
Beijer Alma AB (publ),,unmatched,0.0
Beijer Electronics Group AB (publ),,unmatched,0.0
Beijer Ref AB (publ),,unmatched,0.0
Belden Inc.,BLDE,fuzzy,80.0
Believe Société anonyme,,unmatched,0.0
"BellRing Brands, Inc.",,unmatched,0.0
Bellway p.l.c.,,unmatched,0.0
Bel Fuse Inc.,,unmatched,0.0
"Benchmark Electronics, Inc.",,unmatched,0.0
Benchmark Holdings plc,,unmatched,0.0
Bendigo and Adelaide Bank Limited,,unmatched,0.0
"Bentley Systems, Incorporated",,unmatched,0.0
Berentzen-Gruppe Aktiengesellschaft,,unmatched,0.0
BerGenBio ASA,,unmatched,0.0
Berger Paints India Limited,,unmatched,0.0
"Berkshire Hills Bancorp, Inc.",,unmatched,0.0
Berry Corporation,BERY,fuzzy,88.88888888888889
"Berry Global Group, Inc.",,unmatched,0.0
"Best Buy Co., Inc.",,unmatched,0.0
BEST Inc.,BDST,fuzzy,75.0
Betsson AB,,unmatched,0.0
"Betterware de Mexico, S.A.B. de C.V.",,unmatched,0.0
Better Choice Company Inc.,,unmatched,0.0
Better Collective A S,,unmatched,0.0
BeyondSpring Inc.,,unmatched,0.0
"Beyond Air, Inc.",,unmatched,0.0
"Beyond Meat, Inc.",,unmatched,0.0
Bezeq The Israel Telecommunication Corp. Ltd,,unmatched,0.0
Bezeq The Israel Telecommunication Corporation Limited,,unmatched,0.0
BE Semiconductor Industries N.V.,,unmatched,0.0
"BGC Partners, Inc.",,unmatched,0.0
"BGSF, Inc.",BGSF,exact,100.0
Bharat Forge Limited,,unmatched,0.0
Bharat Heavy Electricals Limited,,unmatched,0.0
Bharat Petroleum Corporation Limited,,unmatched,0.0
Bharti Airtel Limited,,unmatched,0.0
BHG Group AB,,unmatched,0.0
BHG Group AB (publ),,unmatched,0.0
BHP Group,BH,fuzzy,80.0
Bid Corporation Limited,BIRD,fuzzy,85.71428571428572
"BigCommerce Holdings, Inc.",,unmatched,0.0
Bigtincan Holdings Limited,,unmatched,0.0
Big 5 Sporting Goods Corporation,,unmatched,0.0
"Big Lots, Inc.",,unmatched,0.0
Big River Industries Limited,,unmatched,0.0
Bilfinger SE,,unmatched,0.0
Bilia AB (publ),,unmatched,0.0
Bilibili Inc.,,unmatched,0.0
"Bill.com Holdings, Inc.",,unmatched,0.0
BillerudKorsnäs AB (publ),,unmatched,0.0
"Bimini Capital Management, Inc.",,unmatched,0.0
BIMobject AB,,unmatched,0.0
BIM Birlesik Magazalar A.S.,,unmatched,0.0
"BIO-key International, Inc.",,unmatched,0.0
"Bio-Path Holdings, Inc.",,unmatched,0.0
"Bio-Rad Laboratories, Inc.",,unmatched,0.0
Bio-Techne Corporation,,unmatched,0.0
BioArctic AB (publ),,unmatched,0.0
Biocartis Group NV,,unmatched,0.0
"Biocept, Inc.",,unmatched,0.0
Bioceres Crop Solutions Corp.,,unmatched,0.0
Biocon Limited,BIOC,fuzzy,80.0
"BioCryst Pharmaceuticals, Inc.",,unmatched,0.0
Biofrontera AG,,unmatched,0.0
BioGaia AB (publ),,unmatched,0.0
Biogen Inc.,OGEN,fuzzy,80.0
"BioHiTech Global, Inc.",,unmatched,0.0
BioInvent International AB (publ),,unmatched,0.0
"BIOLASE, Inc.",,unmatched,0.0
"BioLife Solutions, Inc.",,unmatched,0.0
BioLineRx Ltd.,,unmatched,0.0
BioMarin Pharmaceutical Inc.,,unmatched,0.0
bioMérieux S.A.,,unmatched,0.0
BiomX Inc.,BIO,fuzzy,75.0
"Bionano Genomics, Inc.",,unmatched,0.0
BioNTech SE,,unmatched,0.0
BioPorto A S,,unmatched,0.0
BioSyent Inc.,,unmatched,0.0
Biotest Aktiengesellschaft,,unmatched,0.0
"Biotricity, Inc.",,unmatched,0.0
Bioventus Inc.,,unmatched,0.0
Biovica International AB (publ),,unmatched,0.0
"BioXcel Therapeutics, Inc.",,unmatched,0.0
Bird Construction Inc.,,unmatched,0.0
"Bird Rides, Inc.",,unmatched,0.0
Birlasoft Limited,,unmatched,0.0
Bitfarms Ltd.,,unmatched,0.0
Bittium Oyj,,unmatched,0.0
Bizim Toptan Satis Magazalari A.S.,,unmatched,0.0
"BJ's Restaurants, Inc.",,unmatched,0.0
"BJ's Wholesale Club Holdings, Inc.",,unmatched,0.0
BKW AG,BK,fuzzy,80.0
BK Brasil Operação e Assessoria a Restaurantes S.A.,,unmatched,0.0
BK Technologies Corporation,BK,exact,100.0
"Blackbaud, Inc.",,unmatched,0.0
BlackBerry Limited,,unmatched,0.0
"BlackLine, Inc.",,unmatched,0.0
"BlackRock, Inc.",,unmatched,0.0
BlackRock TCP Capital Corp.,,unmatched,0.0
BlackSky Technology Inc.,,unmatched,0.0
Blackstone Inc.,,unmatched,0.0
"Blackstone Mortgage Trust, Inc.",,unmatched,0.0
Black Diamond Group Limited,,unmatched,0.0
Black Hills Corporation,,unmatched,0.0
"Black Stone Minerals, L.P.",,unmatched,0.0
"Blend Labs, Inc.",,unmatched,0.0
Blink Charging Co.,,unmatched,0.0
"Blonder Tongue Laboratories, Inc.",,unmatched,0.0
"Bloomin' Brands, Inc.",,unmatched,0.0
Bloomsbury Publishing Plc,,unmatched,0.0
Bloom Energy Corporation,,unmatched,0.0
BLS International Services Limited,,unmatched,0.0
"bluebird bio, Inc.",,unmatched,0.0
Bluefield Solar Income Fund Limited,,unmatched,0.0
BlueLinx Holdings Inc.,,unmatched,0.0
Blueprint Medicines Corporation,,unmatched,0.0
BlueScope Steel Limited,,unmatched,0.0
Blue Bird Corporation,,unmatched,0.0
Blue Foundry Bancorp,,unmatched,0.0
Blue Label Telecoms Limited,,unmatched,0.0
Blue Owl Capital Inc.,,unmatched,0.0
Blue Star Limited,,unmatched,0.0
BNP Paribas Bank Polska S.A.,,unmatched,0.0
BNP Paribas SA,,unmatched,0.0
Boardwalk Real Estate Investment Trust,,unmatched,0.0
Boart Longyear Limited,,unmatched,0.0
Bobst Group SA,BOBS,fuzzy,88.88888888888889
BOC Aviation Limited,,unmatched,0.0
BOC Hong Kong (Holdings) Limited,,unmatched,0.0
Bodal Chemicals Limited,,unmatched,0.0
Bodycote plc,,unmatched,0.0
Boise Cascade Company,,unmatched,0.0
BOK Financial Corporation,,unmatched,0.0
Boliden AB (publ),,unmatched,0.0
Bolsa de Valores de Colombia S.A.,,unmatched,0.0
"Bolsa Mexicana de Valores, S.A.B. de C.V.",,unmatched,0.0
Bombardier Inc.,,unmatched,0.0
"Bonanza Creek Energy, Inc.",,unmatched,0.0
Bonava AB (publ),,unmatched,0.0
Bonesupport Holding AB (publ),,unmatched,0.0
Bonheur ASA,,unmatched,0.0
boohoo group plc,,unmatched,0.0
Booking Holdings Inc.,BA,fuzzy,76.92307692307692
"Boot Barn Holdings, Inc.",,unmatched,0.0
Boozt AB (publ),,unmatched,0.0
Booz Allen Hamilton Holding Corporation,,unmatched,0.0
Boralex Inc.,,unmatched,0.0
BorgWarner Inc.,,unmatched,0.0
Borosil Renewables Limited,,unmatched,0.0
Borregaard ASA,,unmatched,0.0
Borr Drilling Limited,,unmatched,0.0
Bosch Limited,BOCH,fuzzy,88.88888888888889
"Boston Pizza International Inc., Boston Pizza Royalties Income Fund",,unmatched,0.0
"Boston Pizza Royalties Income Fund, Boston Pizza International Inc.",,unmatched,0.0
Boston Pizza Royalties Income Fund,,unmatched,0.0
"Boston Properties, Inc.",,unmatched,0.0
Boston Scientific Corporation,,unmatched,0.0
Boule Diagnostics AB (publ),,unmatched,0.0
Bouygues SA,,unmatched,0.0
"Box, Inc.",BOX,exact,100.0
Boxlight Corporation,,unmatched,0.0
Boyd Gaming Corporation,,unmatched,0.0
Boyd Group Services Inc.,,unmatched,0.0
BPER Banca S.p.A.,,unmatched,0.0
BPER Banca SpA,,unmatched,0.0
bpost SA NV,POST,fuzzy,88.88888888888889
BP p.l.c.,,unmatched,0.0
Brady Corporation,BRD,fuzzy,75.0
"Braemar Hotels & Resorts, Inc.",,unmatched,0.0
Braemar Shipping Services Plc,,unmatched,0.0
Bragg Gaming Group Inc.,,unmatched,0.0
Brainstorm Cell Therapeutics Inc.,,unmatched,0.0
BrainsWay Ltd.,,unmatched,0.0
Brainsway Ltd.,,unmatched,0.0
BRAIN Biotech AG,,unmatched,0.0
Brambles Limited,,unmatched,0.0
Brandywine Realty Trust,,unmatched,0.0
BrasilAgro - Companhia Brasileira de Propriedades Agrícolas,,unmatched,0.0
Brasil Brokers Participações S.A.,,unmatched,0.0
Braskem S.A.,,unmatched,0.0
Bravida Holding AB (publ),,unmatched,0.0
Bravura Solutions Limited,,unmatched,0.0
"Braze, Inc.",BRZE,fuzzy,88.88888888888889
Breedon Group plc,,unmatched,0.0
Brenntag SE,,unmatched,0.0
Breville Group Limited,,unmatched,0.0
BRF S.A.,BRFH,fuzzy,85.71428571428572
"Brickell Biotech, Inc.",,unmatched,0.0
"Brickworks Limited, Washington H. Soul Pattinson and Company Limited",,unmatched,0.0
"Bridgeline Digital, Inc.",,unmatched,0.0
Bridgemarq Real Estate Services Inc.,,unmatched,0.0
Bridgestone Corporation,,unmatched,0.0
Bridge Investment Group Holdings Inc.,,unmatched,0.0
Brigade Enterprises Limited,,unmatched,0.0
Brightcom Group Limited,,unmatched,0.0
Brightcove Inc.,,unmatched,0.0
"Brighthouse Financial, Inc.",,unmatched,0.0
BrightSphere Investment Group Inc.,,unmatched,0.0
"BrightSpire Capital, Inc.",,unmatched,0.0
"BrightView Holdings, Inc.",,unmatched,0.0
"Bright Health Group, Inc.",,unmatched,0.0
Bright Horizons Family Solutions Inc.,,unmatched,0.0
Bright Scholar Education Holdings Limited,,unmatched,0.0
"Brilliant Earth Group, Inc.",,unmatched,0.0
"Brinker International, Inc.",,unmatched,0.0
Bristol-Myers Squibb Company,,unmatched,0.0
Bristow Group Inc.,,unmatched,0.0
Britannia Industries Limited,,unmatched,0.0
British American Tobacco p.l.c.,,unmatched,0.0
British Land Company Plc,,unmatched,0.0
Britvic plc,,unmatched,0.0
Brixmor Property Group Inc.,,unmatched,0.0
Broadcom Inc.,AVGO,known,100.0
"Broadridge Financial Solutions, Inc.",,unmatched,0.0
"Broadstone Net Lease, Inc.",,unmatched,0.0
"Broadwind, Inc.",,unmatched,0.0
Brooge Energy Limited,,unmatched,0.0
Brookdale Senior Living Inc.,,unmatched,0.0
Brookfield Asset Management Inc.,,unmatched,0.0
Brookfield Business Partners L.P.,,unmatched,0.0
Brookfield Infrastructure Partners L.P.,,unmatched,0.0
Brookfield Renewable Partners L.P.,,unmatched,0.0
"Brookline Bancorp, Inc.",,unmatched,0.0
"Brooks Automation, Inc.",,unmatched,0.0
Brooks Macdonald Group plc,,unmatched,0.0
Brown-Forman Corporation,,unmatched,0.0
"Brown & Brown, Inc.",,unmatched,0.0
"BRP Group, Inc.",BRP,exact,100.0
BRP Inc.,BRP,exact,100.0
BRT Apartments Corp.,,unmatched,0.0
Bruker Corporation,BRKR,fuzzy,80.0
Brunello Cucinelli S.p.A.,,unmatched,0.0
Brunswick Corporation,,unmatched,0.0
BSA Limited,BSA,exact,100.0
BSE Limited,BASE,fuzzy,85.71428571428572
BSR Real Estate Investment Trust,,unmatched,0.0
BTB Real Estate Investment Trust,,unmatched,0.0
BTS Group AB (publ),,unmatched,0.0
BTS Group Holdings Public Company Limited,,unmatched,0.0
BT Group plc,ABT,fuzzy,80.0
Budweiser Brewing Company APAC Limited,,unmatched,0.0
Bufab AB (publ),,unmatched,0.0
"Build-A-Bear Workshop, Inc.",,unmatched,0.0
"Builders FirstSource, Inc.",,unmatched,0.0
Bulten AB (publ),,unmatched,0.0
Bumble Inc.,BMBL,fuzzy,80.0
Bumrungrad Hospital Public Company Limited,,unmatched,0.0
Bunge Limited,,unmatched,0.0
Bunzl plc,BNL,fuzzy,75.0
Burberry Group plc,,unmatched,0.0
Burckhardt Compression Holding AG,,unmatched,0.0
Bureau Veritas SA,,unmatched,0.0
Burford Capital Limited,,unmatched,0.0
"BurgerFi International, Inc.",,unmatched,0.0
"Burlington Stores, Inc.",,unmatched,0.0
Burning Rock Biotech Limited,,unmatched,0.0
Bursa de Valori Bucuresti SA,,unmatched,0.0
Bursa Malaysia Berhad,,unmatched,0.0
Bushveld Minerals Limited,,unmatched,0.0
Butler National Corporation,,unmatched,0.0
Butterfly Gandhimathi Appliances Limited,,unmatched,0.0
"Butterfly Network, Inc.",,unmatched,0.0
Buzzi Unicem S.p.A.,,unmatched,0.0
BWP Trust,,unmatched,0.0
"BWX Technologies, Inc.",BOWX,fuzzy,85.71428571428572
BW Energy Limited,,unmatched,0.0
BW LPG Limited,,unmatched,0.0
BW Offshore Limited,,unmatched,0.0
Byggmax Group AB (publ),,unmatched,0.0
"Byline Bancorp, Inc.",,unmatched,0.0
Byrna Technologies Inc.,BYRN,fuzzy,88.88888888888889
Bystronic AG,,unmatched,0.0
C&C Group plc,CC,fuzzy,80.0
"C-Bond Systems, Inc.",,unmatched,0.0
C-Rad AB (publ),,unmatched,0.0
"C.H. Robinson Worldwide, Inc.",,unmatched,0.0
"C3.ai, Inc.",AIC,fuzzy,75.0
Cablevisión Holding S.A.,,unmatched,0.0
"Cable One, Inc.",,unmatched,0.0
Cabot Corporation,CABO,fuzzy,88.88888888888889
Cabot Oil & Gas Corporation,,unmatched,0.0
CACI International Inc,,unmatched,0.0
"Cactus, Inc.",ACTU,fuzzy,80.0
Cadence Capital Limited,,unmatched,0.0
"Cadence Design Systems, Inc.",,unmatched,0.0
Cadila Healthcare Limited,,unmatched,0.0
"Cadre Holdings, Inc.",CADE,fuzzy,88.88888888888889
Caesarstone Ltd.,,unmatched,0.0
"Caesars Entertainment, Inc.",,unmatched,0.0
CAE Inc.,CADE,fuzzy,85.71428571428572
Cairn Energy PLC,,unmatched,0.0
Cairn Homes plc,,unmatched,0.0
"CaixaBank, S.A.",,unmatched,0.0
Cake Box Holdings Plc,,unmatched,0.0
"Caladrius Biosciences, Inc.",,unmatched,0.0
CalAmp Corp.,CALA,fuzzy,80.0
"Calavo Growers, Inc.",,unmatched,0.0
Caledonia Mining Corporation Plc,,unmatched,0.0
"Caleres, Inc.",,unmatched,0.0
Calfrac Well Services Ltd.,,unmatched,0.0
Calian Group Ltd.,CALA,fuzzy,80.0
Calibre Mining Corp.,,unmatched,0.0
California Resources Corporation,,unmatched,0.0
California Water Service Group,,unmatched,0.0
"Calithera Biosciences, Inc.",,unmatched,0.0
"Calix, Inc.",CALX,fuzzy,88.88888888888889
Callaway Golf Company,,unmatched,0.0
Calliditas Therapeutics AB (publ),,unmatched,0.0
"Calumet Specialty Products Partners, L.P.",,unmatched,0.0
"Calyxt, Inc.",CALX,fuzzy,80.0
Cambium Networks Corporation,,unmatched,0.0
Camden National Corporation,,unmatched,0.0
Camden Property Trust,,unmatched,0.0
Cameco Corporation,CECO,fuzzy,80.0
Camil Alimentos S.A.,,unmatched,0.0
Camlin Fine Sciences Limited,,unmatched,0.0
Campbell Soup Company,,unmatched,0.0
"Camping World Holdings, Inc.",,unmatched,0.0
Camtek Ltd.,CTEK,fuzzy,80.0
Camurus AB (publ),,unmatched,0.0
Canaan Inc.,,unmatched,0.0
Canaccord Genuity Group Inc.,,unmatched,0.0
Canacol Energy Ltd,,unmatched,0.0
Canada Goose Holdings Inc.,,unmatched,0.0
Canadian Apartment Properties Real Estate Investment Trust,,unmatched,0.0
Canadian Imperial Bank of Commerce,,unmatched,0.0
Canadian National Railway Company,,unmatched,0.0
Canadian Natural Resources Limited,,unmatched,0.0
Canadian Pacific Railway Limited,,unmatched,0.0
Canadian Solar Inc.,,unmatched,0.0
"Canadian Tire Corporation, Limited",,unmatched,0.0
Canadian Utilities Limited,,unmatched,0.0
Canadian Western Bank,,unmatched,0.0
Canara Bank,,unmatched,0.0
Cancom SE,CANO,fuzzy,80.0
"Canfor Corporation, Canfor Pulp Products Inc.",,unmatched,0.0
Cango Inc.,ANGO,fuzzy,88.88888888888889
"Cannae Holdings, Inc.",ANNA,fuzzy,80.0
Cann Group Limited,ANGN,fuzzy,75.0
Canoo Inc.,CANO,fuzzy,88.88888888888889
Canopy Growth Corporation,,unmatched,0.0
Canopy Rivers Inc.,,unmatched,0.0
Cansortium Inc.,,unmatched,0.0
"Cantaloupe, Inc.",,unmatched,0.0
CanWel Building Materials Group Ltd.,,unmatched,0.0
Can Fin Homes Limited,,unmatched,0.0
Capacit'e Infraprojects Limited,,unmatched,0.0
Capgemini SE,,unmatched,0.0
CapitaLand China Trust,,unmatched,0.0
CapitaLand Integrated Commercial Trust,,unmatched,0.0
CapitaLand Retail China Trust,,unmatched,0.0
Capitala Finance Corp.,,unmatched,0.0
Capital & Counties Properties PLC,,unmatched,0.0
Capital & Regional Plc,,unmatched,0.0
Capital Appreciation Limited,,unmatched,0.0
Capital Limited,,unmatched,0.0
Capital One Financial Corporation,,unmatched,0.0
Capital Power Corporation,,unmatched,0.0
Capital Product Partners L.P.,,unmatched,0.0
Capital Senior Living Corporation,,unmatched,0.0
Capital Southwest Corporation,,unmatched,0.0
Capita plc,CPTA,fuzzy,80.0
Capitec Bank Holdings Limited,,unmatched,0.0
Capitol Health Limited,,unmatched,0.0
Caplin Point Laboratories Limited,,unmatched,0.0
CapMan Oyj,,unmatched,0.0
Capral Limited,CAPL,fuzzy,80.0
"Capricor Therapeutics, Inc.",,unmatched,0.0
Capri Global Capital Limited,,unmatched,0.0
Capri Holdings Limited,CAPR,fuzzy,88.88888888888889
"Capstone Companies, Inc.",,unmatched,0.0
Capstone Mining Corp.,,unmatched,0.0
"Cara Therapeutics, Inc.",,unmatched,0.0
Carbon Revolution Limited,,unmatched,0.0
Carbon Streaming Corporation,,unmatched,0.0
Carbon Transition ASA,,unmatched,0.0
Carborundum Universal Limited,,unmatched,0.0
Carclo plc,ARLO,fuzzy,80.0
"Cardinal Health, Inc.",,unmatched,0.0
"Cardlytics, Inc.",,unmatched,0.0
Cardno Limited,CANO,fuzzy,80.0
Card Factory plc,,unmatched,0.0
Carebook Technologies Inc.,,unmatched,0.0
"CareCloud, Inc.",,unmatched,0.0
"CareDx, Inc",ARDX,fuzzy,80.0
Carel Industries S.p.A.,,unmatched,0.0
"CareMax, Inc.",,unmatched,0.0
CareRx Corporation,CARE,fuzzy,80.0
"CareTrust REIT, Inc.",,unmatched,0.0
CARE Ratings Limited,,unmatched,0.0
Cargojet Inc.,,unmatched,0.0
Cargotec Corporation,,unmatched,0.0
"CarGurus, Inc.",,unmatched,0.0
Carlisle Companies Incorporated,,unmatched,0.0
Carlsberg A S,,unmatched,0.0
Carl Zeiss Meditec AG,,unmatched,0.0
Carmat SA,AMAT,fuzzy,80.0
"CarMax, Inc.",CARA,fuzzy,80.0
Carmila S.A.,,unmatched,0.0
Carnival Corporation & plc,,unmatched,0.0
Carnival Corporation & Plc,,unmatched,0.0
"CarParts.com, Inc.",,unmatched,0.0
Carpenter Technology Corporation,,unmatched,0.0
Carrefour SA,,unmatched,0.0
"Carriage Services, Inc.",,unmatched,0.0
Carrier Global Corporation,,unmatched,0.0
"Cars.com, LLC",,unmatched,0.0
Cars.com Inc.,,unmatched,0.0
carsales.com Ltd,,unmatched,0.0
"Carter's, Inc.",,unmatched,0.0
Carvana Co.,,unmatched,0.0
Cascades Inc.,,unmatched,0.0
"Casella Waste Systems, Inc.",,unmatched,0.0
"Casey's General Stores, Inc.",,unmatched,0.0
"Casino, Guichard-Perrachon Société Anonyme",,unmatched,0.0
"CASI Pharmaceuticals, Inc.",,unmatched,0.0
Castellum AB (publ),,unmatched,0.0
"Castle Biosciences, Inc.",,unmatched,0.0
Castrol India Limited,,unmatched,0.0
"Catalent, Inc.",,unmatched,0.0
"Catalyst Pharmaceuticals, Inc.",,unmatched,0.0
Catapult Group International Limited,,unmatched,0.0
Catella AB (publ),,unmatched,0.0
Catena AB (publ),,unmatched,0.0
Catena Media plc,,unmatched,0.0
Caterpillar Inc.,CAT,known,100.0
"Cathay Financial Holding Co., Ltd.",,unmatched,0.0
Cathay General Bancorp,,unmatched,0.0
Cathay Pacific Airways Limited,,unmatched,0.0
"Cavco Industries, Inc.",,unmatched,0.0
Cavotec SA,,unmatched,0.0
Cazoo Group Ltd,AZO,fuzzy,75.0
"CBAK Energy Technology, Inc.",,unmatched,0.0
"cbdMD, Inc.",,unmatched,0.0
"CBIZ, Inc.",CBZ,fuzzy,85.71428571428572
"Cboe Global Markets, Inc.",,unmatched,0.0
"CBRE Group, Inc.",CBRE,exact,100.0
CCC Intelligent Solutions Holdings Inc.,,unmatched,0.0
CCC Intelligent Solutions Inc.,,unmatched,0.0
CCC S.A.,CCC,exact,100.0
CCL Industries Inc.,,unmatched,0.0
CCL Products (India) Limited,,unmatched,0.0
CCR S.A.,CCIR,fuzzy,85.71428571428572
CDON AB,,unmatched,0.0
CDW Corporation,CDW,exact,100.0
CD Projekt S.A.,,unmatched,0.0
CEAT Limited,CAT,fuzzy,85.71428571428572
Ceconomy AG,,unmatched,0.0
CECO Environmental Corp.,,unmatched,0.0
"Cedar Fair, L.P.",,unmatched,0.0
Cedar Woods Properties Limited,,unmatched,0.0
Cegedim SA,,unmatched,0.0
Celanese Corporation,,unmatched,0.0
Celcuity Inc.,,unmatched,0.0
Celestica Inc.,,unmatched,0.0
CellaVision AB (publ),,unmatched,0.0
Cellectis S.A.,,unmatched,0.0
"Cellnex Telecom, S.A.",,unmatched,0.0
CELSIA S.A. E.S.P.,,unmatched,0.0
Celsion Corporation,,unmatched,0.0
"Celsius Holdings, Inc.",,unmatched,0.0
Celyad Oncology SA,,unmatched,0.0
Cembra Money Bank AG,,unmatched,0.0
Cementir Holding N.V.,,unmatched,0.0
Cementos Argos S.A.,,unmatched,0.0
Cementos Pacasmayo S.A.A.,,unmatched,0.0
"CEMEX, S.A.B. de C.V.",,unmatched,0.0
"CEMEX Holdings Philippines, Inc.",,unmatched,0.0
"Cengage Learning Holdings II, Inc.",,unmatched,0.0
Cenovus Energy Inc.,,unmatched,0.0
Centamin plc,,unmatched,0.0
Centaurus Energy Inc.,,unmatched,0.0
Centene Corporation,,unmatched,0.0
"Centennial Resource Development, Inc.",,unmatched,0.0
"CenterPoint Energy, Inc.",,unmatched,0.0
Centerra Gold Inc.,,unmatched,0.0
Centerspace,,unmatched,0.0
Centogene N.V.,,unmatched,0.0
Centrais Elétricas Brasileiras S.A. - Eletrobrás,,unmatched,0.0
Central Asia Metals plc,,unmatched,0.0
Central Bank of India,,unmatched,0.0
Central Depository Services (India) Limited,,unmatched,0.0
Central Garden & Pet Company,,unmatched,0.0
Central Pacific Financial Corp.,,unmatched,0.0
Central Petroleum Limited,,unmatched,0.0
Central Puerto S.A.,,unmatched,0.0
Central Retail Corporation Public Company Limited,,unmatched,0.0
Centrepoint Alliance Limited,,unmatched,0.0
Centrica plc,,unmatched,0.0
Centrus Energy Corp.,,unmatched,0.0
Centuria Capital Group,,unmatched,0.0
Centuria Industrial REIT,,unmatched,0.0
Centuria Office REIT,,unmatched,0.0
Century Aluminum Company,,unmatched,0.0
"Century Casinos, Inc.",,unmatched,0.0
"Century Communities, Inc.",,unmatched,0.0
Century Plyboards (India) Limited,,unmatched,0.0
Ceragon Networks Ltd.,,unmatched,0.0
Cera Sanitaryware Limited,,unmatched,0.0
Cerence Inc.,,unmatched,0.0
Ceres Global Ag Corp.,,unmatched,0.0
"Ceres Power Holdings plc, 18 Months Period Ending Dec 31",,unmatched,0.0
Ceres Power Holdings plc,,unmatched,0.0
"Cerevel Therapeutics Holdings, Inc.",,unmatched,0.0
Ceridian HCM Holding Inc.,,unmatched,0.0
"Certara, Inc.",,unmatched,0.0
Cerus Corporation,CERS,fuzzy,88.88888888888889
CES Energy Solutions Corp.,,unmatched,0.0
"CEVA, Inc.",CEVA,exact,100.0
CEWE Stiftung & Co. KGaA,,unmatched,0.0
"CEZ, a. s.",,unmatched,0.0
CF Energy Corp.,,unmatched,0.0
"CF Industries Holdings, Inc.",,unmatched,0.0
CGG,CHGG,fuzzy,85.71428571428572
CGI Inc.,CGIP,fuzzy,85.71428571428572
CG Power and Industrial Solutions Limited,,unmatched,0.0
Chaarat Gold Holdings Limited,,unmatched,0.0
Chailease Holding Company Limited,,unmatched,0.0
Chalet Hotels Limited,,unmatched,0.0
Chalice Brands Ltd.,,unmatched,0.0
Challenger Limited,,unmatched,0.0
Chambal Fertilisers and Chemicals Limited,,unmatched,0.0
"Champions Oncology, Inc.",,unmatched,0.0
ChampionX Corporation,,unmatched,0.0
Champion Iron Limited,,unmatched,0.0
Champion Real Estate Investment Trust,,unmatched,0.0
"ChargePoint Holdings, Inc.",,unmatched,0.0
Chargepoint Holdings Inc.,,unmatched,0.0
"Charles & Colvard, Ltd.",,unmatched,0.0
"Charles River Laboratories International, Inc.",,unmatched,0.0
"Charlotte's Web Holdings, Inc.",,unmatched,0.0
"Charter Communications, Inc.",,unmatched,0.0
Charter Hall Group,,unmatched,0.0
Charter Hall Long WALE REIT,,unmatched,0.0
Charter Hall Retail Real Estate Investment Trust,,unmatched,0.0
Charter Hall Social Infrastructure REIT,,unmatched,0.0
Chartwell Retirement Residences,,unmatched,0.0
"Chart Industries, Inc.",,unmatched,0.0
Chatham Lodging Trust,,unmatched,0.0
Check Point Software Technologies Ltd.,,unmatched,0.0
Cheetah Mobile Inc.,,unmatched,0.0
"Chegg, Inc.",CHGG,fuzzy,88.88888888888889
Chemcon Speciality Chemicals Limited,,unmatched,0.0
Chemed Corporation,,unmatched,0.0
Chemring Group PLC,,unmatched,0.0
Chemtrade Logistics Income Fund,,unmatched,0.0
"Cheniere Energy, Inc.",,unmatched,0.0
Cherry Hill Mortgage Investment Corporation,,unmatched,0.0
Chesapeake Energy Corporation,,unmatched,0.0
Chesapeake Utilities Corporation,,unmatched,0.0
Chevron Corporation,CVX,known,100.0
"Chewy, Inc.",CHWY,fuzzy,88.88888888888889
"CHF Solutions, Inc.",,unmatched,0.0
"Chicken Soup for the Soul Entertainment, Inc.",,unmatched,0.0
Chimera Investment Corporation,,unmatched,0.0
"Chimerix, Inc.",,unmatched,0.0
"China Automotive Systems, Inc.",,unmatched,0.0
China Communications Services Corporation Limited,,unmatched,0.0
China Construction Bank Corporation,,unmatched,0.0
China Development Financial Holding Corporation,,unmatched,0.0
China Life Insurance Company Limited,,unmatched,0.0
China Literature Limited,,unmatched,0.0
China Mengniu Dairy Company Limited,,unmatched,0.0
"China Mengniu Dairy Company Limited, Yashili International Holdings Ltd",,unmatched,0.0
"China Merchants Bank Co., Ltd.",,unmatched,0.0
China Mobile Limited,,unmatched,0.0
China Oilfield Services Limited,,unmatched,0.0
China Oil And Gas Group Limited,,unmatched,0.0
China Online Education Group,,unmatched,0.0
China Overseas Land & Investment Limited,,unmatched,0.0
"China Pacific Insurance (Group) Co., Ltd.",,unmatched,0.0
China Petroleum & Chemical Corporation,,unmatched,0.0
China Reinsurance (Group) Corporation,,unmatched,0.0
China Resources Land Limited,,unmatched,0.0
China Telecom Corporation Limited,,unmatched,0.0
China Tower Corporation Limited,,unmatched,0.0
China Unicom (Hong Kong) Limited,,unmatched,0.0
"China Vanke Co., Ltd.",,unmatched,0.0
China Yuchai International Limited,,unmatched,0.0
ChipMOS TECHNOLOGIES INC.,,unmatched,0.0
"Chipotle Mexican Grill, Inc.",,unmatched,0.0
Chocoladefabriken Lindt & Sprüngli AG,,unmatched,0.0
"Choice Hotels International, Inc.",HON,fuzzy,76.0
Choice Properties Real Estate Investment Trust,,unmatched,0.0
Cholamandalam Financial Holdings Limited,,unmatched,0.0
Cholamandalam Investment and Finance Company Limited,,unmatched,0.0
Chorus Aviation Inc.,,unmatched,0.0
Chorus Limited,CHRS,fuzzy,80.0
Chow Tai Fook Jewellery Group Limited,,unmatched,0.0
ChromaDex Corporation,,unmatched,0.0
Chroma ATE Inc.,,unmatched,0.0
Chubb Limited,CUBB,fuzzy,88.88888888888889
"Chugai Pharmaceutical Co., Ltd.",,unmatched,0.0
"Chunghwa Telecom Co., Ltd.",,unmatched,0.0
Churchill Downs Incorporated,,unmatched,0.0
"Church & Dwight Co., Inc.",,unmatched,0.0
"Chuy's Holdings, Inc.",CHUY,fuzzy,80.0
CI&T Inc.,CIT,fuzzy,85.71428571428572
Cibus Nordic Real Estate AB (publ),,unmatched,0.0
Cielo S.A.,CIO,fuzzy,75.0
Cielo Waste Solutions Corp.,,unmatched,0.0
Ciena Corporation,CIEN,fuzzy,88.88888888888889
"CIE Automotive, S.A.",,unmatched,0.0
Cigna Corporation,CIA,fuzzy,75.0
Cigniti Technologies Limited,,unmatched,0.0
Cincinnati Financial Corporation,,unmatched,0.0
Cinedigm Corp.,,unmatched,0.0
"Cinemark Holdings, Inc.",,unmatched,0.0
Cineplex Inc.,,unmatched,0.0
Cintas Corporation,CTAS,fuzzy,80.0
CION Investment Corporation,,unmatched,0.0
Cipher Pharmaceuticals Inc.,,unmatched,0.0
Cipla Limited,CIA,fuzzy,75.0
"Cirrus Logic, Inc.",,unmatched,0.0
"Cisco Systems, Inc.",CSCO,known,100.0
CITIC Limited,CTIC,fuzzy,88.88888888888889
CITIC Telecom International Holdings Limited,,unmatched,0.0
Citigroup Inc.,C,known,100.0
"Citizens Financial Group, Inc.",,unmatched,0.0
"Citi Trends, Inc.",,unmatched,0.0
Citycon Oyj,,unmatched,0.0
City Chic Collective Limited,,unmatched,0.0
City Developments Limited,,unmatched,0.0
"City Office REIT, Inc.",,unmatched,0.0
City Union Bank Limited,,unmatched,0.0
City Union Bank Ltd.,,unmatched,0.0
Civeo Corporation,CVEO,fuzzy,88.88888888888889
"Civista Bancshares, Inc.",,unmatched,0.0
CI Financial Corp,,unmatched,0.0
CI Financial Corp.,,unmatched,0.0
CJ Cheiljedang Corporation,,unmatched,0.0
"CJ ENM CO., Ltd.",,unmatched,0.0
CK Asset Holdings Limited,,unmatched,0.0
CK Hutchison Holdings Limited,,unmatched,0.0
Clariant AG,,unmatched,0.0
Clarivate Plc,,unmatched,0.0
Clarus Corporation,CARS,fuzzy,80.0
Clas Ohlson AB (publ),,unmatched,0.0
Clavister Holding AB (publ.),,unmatched,0.0
Cleanaway Waste Management Limited,,unmatched,0.0
"CleanSpark, Inc.",,unmatched,0.0
Clean Energy Fuels Corp.,,unmatched,0.0
"Clean Harbors, Inc.",,unmatched,0.0
Clean Seas Seafood Limited,,unmatched,0.0
"Clearfield, Inc.",,unmatched,0.0
"ClearPoint Neuro, Inc.",,unmatched,0.0
"Clearside Biomedical, Inc.",,unmatched,0.0
ClearSign Technologies Corporation,,unmatched,0.0
ClearView Wealth Limited,,unmatched,0.0
"Clearwater Analytics Holdings, Inc.",,unmatched,0.0
Clearwater Paper Corporation,,unmatched,0.0
"Clearway Energy, Inc.",,unmatched,0.0
Clear Blue Technologies International Inc.,,unmatched,0.0
"Clear Channel Outdoor Holdings, Inc.",,unmatched,0.0
"Clear Secure, Inc.",,unmatched,0.0
Cleopatra Hospital Group S.A.E.,,unmatched,0.0
Cleveland-Cliffs Inc.,,unmatched,0.0
Clever Leaves Holdings Inc.,,unmatched,0.0
Clicks Group Limited,,unmatched,0.0
Clipper Realty Inc.,,unmatched,0.0
Cloetta AB (publ),,unmatched,0.0
Cloopen Group Holding Limited,,unmatched,0.0
Close Brothers Group plc,,unmatched,0.0
"Cloudflare, Inc.",,unmatched,0.0
"Clover Health Investments, Corp.",,unmatched,0.0
CLPS Incorporation,,unmatched,0.0
CLP Holdings Limited,CCLP,fuzzy,85.71428571428572
CLS Holdings plc,ACLS,fuzzy,85.71428571428572
CL Educate Limited,,unmatched,0.0
CMC Markets plc,,unmatched,0.0
CME Group Inc.,CME,exact,100.0
CMS Energy Corporation,,unmatched,0.0
CNA Financial Corporation,,unmatched,0.0
CNFinance Holdings Limited,,unmatched,0.0
CNH Industrial N.V.,,unmatched,0.0
CNOOC Limited,CNC,fuzzy,75.0
Cnova N.V.,,unmatched,0.0
"CNO Financial Group, Inc.",,unmatched,0.0
CNTEE Transelectrica SA,,unmatched,0.0
CNX Resources Corporation,,unmatched,0.0
"Co-Diagnostics, Inc.",,unmatched,0.0
Coal India Limited,,unmatched,0.0
Coats Group plc,CAT,fuzzy,75.0
Coca-Cola Bottlers Japan Holdings Inc.,,unmatched,0.0
Coca-Cola Europacific Partners PLC,,unmatched,0.0
Coca-Cola European Partners plc,,unmatched,0.0
"Coca-Cola FEMSA, S.A.B. de C.V.",,unmatched,0.0
Coca-Cola HBC AG,KO,fuzzy,81.81818181818181
Coca-Cola Içecek Anonim Sirketi,,unmatched,0.0
Cochin Shipyard Limited,,unmatched,0.0
Cochlear Limited,,unmatched,0.0
Codan Limited,CODA,fuzzy,88.88888888888889
"Codexis, Inc.",,unmatched,0.0
"Codex DNA, Inc.",,unmatched,0.0
"Coeur Mining, Inc.",,unmatched,0.0
COFACE SA,,unmatched,0.0
Cofinimmo SA,,unmatched,0.0
Coforge Limited,,unmatched,0.0
"Cogeco Communications Inc., Cogeco Inc.",,unmatched,0.0
"Cogent Communications Holdings, Inc.",,unmatched,0.0
Cogna Educação S.A.,,unmatched,0.0
Cognex Corporation,CGNX,fuzzy,80.0
Cognizant Technology Solutions Corporation,,unmatched,0.0
Cognyte Software Ltd.,,unmatched,0.0
Cogstate Limited,,unmatched,0.0
"CohBar, Inc.",CHAR,fuzzy,80.0
Cohen & Company Inc.,COHN,fuzzy,88.88888888888889
"Cohen & Steers, Inc.",,unmatched,0.0
"Coherus BioSciences, Inc.",,unmatched,0.0
Cohort plc,COHR,fuzzy,80.0
"Cohu, Inc.",COHU,exact,100.0
"Coinbase Global, Inc.",,unmatched,0.0
Colabor Group Inc.,,unmatched,0.0
Colbún S.A.,,unmatched,0.0
Coles Group Limited,CLE,fuzzy,75.0
Colfax Corporation,,unmatched,0.0
Colgate-Palmolive (India) Limited,,unmatched,0.0
Colgate-Palmolive Company,,unmatched,0.0
"Collegium Pharmaceutical, Inc.",,unmatched,0.0
Colliers International Group Inc.,HON,fuzzy,75.55555555555556
"Colony Capital, Inc.",,unmatched,0.0
"Colony Credit Real Estate, Inc.",,unmatched,0.0
Coloplast A S,,unmatched,0.0
Columbia Care Inc.,,unmatched,0.0
Columbia Sportswear Company,,unmatched,0.0
Columbus A S,,unmatched,0.0
Columbus McKinnon Corporation,,unmatched,0.0
Com2uS Corporation,,unmatched,0.0
Comcast Corporation,,unmatched,0.0
Comerica Incorporated,,unmatched,0.0
Comet Holding AG,CET,fuzzy,75.0
"Comfort Systems USA, Inc.",,unmatched,0.0
Commercial International Bank -Egypt S.A.E,,unmatched,0.0
Commercial Metals Company,,unmatched,0.0
"Commercial Vehicle Group, Inc.",,unmatched,0.0
Commerzbank AG,,unmatched,0.0
Commonwealth Bank of Australia,,unmatched,0.0
"CommScope Holding Company, Inc.",,unmatched,0.0
"Community Bank System, Inc.",,unmatched,0.0
Community Healthcare Trust Incorporated,,unmatched,0.0
"Community Health Systems, Inc.",,unmatched,0.0
"Commvault Systems, Inc.",,unmatched,0.0
Compagnie de Saint-Gobain S.A.,,unmatched,0.0
Compagnie Financière Richemont SA,,unmatched,0.0
Compagnie Générale des Établissements Michelin Société en commandite par actions,,unmatched,0.0
Compagnie Plastic Omnium SA,,unmatched,0.0
Companhia Brasileira de Distribuição,,unmatched,0.0
Companhia de Saneamento Básico do Estado de São Paulo - SABESP,,unmatched,0.0
Companhia de Saneamento de Minas Gerais,,unmatched,0.0
Companhia de Saneamento do Paraná - SANEPAR,,unmatched,0.0
Companhia Energética de Minas Gerais,,unmatched,0.0
Companhia Paranaense de Energia - COPEL,,unmatched,0.0
Companhia Siderúrgica Nacional,,unmatched,0.0
Compañía Cervecerías Unidas S.A.,,unmatched,0.0
"Compañía de Distribución Integral Logista Holdings, S.A.",,unmatched,0.0
Compañía de Minas Buenaventura S.A.A.,,unmatched,0.0
Compañía Sud Americana de Vapores S.A.,,unmatched,0.0
"Compass, Inc.",,unmatched,0.0
Compass Diversified,,unmatched,0.0
Compass Group PLC,,unmatched,0.0
"Compass Minerals International, Inc.",,unmatched,0.0
COMPASS Pathways plc,,unmatched,0.0
Compuage Infocom Limited,,unmatched,0.0
Compugen Ltd.,,unmatched,0.0
Compugroup Medical SE & Co. KGaA,,unmatched,0.0
CompuGroup Medical SE & Co. KGaA,,unmatched,0.0
Computershare Limited,,unmatched,0.0
"Computer Programs and Systems, Inc.",,unmatched,0.0
"comScore, Inc.",,unmatched,0.0
COMSovereign Holding Corp.,,unmatched,0.0
Comstock Mining Inc.,,unmatched,0.0
"Comstock Resources, Inc.",,unmatched,0.0
Comtech Telecommunications Corp.,,unmatched,0.0
Comvita Limited,,unmatched,0.0
"Conagra Brands, Inc.",,unmatched,0.0
Concentric AB (publ),,unmatched,0.0
Concentrix Corporation,,unmatched,0.0
"Concrete Pumping Holdings, Inc.",,unmatched,0.0
Conduent Incorporated,,unmatched,0.0
"Confluent, Inc.",,unmatched,0.0
"Conifer Holdings, Inc.",,unmatched,0.0
Conifex Timber Inc.,,unmatched,0.0
CONMED Corporation,CNMD,fuzzy,80.0
"Conn's, Inc.",CONN,fuzzy,80.0
"ConnectOne Bancorp, Inc.",,unmatched,0.0
Connect Biopharma Holdings Limited,,unmatched,0.0
ConocoPhillips,,unmatched,0.0
"Consensus Cloud Solutions, Inc.",,unmatched,0.0
"Consolidated Communications Holdings, Inc.",,unmatched,0.0
Consolidated Water Co. Ltd.,,unmatched,0.0
CONSOL Energy Inc.,,unmatched,0.0
"Constellation Brands, Inc.",,unmatched,0.0
Constellium SE,,unmatched,0.0
Construcciones El Condor S.A.,,unmatched,0.0
"Construction Partners, Inc.",,unmatched,0.0
Construtora Tenda S.A.,,unmatched,0.0
"Consumer Portfolio Services, Inc.",,unmatched,0.0
Contact Energy Limited,,unmatched,0.0
Container Corporation of India Limited,,unmatched,0.0
ContextLogic Inc.,,unmatched,0.0
ContextVision AB (publ),,unmatched,0.0
Continental Aktiengesellschaft,,unmatched,0.0
"Controladora Nemak, S.A.B. de C.V., Nemak, S. A. B. de C. V.",,unmatched,0.0
"Controladora Vuela Compañía de Aviación, S.A.B. de C.V.",,unmatched,0.0
Control Print Limited,,unmatched,0.0
Convatec Group Plc,,unmatched,0.0
ConvaTec Group Plc,,unmatched,0.0
Converge Technology Solutions Corp.,,unmatched,0.0
Conzzeta AG,,unmatched,0.0
Cooper-Standard Holdings Inc.,,unmatched,0.0
Cooper Energy Limited,,unmatched,0.0
Coor Service Management Holding AB,,unmatched,0.0
CooTek (Cayman) Inc.,,unmatched,0.0
"Copart, Inc.",CART,fuzzy,80.0
"Copa Holdings, S.A.",COP,fuzzy,85.71428571428572
Copperleaf Technologies Inc.,,unmatched,0.0
Corbion N.V.,,unmatched,0.0
"Corbus Pharmaceuticals Holdings, Inc.",,unmatched,0.0
Corby Spirit and Wine Limited,,unmatched,0.0
Corcept Therapeutics Incorporated,,unmatched,0.0
"CoreCivic, Inc.",,unmatched,0.0
CORESTATE Capital Holding S.A.,,unmatched,0.0
"Core & Main, Inc.",,unmatched,0.0
Core Laboratories N.V.,,unmatched,0.0
CorMedix Inc.,,unmatched,0.0
Corning Incorporated,,unmatched,0.0
Coromandel International Limited,HON,fuzzy,76.59574468085107
Coronado Global Resources Inc.,,unmatched,0.0
Corporación América Airports S.A.,,unmatched,0.0
"Corporación Inmobiliaria Vesta, S.A.B. de C.V.",,unmatched,0.0
Corporación Inmobiliaria Vesta S.A.B. de C.V.,,unmatched,0.0
Corporate Office Properties Trust,,unmatched,0.0
Corporate Travel Management Limited,,unmatched,0.0
"Corsair Gaming, Inc.",,unmatched,0.0
"Corteva, Inc.",,unmatched,0.0
Corus Entertainment Inc.,,unmatched,0.0
CorVel Corporation,CRVL,fuzzy,80.0
Cosan S.A.,CON,fuzzy,75.0
COSCO SHIPPING Ports Limited,,unmatched,0.0
"Cosmo Energy Holdings Co., Ltd.",,unmatched,0.0
Cosmo Films Limited,,unmatched,0.0
Cosmo Pharmaceuticals N.V.,,unmatched,0.0
Costain Group PLC,,unmatched,0.0
Costamare Inc.,,unmatched,0.0
"CoStar Group, Inc.",COST,fuzzy,80.0
Costco Wholesale Corporation,COST,known,100.0
Coterra Energy Inc.,,unmatched,0.0
Coty Inc.,COTY,exact,100.0
"Couchbase, Inc.",,unmatched,0.0
Country Garden Holdings Company Limited,,unmatched,0.0
"Coupang, Inc.",,unmatched,0.0
"Coursera, Inc.",,unmatched,0.0
Cousins Properties Incorporated,,unmatched,0.0
Covalon Technologies Ltd.,,unmatched,0.0
"Covenant Logistics Group, Inc.",,unmatched,0.0
Covestro AG,,unmatched,0.0
Covivio,,unmatched,0.0
CPFL Energia S.A.,,unmatched,0.0
"CPI Aerostructures, Inc.",,unmatched,0.0
CPI Card Group Inc.,,unmatched,0.0
CPI Property Group S.A.,,unmatched,0.0
CPS Technologies Corporation,CPS,exact,100.0
"Cracker Barrel Old Country Store, Inc.",,unmatched,0.0
Crane Co.,CRAN,fuzzy,88.88888888888889
Crawford & Company,,unmatched,0.0
Crayon Group Holding ASA,,unmatched,0.0
"CRA International, Inc.",,unmatched,0.0
Creatd Inc.,CEAD,fuzzy,80.0
Creative Newtech Limited,,unmatched,0.0
Creative Peripherals and Distribution Limited,,unmatched,0.0
"Creative Realities, Inc.",,unmatched,0.0
Credicorp Ltd.,,unmatched,0.0
CreditAccess Grameen Limited,,unmatched,0.0
Credito Emiliano S.p.A.,,unmatched,0.0
creditshelf Aktiengesellschaft,,unmatched,0.0
Credit Acceptance Corporation,,unmatched,0.0
Credit Bank of Moscow (public joint-stock company),,unmatched,0.0
Credit Corp Group Limited,EDIT,fuzzy,80.0
"Cree, Inc.",CREE,exact,100.0
"Crescent Capital BDC, Inc.",,unmatched,0.0
Crescent Point Energy Corp.,,unmatched,0.0
Cresco Labs Inc.,,unmatched,0.0
Crest Nicholson Holdings plc,,unmatched,0.0
"Cresud Sociedad Anónima Comercial, Inmobiliaria, Financiera y Agropecuaria",,unmatched,0.0
"Crexendo, Inc.",,unmatched,0.0
"Crédito Real, S.A.B. de C.V., Sociedad Financiera de Objeto Múltiple, Entidad No Regulada",,unmatched,0.0
Crédit Agricole S.A.,,unmatched,0.0
CRH plc,CRHC,fuzzy,85.71428571428572
"Cricut, Inc.",CRCT,fuzzy,80.0
"Crinetics Pharmaceuticals, Inc.",,unmatched,0.0
Criteo S.A.,CITE,fuzzy,80.0
"Crocs, Inc.",CCS,fuzzy,75.0
Croda International Plc,,unmatched,0.0
Crombie Real Estate Investment Trust,,unmatched,0.0
Crompton Greaves Consumer Electricals Limited,,unmatched,0.0
Cromwell Property Group,,unmatched,0.0
Cronos Group Inc.,,unmatched,0.0
CrossAmerica Partners LP,,unmatched,0.0
"CrossFirst Bankshares, Inc.",,unmatched,0.0
"Cross Country Healthcare, Inc.",,unmatched,0.0
"CrowdStrike Holdings, Inc.",,unmatched,0.0
Crown Capital Partners Inc.,,unmatched,0.0
Crown Castle International Corp. (REIT),,unmatched,0.0
"Crown Crafts, Inc.",,unmatched,0.0
"Crown Holdings, Inc.",COWN,fuzzy,88.88888888888889
"CryoLife, Inc.",,unmatched,0.0
"Cryoport, Inc.",,unmatched,0.0
CSB Bank Limited,,unmatched,0.0
"CSG Systems International, Inc.",,unmatched,0.0
CSL Finance Limited,,unmatched,0.0
CSL Limited,CSL,exact,100.0
CSP Inc.,CNSP,fuzzy,85.71428571428572
CSU Cardsystem S.A.,,unmatched,0.0
"CSW Industrials, Inc.",,unmatched,0.0
CSX Corporation,CSX,exact,100.0
"CS Disco, Inc.",,unmatched,0.0
"CTBC Financial Holding Co., Ltd.",,unmatched,0.0
CTEEP - Companhia de Transmissão de Energia Elétrica Paulista S.A.,,unmatched,0.0
"CTO Realty Growth, Inc.",,unmatched,0.0
CTS Corporation,CTS,exact,100.0
"CTT - Correios De Portugal, S.A.",,unmatched,0.0
CT Real Estate Investment Trust,,unmatched,0.0
CubeSmart,,unmatched,0.0
"Cue Biopharma, Inc.",,unmatched,0.0
Cue Health Inc.,,unmatched,0.0
"Cullen Frost Bankers, Inc.",,unmatched,0.0
"Culp, Inc.",CULP,exact,100.0
Cumberland Pharmaceuticals Inc.,,unmatched,0.0
Cummins Inc.,,unmatched,0.0
Cummins India Limited,,unmatched,0.0
Cumulus Media Inc.,,unmatched,0.0
Cupid Limited,CPD,fuzzy,75.0
"Curaleaf Holdings, Inc.",,unmatched,0.0
CureVac N.V.,,unmatched,0.0
CuriosityStream Inc.,,unmatched,0.0
"Curis, Inc.",CRIS,fuzzy,88.88888888888889
"Currency Exchange International, Corp.",,unmatched,0.0
Currys Plc,,unmatched,0.0
Curtiss-Wright Corporation,,unmatched,0.0
Cushman & Wakefield plc,,unmatched,0.0
"Customers Bancorp, Inc.",,unmatched,0.0
"Custom Truck One Source, Inc.",,unmatched,0.0
"Cutera, Inc.",CTRA,fuzzy,80.0
CVB Financial Corp.,,unmatched,0.0
CVC Brasil Operadora e Agência de Viagens S.A.,,unmatched,0.0
CVD Equipment Corporation,,unmatched,0.0
"CVR Energy, Inc.",,unmatched,0.0
"CVR Partners, LP",,unmatched,0.0
CVS Group plc,CVS,exact,100.0
CVS Health Corporation,,unmatched,0.0
"CV Sciences, Inc.",,unmatched,0.0
CyanConnode Holdings plc,,unmatched,0.0
Cyanotech Corporation,,unmatched,0.0
"CyberAgent, Inc.",,unmatched,0.0
CyberArk Software Ltd.,,unmatched,0.0
"Cyclacel Pharmaceuticals, Inc.",,unmatched,0.0
Cyfrowy Polsat S.A.,,unmatched,0.0
Cyient Limited,CENT,fuzzy,80.0
Cyrela Brazil Realty S.A. Empreendimentos e Participações,,unmatched,0.0
Cyrela Commercial Properties S.A.,,unmatched,0.0
Cyren Ltd.,CRN,fuzzy,75.0
CYREN Ltd.,CRN,fuzzy,75.0
"Cytokinetics, Incorporated",,unmatched,0.0
"CytomX Therapeutics, Inc.",,unmatched,0.0
Cytosorbents Corporation,,unmatched,0.0
"D&L Industries, Inc.",,unmatched,0.0
d'Amico International Shipping S.A.,,unmatched,0.0
"D.M. Wenceslao & Associates, Incorporated",,unmatched,0.0
"D.R. Horton, Inc.",,unmatched,0.0
D. B. Corp Limited,,unmatched,0.0
Dabur India Limited,,unmatched,0.0
Dada Nexus Limited,,unmatched,0.0
"Daiichi Sankyo Company, Limited",,unmatched,0.0
Daimler AG,,unmatched,0.0
Dairy Farm International Holdings Limited,,unmatched,0.0
Daiwa Securities Group Inc.,,unmatched,0.0
"Daktronics, Inc.",,unmatched,0.0
Dalata Hotel Group plc,,unmatched,0.0
DallasNews Corporation,,unmatched,0.0
Dalmia Bharat Limited,,unmatched,0.0
Dampskibsselskabet Norden A S,,unmatched,0.0
Danaher Corporation,,unmatched,0.0
Danaos Corporation,,unmatched,0.0
Dana Gas PJSC,,unmatched,0.0
Dana Incorporated,DAN,fuzzy,85.71428571428572
Dangote Cement Plc,,unmatched,0.0
Danieli & C. Officine Meccaniche S.p.A.,,unmatched,0.0
"Danimer Scientific, Inc.",,unmatched,0.0
Danone S.A.,AONE,fuzzy,80.0
Danske Bank A S,,unmatched,0.0
Daqo New Energy Corp.,,unmatched,0.0
"Darden Restaurants, Inc.",,unmatched,0.0
"Daré Bioscience, Inc.",,unmatched,0.0
DarioHealth Corp.,,unmatched,0.0
Darktrace plc,,unmatched,0.0
Darling Ingredients Inc.,,unmatched,0.0
Dar Al Arkan Real Estate Development Company,,unmatched,0.0
Dassault Aviation SA,,unmatched,0.0
Dassault Systèmes SE,,unmatched,0.0
Data#3 Limited,,unmatched,0.0
"Datadog, Inc.",,unmatched,0.0
DATAGROUP SE,,unmatched,0.0
Datamatics Global Services Limited,,unmatched,0.0
Datatec Limited,,unmatched,0.0
DATA Communications Management Corp.,,unmatched,0.0
Data I O Corporation,,unmatched,0.0
"Dave & Buster's Entertainment, Inc.",,unmatched,0.0
Davide Campari-Milano N.V.,,unmatched,0.0
DAVIDsTEA Inc.,,unmatched,0.0
DaVita Inc.,AVTA,fuzzy,80.0
Dawson Geophysical Company,,unmatched,0.0
Dätwyler Holding AG,,unmatched,0.0
DBS Group Holdings Ltd,DIBS,fuzzy,85.71428571428572
DBV Technologies S.A.,BV,fuzzy,80.0
DCB Bank Limited,,unmatched,0.0
DCC plc,DCRC,fuzzy,85.71428571428572
DCM Shriram Limited,,unmatched,0.0
De'Longhi S.p.A.,,unmatched,0.0
Deckers Outdoor Corporation,,unmatched,0.0
Deepak Fertilisers And Petrochemicals Corporation Limited,,unmatched,0.0
Deepak Nitrite Limited,,unmatched,0.0
"Deep Down, Inc.",,unmatched,0.0
Deere & Company,DRE,fuzzy,75.0
Definitive Healthcare Corp.,,unmatched,0.0
Dekel Agri-Vision plc,,unmatched,0.0
"Delcath Systems, Inc.",,unmatched,0.0
Delek Group Ltd.,DEL,fuzzy,75.0
"Delek Logistics Partners, LP",,unmatched,0.0
"Delek US Holdings, Inc.",,unmatched,0.0
Deliveroo plc,,unmatched,0.0
Delivery Hero SE,,unmatched,0.0
Dell Technologies Inc.,DELL,exact,100.0
Delta 9 Cannabis Inc.,,unmatched,0.0
"Delta Air Lines, Inc.",,unmatched,0.0
"Delta Apparel, Inc.",,unmatched,0.0
Delta Corp Limited,DEA,fuzzy,75.0
"Delta Electronics, Inc.",,unmatched,0.0
Delta Property Fund Limited,,unmatched,0.0
Deluxe Corporation,,unmatched,0.0
Del Monte Pacific Limited,,unmatched,0.0
Demant A S,,unmatched,0.0
DEMIRE Deutsche Mittelstand Real Estate AG,,unmatched,0.0
"DeNA Co., Ltd.",DEA,fuzzy,85.71428571428572
Denny's Corporation,,unmatched,0.0
dentalcorp Holdings Ltd.,,unmatched,0.0
DENTSPLY SIRONA Inc.,,unmatched,0.0
Dentsu Group Inc.,,unmatched,0.0
"DermTech, Inc.",,unmatched,0.0
Derwent London Plc,,unmatched,0.0
Desenio Group AB (publ),,unmatched,0.0
Designer Brands Inc.,,unmatched,0.0
"Desktop Metal, Inc.",,unmatched,0.0
"Despegar.com, Corp.",,unmatched,0.0
"Destination XL Group, Inc.",,unmatched,0.0
Destiny Media Technologies Inc.,,unmatched,0.0
Deutsche Bank Aktiengesellschaft,,unmatched,0.0
Deutsche Beteiligungs AG,,unmatched,0.0
Deutsche Börse AG,,unmatched,0.0
Deutsche EuroShop AG,,unmatched,0.0
Deutsche Konsum REIT-AG,,unmatched,0.0
Deutsche Lufthansa AG,,unmatched,0.0
Deutsche Pfandbriefbank AG,,unmatched,0.0
Deutsche Post AG,,unmatched,0.0
Deutsche Telekom AG,,unmatched,0.0
Deutsche Wohnen SE,,unmatched,0.0
DEUTZ Aktiengesellschaft,,unmatched,0.0
Devon Energy Corporation,,unmatched,0.0
"DexCom, Inc.",DCOM,fuzzy,80.0
Dexterra Group Inc.,,unmatched,0.0
Dexus,,unmatched,0.0
De La Rue plc,,unmatched,0.0
DFDS A S,,unmatched,0.0
DFS Furniture plc,,unmatched,0.0
DFV Deutsche Familienversicherung AG,,unmatched,0.0
Dhampur Sugar Mills Limited,,unmatched,0.0
Dhanuka Agritech Limited,,unmatched,0.0
"DHI Group, Inc.",DHI,exact,100.0
"DHT Holdings, Inc.",DH,fuzzy,80.0
Diageo plc,,unmatched,0.0
Dialight plc,,unmatched,0.0
Dialog Axiata PLC,,unmatched,0.0
DiaMedica Therapeutics Inc.,,unmatched,0.0
"Diamondback Energy, Inc.",,unmatched,0.0
DiamondRock Hospitality Company,,unmatched,0.0
Diana Shipping Inc.,,unmatched,0.0
DiaSorin S.p.A.,,unmatched,0.0
"DICK'S Sporting Goods, Inc.",,unmatched,0.0
Dicker Data Limited,,unmatched,0.0
DIC Asset AG,,unmatched,0.0
"Diebold Nixdorf, Incorporated",,unmatched,0.0
Digi.Com Berhad,,unmatched,0.0
Digimarc Corporation,,unmatched,0.0
Digitalbox plc,,unmatched,0.0
"DigitalBridge Group, Inc.",,unmatched,0.0
"DigitalOcean Holdings, Inc.",,unmatched,0.0
"Digital Ally, Inc.",,unmatched,0.0
Digital Information Technologies Corporation,,unmatched,0.0
"Digital Media Solutions, Inc.",,unmatched,0.0
"Digital Realty Trust, Inc.",,unmatched,0.0
"Digital Turbine, Inc.",,unmatched,0.0
Digi Communications N.V.,VZ,fuzzy,75.55555555555556
Digi International Inc.,,unmatched,0.0
Dilip Buildcon Limited,,unmatched,0.0
"Dime Community Bancshares, Inc.",,unmatched,0.0
"Dine Brands Global, Inc.",,unmatched,0.0
Dingdong (Cayman) Limited,,unmatched,0.0
Diodes Incorporated,DIOD,fuzzy,80.0
Diös Fastigheter AB (publ),,unmatched,0.0
Diploma PLC,,unmatched,0.0
Dipula Income Fund Limited,,unmatched,0.0
Direcional Engenharia S.A.,,unmatched,0.0
Direct Line Insurance Group plc,,unmatched,0.0
DIRTT Environmental Solutions Ltd.,,unmatched,0.0
Dis-Chem Pharmacies Limited,,unmatched,0.0
discoverIE Group plc,,unmatched,0.0
"Discovery, Inc.",,unmatched,0.0
Discovery Limited,,unmatched,0.0
Discover Financial Services,,unmatched,0.0
Dishman Carbogen Amcis Limited,,unmatched,0.0
"Distribuidora Internacional de Alimentación, S.A.",,unmatched,0.0
Diversified Energy Company PLC,,unmatched,0.0
Diversified Gas & Oil PLC,,unmatched,0.0
Diversified Healthcare Trust,,unmatched,0.0
Divi's Laboratories Limited,,unmatched,0.0
Dixons Carphone plc,,unmatched,0.0
Dixon Technologies (India) Limited,,unmatched,0.0
Djerriwarrh Investments Limited,,unmatched,0.0
DKSH Holding AG,DKS,fuzzy,85.71428571428572
DLF Limited,,unmatched,0.0
DLH Holdings Corp.,DLHC,fuzzy,85.71428571428572
DLocal Limited,DLCA,fuzzy,80.0
DMC Global Inc.,,unmatched,0.0
DMG Blockchain Solutions Inc.,,unmatched,0.0
"DMG Mori Co., Ltd.",,unmatched,0.0
DNB ASA,,unmatched,0.0
DNO ASA,,unmatched,0.0
Docebo Inc.,,unmatched,0.0
"DocuSign, Inc.",,unmatched,0.0
DOF ASA,,unmatched,0.0
Dogus Otomotiv Servis ve Ticaret A.S.,,unmatched,0.0
Doha Bank Q.P.S.C.,,unmatched,0.0
Doha Insurance Group Q.P.S.C.,,unmatched,0.0
"Dolby Laboratories, Inc.",,unmatched,0.0
Dole plc,DUOL,fuzzy,75.0
Dollarama Inc.,,unmatched,0.0
Dollar General Corporation,,unmatched,0.0
Dollar Industries Limited,,unmatched,0.0
"Dollar Tree, Inc.",,unmatched,0.0
"Dolphin Entertainment, Inc.",,unmatched,0.0
Domain Holdings Australia Limited,,unmatched,0.0
Doman Building Materials Group Ltd.,,unmatched,0.0
Doma Holdings Inc.,DOMA,exact,100.0
Dometic Group AB (publ),,unmatched,0.0
"Dominion Energy, Inc.",,unmatched,0.0
"Domino's Pizza, Inc.",,unmatched,0.0
Domino's Pizza Enterprises Limited,,unmatched,0.0
Domino's Pizza Group plc,,unmatched,0.0
"Domo, Inc.",DOMO,exact,100.0
Donaco International Limited,,unmatched,0.0
"Donaldson Company, Inc.",,unmatched,0.0
Donegal Group Inc.,,unmatched,0.0
"Donnelley Financial Solutions, Inc.",,unmatched,0.0
"DoorDash, Inc.",,unmatched,0.0
Dorel Industries Inc.,,unmatched,0.0
Dorian LPG Ltd.,,unmatched,0.0
dormakaba Holding AG,,unmatched,0.0
Doro AB (publ),,unmatched,0.0
"DoubleDown Interactive Co., Ltd.",,unmatched,0.0
"DoubleVerify Holdings, Inc.",,unmatched,0.0
"Douglas Dynamics, Inc.",,unmatched,0.0
"Douglas Emmett, Inc.",,unmatched,0.0
DouYu International Holdings Limited,HON,fuzzy,76.19047619047619
doValue S.p.A.,,unmatched,0.0
Dover Corporation,DOV,fuzzy,75.0
Downer EDI Limited,,unmatched,0.0
Dow Inc.,DOW,exact,100.0
"Doximity, Inc.",,unmatched,0.0
Dr. Lal PathLabs Limited,,unmatched,0.0
Dr. Martens plc,,unmatched,0.0
Dr. Reddy's Laboratories Limited,,unmatched,0.0
DraftKings Inc.,,unmatched,0.0
Draganfly Inc.,,unmatched,0.0
Drax Group plc,ADRA,fuzzy,75.0
Drägerwerk AG & Co. KGaA,,unmatched,0.0
DRDGOLD Limited,,unmatched,0.0
Dream Impact Trust,,unmatched,0.0
Dream Industrial Real Estate Investment Trust,,unmatched,0.0
Dream Office Real Estate Investment Trust,,unmatched,0.0
Dream Unlimited Corp.,,unmatched,0.0
"Dril-Quip, Inc.",,unmatched,0.0
Driven Brands Holdings Inc.,,unmatched,0.0
Drive Shack Inc.,,unmatched,0.0
"Dropbox, Inc.",,unmatched,0.0
Dropsuite Limited,,unmatched,0.0
DSV A S,,unmatched,0.0
DSV Panalpina A S,,unmatched,0.0
DS Smith Plc,,unmatched,0.0
DTE Energy Company,,unmatched,0.0
"DT Midstream, Inc.",,unmatched,0.0
Dubai Islamic Bank P.J.S.C.,,unmatched,0.0
Ducommun Incorporated,,unmatched,0.0
Dufry AG,,unmatched,0.0
Duke Energy Corporation,,unmatched,0.0
Duluth Holdings Inc.,DLTH,fuzzy,80.0
Dundee Corporation,DUNE,fuzzy,80.0
Dundee Precious Metals Inc.,,unmatched,0.0
Dunelm Group plc,DUNE,fuzzy,80.0
Duni AB (publ),,unmatched,0.0
"Dun & Bradstreet Holdings, Inc.",,unmatched,0.0
"Duolingo, Inc.",,unmatched,0.0
"Duos Technologies Group, Inc.",ADUS,fuzzy,75.0
"DuPont de Nemours, Inc.",,unmatched,0.0
Duratex S.A.,,unmatched,0.0
DURECT Corporation,DRCT,fuzzy,80.0
Dustin Group AB (publ),,unmatched,0.0
Dutch Bros Inc.,,unmatched,0.0
Dürr Aktiengesellschaft,,unmatched,0.0
Dwarikesh Sugar Industries Limited,,unmatched,0.0
DWS Group GmbH & Co. KGaA,,unmatched,0.0
DXC Technology Company,DXC,exact,100.0
"DXP Enterprises, Inc.",,unmatched,0.0
"Dyadic International, Inc.",,unmatched,0.0
"Dycom Industries, Inc.",,unmatched,0.0
Dye & Durham Limited,,unmatched,0.0
Dynagas LNG Partners LP,,unmatched,0.0
"Dynatrace, Inc.",,unmatched,0.0
Dynatronics Corporation,,unmatched,0.0
Dynavax Technologies Corporation,,unmatched,0.0
"Dynex Capital, Inc.",,unmatched,0.0
DZS Inc.,DS,fuzzy,80.0
E&P Financial Group Limited,,unmatched,0.0
"e.l.f. Beauty, Inc.",,unmatched,0.0
E.ON SE,AEON,fuzzy,75.0
"E.SUN Financial Holding Company, Ltd.",,unmatched,0.0
"E2open Parent Holdings, Inc.",,unmatched,0.0
Eagers Automotive Limited,,unmatched,0.0
"Eagle Bancorp, Inc.",,unmatched,0.0
Eagle Eye Solutions Group plc,,unmatched,0.0
Eagle Materials Inc.,,unmatched,0.0
"Eagle Pharmaceuticals, Inc.",,unmatched,0.0
Eagle Point Credit Company Inc.,,unmatched,0.0
Eagle Point Income Company Inc.,,unmatched,0.0
Earlypay Ltd,,unmatched,0.0
"Easterly Government Properties, Inc.",,unmatched,0.0
"Eastern Bankshares, Inc.",,unmatched,0.0
Eastern Property Holdings Limited,,unmatched,0.0
"EastGroup Properties, Inc.",,unmatched,0.0
Eastman Chemical Company,,unmatched,0.0
Eastman Kodak Company,,unmatched,0.0
Eastnine AB (publ),,unmatched,0.0
"Eastside Distilling, Inc.",,unmatched,0.0
East Japan Railway Company,,unmatched,0.0
"East West Bancorp, Inc.",,unmatched,0.0
easyJet plc,,unmatched,0.0
Eaton Corporation plc,ATON,fuzzy,88.88888888888889
eBay Inc.,EBAY,exact,100.0
"Ebix, Inc.",EBIX,exact,100.0
EBOS Group Limited,EBS,fuzzy,85.71428571428572
EchoStar Corporation,,unmatched,0.0
eClerx Services Limited,,unmatched,0.0
Eclipx Group Limited,,unmatched,0.0
ECN Capital Corp.,,unmatched,0.0
Ecobank Transnational Incorporated,,unmatched,0.0
Ecolab Inc.,COLB,fuzzy,80.0
Econocom Group SE,,unmatched,0.0
Ecopetrol S.A.,,unmatched,0.0
EcoRodovias Infraestrutura e Logística S.A.,,unmatched,0.0
EcoSynthetix Inc.,,unmatched,0.0
Ecovyst Inc.,,unmatched,0.0
EC World Real Estate Investment Trust,,unmatched,0.0
EDAG Engineering Group AG,,unmatched,0.0
EDAP TMS S.A.,,unmatched,0.0
Edelweiss Financial Services Limited,,unmatched,0.0
Edenred SA,,unmatched,0.0
Edgewell Personal Care Company,,unmatched,0.0
Edison International,,unmatched,0.0
"Editas Medicine, Inc.",,unmatched,0.0
"EDP - Energias de Portugal, S.A.",,unmatched,0.0
"EDP Renováveis, S.A.",,unmatched,0.0
eDreams ODIGEO S.A.,,unmatched,0.0
Educational Development Corporation,,unmatched,0.0
Edwards Lifesciences Corporation,,unmatched,0.0
eEducation Albert AB (publ),,unmatched,0.0
eEnergy Group Plc,,unmatched,0.0
Efecte Oy,,unmatched,0.0
EFG International AG,HON,fuzzy,75.0
eGain Corporation,EGAN,fuzzy,88.88888888888889
EHang Holdings Limited,ENG,fuzzy,75.0
"eHealth, Inc.",,unmatched,0.0
Eicher Motors Limited,,unmatched,0.0
Eiffage SA,,unmatched,0.0
EIH Limited,,unmatched,0.0
"Eisai Co., Ltd.",EAI,fuzzy,75.0
"Ekso Bionics Holdings, Inc.",,unmatched,0.0
EL.En. S.p.A.,,unmatched,0.0
Elanco Animal Health Incorporated,,unmatched,0.0
Elanders AB (publ),,unmatched,0.0
Elanor Investors Group,,unmatched,0.0
Elastic N.V.,,unmatched,0.0
Elbit Systems Ltd.,,unmatched,0.0
Elders Limited,,unmatched,0.0
Eldorado Gold Corporation,,unmatched,0.0
"Electric Last Mile Solutions, Inc.",,unmatched,0.0
Electrocomponents plc,,unmatched,0.0
"electroCore, Inc.",,unmatched,0.0
Electrolux Professional AB (publ),,unmatched,0.0
Electromagnetic Geoservices ASA,,unmatched,0.0
"Electromed, Inc.",,unmatched,0.0
Electronic Arts Inc.,,unmatched,0.0
Electrovaya Inc.,,unmatched,0.0
Electro Optic Systems Holdings Limited,,unmatched,0.0
"Eledon Pharmaceuticals, Inc.",,unmatched,0.0
Elekta AB (publ),,unmatched,0.0
Elementis plc,,unmatched,0.0
Element Fleet Management Corp.,,unmatched,0.0
Element Solutions Inc,,unmatched,0.0
Elgi Equipments Limited,,unmatched,0.0
ELGI Equipments Limited,,unmatched,0.0
Elia Group SA NV,ELA,fuzzy,85.71428571428572
Elica S.p.A.,,unmatched,0.0
Elior Group S.A.,PELIR,fuzzy,80.0
Elior Group SA,PELIR,fuzzy,80.0
Elisa Oyj,,unmatched,0.0
Elis SA,ELS,fuzzy,85.71428571428572
"Elite Pharmaceuticals, Inc.",,unmatched,0.0
Eli Lilly and Company,LLY,fuzzy,81.81818181818181
Elkem ASA,,unmatched,0.0
Ellaktor S.A.,,unmatched,0.0
Ellington Financial Inc.,,unmatched,0.0
Ellington Residential Mortgage REIT,,unmatched,0.0
Elliptic Laboratories AS,,unmatched,0.0
Elmos Semiconductor SE,,unmatched,0.0
"Eloxx Pharmaceuticals, Inc.",,unmatched,0.0
ElringKlinger AG,,unmatched,0.0
Eltek Ltd.,,unmatched,0.0
Eltel AB (publ),,unmatched,0.0
elumeo SE,ELME,fuzzy,80.0
"El Pollo Loco Holdings, Inc.",,unmatched,0.0
"El Puerto de Liverpool, S.A.B. de C.V.",,unmatched,0.0
Emami Limited,EAI,fuzzy,75.0
Embassy Office Parks REIT,,unmatched,0.0
Embracer Group AB (publ),,unmatched,0.0
Embraer S.A.,,unmatched,0.0
EMCORE Corporation,ECOR,fuzzy,80.0
"EMCOR Group, Inc.",ECOR,fuzzy,88.88888888888889
Emeco Holdings Limited,EME,fuzzy,75.0
eMemory Technology Inc.,,unmatched,0.0
"Emerald Holding, Inc.",,unmatched,0.0
Emera Incorporated,EME,fuzzy,75.0
Emergent BioSolutions Inc.,,unmatched,0.0
Emerson Electric Co.,GE,fuzzy,75.0
Emirates NBD Bank PJSC,,unmatched,0.0
Emirates REIT (CEIC) PLC,,unmatched,0.0
EML Payments Limited,,unmatched,0.0
Emmbi Industries Limited,,unmatched,0.0
Emmi AG,MMI,fuzzy,85.71428571428572
Empire Company Limited,,unmatched,0.0
"Empire State Realty Trust, Inc.",,unmatched,0.0
Empiric Student Property plc,,unmatched,0.0
"Employers Holdings, Inc.",,unmatched,0.0
Empresas CMPC S.A.,,unmatched,0.0
Empresas Copec S.A.,,unmatched,0.0
Empresa Distribuidora y Comercializadora Norte Sociedad Anónima,,unmatched,0.0
"Enact Holdings, Inc.",ACT,fuzzy,75.0
Enad Global 7 AB (publ),,unmatched,0.0
"Enagás, S.A.",,unmatched,0.0
"Enanta Pharmaceuticals, Inc.",,unmatched,0.0
Enauta Participações S.A.,,unmatched,0.0
ENAV S.p.A.,,unmatched,0.0
Enbridge Inc.,,unmatched,0.0
EnBW Energie Baden-Württemberg AG,,unmatched,0.0
Encavis AG,,unmatched,0.0
"ENCE Energía y Celulosa, S.A.",,unmatched,0.0
Encompass Health Corporation,,unmatched,0.0
"Encore Capital Group, Inc.",,unmatched,0.0
Endava plc,ENVA,fuzzy,80.0
"Endeavor Group Holdings, Inc.",,unmatched,0.0
Endeavour Mining Corporation,,unmatched,0.0
Endeavour Mining plc,,unmatched,0.0
Endeavour Silver Corp.,,unmatched,0.0
"Endesa, S.A.",,unmatched,0.0
ENDRA Life Sciences Inc.,,unmatched,0.0
Endurance Technologies Limited,,unmatched,0.0
Enea AB (publ),,unmatched,0.0
Enel Américas S.A.,,unmatched,0.0
Enel Chile S.A.,,unmatched,0.0
Enel SpA,,unmatched,0.0
Enento Group Oyj,,unmatched,0.0
"ENEOS Holdings, Inc.",ENO,fuzzy,75.0
Enerflex Ltd.,,unmatched,0.0
Energean plc,,unmatched,0.0
Energisa S.A.,,unmatched,0.0
"Energizer Holdings, Inc.",,unmatched,0.0
Energous Corporation,,unmatched,0.0
Energy Action Limited,,unmatched,0.0
"Energy Focus, Inc.",,unmatched,0.0
Energy Fuels Inc.,,unmatched,0.0
"Energy Recovery, Inc.",,unmatched,0.0
Energy Transfer LP,,unmatched,0.0
Enerjisa Enerji A.S.,,unmatched,0.0
Enerpac Tool Group Corp.,,unmatched,0.0
EnerSys,,unmatched,0.0
Eneva S.A.,ENVA,fuzzy,88.88888888888889
"Enfusion, Inc.",,unmatched,0.0
Enghouse Systems Limited,,unmatched,0.0
Engie Brasil Energia S.A.,,unmatched,0.0
Engie Energia Chile S.A.,,unmatched,0.0
ENGIE Eps S.A.,,unmatched,0.0
ENGIE SA,ENG,fuzzy,75.0
Engineers India Limited,,unmatched,0.0
ENGlobal Corporation,,unmatched,0.0
Eni S.p.A.,,unmatched,0.0
"EnLink Midstream, LLC",,unmatched,0.0
ENN Energy Holdings Limited,,unmatched,0.0
"Enova International, Inc.",,unmatched,0.0
"Enphase Energy, Inc.",,unmatched,0.0
"EnPro Industries, Inc.",,unmatched,0.0
EnQuest PLC,,unmatched,0.0
Enservco Corporation,,unmatched,0.0
Ensign Energy Services Inc.,,unmatched,0.0
Ensurge Micropower ASA,,unmatched,0.0
Entain PLC,ENTA,fuzzy,80.0
Entain Plc,ENTA,fuzzy,80.0
"Entegris, Inc.",,unmatched,0.0
Entera Bio Ltd.,,unmatched,0.0
Entercom Communications Corp.,VZ,fuzzy,80.0
Entergy Corporation,,unmatched,0.0
Enterprise Financial Services Corp,,unmatched,0.0
Enterprise Products Partners L.P.,,unmatched,0.0
Entertainment Network (India) Limited,,unmatched,0.0
Enthusiast Gaming Holdings Inc.,,unmatched,0.0
Entourage Health Corp.,,unmatched,0.0
Entravision Communications Corporation,VZ,fuzzy,83.33333333333334
Entra ASA,,unmatched,0.0
"Envestnet, Inc.",,unmatched,0.0
Envista Holdings Corporation,,unmatched,0.0
"Enviva Partners, LP",,unmatched,0.0
EnWave Corporation,,unmatched,0.0
"Enzo Biochem, Inc.",,unmatched,0.0
"EOG Resources, Inc.",,unmatched,0.0
EOH Holdings Limited,,unmatched,0.0
"Eos Energy Enterprises, Inc.",,unmatched,0.0
"EPAM Systems, Inc.",,unmatched,0.0
EPE Capital Partners Ltd,,unmatched,0.0
Epigenomics AG,,unmatched,0.0
Epiroc AB (publ),,unmatched,0.0
Episurf Medical AB (publ),,unmatched,0.0
ePlus inc.,PLUS,fuzzy,88.88888888888889
EPL Limited,PEPL,fuzzy,85.71428571428572
EPR Properties,,unmatched,0.0
EQT AB (publ),,unmatched,0.0
EQT Corporation,EQT,exact,100.0
EQT Holdings Limited,EQT,exact,100.0
Equatorial Energia S.A.,,unmatched,0.0
Equifax Inc.,,unmatched,0.0
"Equinix, Inc. (REIT)",,unmatched,0.0
Equinor ASA,,unmatched,0.0
Equinox Gold Corp.,,unmatched,0.0
Equitable Group Inc.,,unmatched,0.0
"Equitable Holdings, Inc.",,unmatched,0.0
Equitas Small Finance Bank Limited,,unmatched,0.0
Equites Property Fund Limited,,unmatched,0.0
Equitrans Midstream Corporation,,unmatched,0.0
"Equity Bancshares, Inc.",,unmatched,0.0
Equity Commonwealth,,unmatched,0.0
"Equity LifeStyle Properties, Inc.",,unmatched,0.0
Equity Residential,,unmatched,0.0
ERAMET S.A.,,unmatched,0.0
Eregli Demir ve Çelik Fabrikalari T.A.S.,,unmatched,0.0
ERG S.p.A.,,unmatched,0.0
Erie Indemnity Company,,unmatched,0.0
Eris Lifesciences Limited,,unmatched,0.0
EROAD Limited,ROAD,fuzzy,88.88888888888889
Ero Copper Corp.,,unmatched,0.0
Erste Group Bank AG,,unmatched,0.0
ERYTECH Pharma S.A.,,unmatched,0.0
Escorts Limited,,unmatched,0.0
ESCO Technologies Inc.,AESC,fuzzy,75.0
Esker SA,ESE,fuzzy,75.0
"Esperion Therapeutics, Inc.",,unmatched,0.0
"Esports Entertainment Group, Inc.",,unmatched,0.0
ESR Cayman Limited,,unmatched,0.0
"Essential Properties Realty Trust, Inc.",,unmatched,0.0
"Essential Utilities, Inc.",,unmatched,0.0
Essentra plc,,unmatched,0.0
Essent Group Ltd.,SSNT,fuzzy,80.0
"Essex Property Trust, Inc.",,unmatched,0.0
EssilorLuxottica Société anonyme,,unmatched,0.0
Essity AB (publ),,unmatched,0.0
Esso (Thailand) Public Company Limited,,unmatched,0.0
Establishment Labs Holdings Inc.,,unmatched,0.0
Ester Industries Limited,,unmatched,0.0
Etablissements Maurel & Prom S.A.,,unmatched,0.0
Ethan Allen Interiors Inc.,,unmatched,0.0
Etn. Fr. Colruyt NV,,unmatched,0.0
"Eton Pharmaceuticals, Inc.",,unmatched,0.0
"Etsy, Inc.",ETSY,exact,100.0
Etteplan Oyj,,unmatched,0.0
Eurazeo SE,,unmatched,0.0
Eurobank Ergasias Services and Holdings S.A.,,unmatched,0.0
Eurocash S.A.,,unmatched,0.0
Eurocell plc,,unmatched,0.0
Eurocommercial Properties N.V.,,unmatched,0.0
EuroDry Ltd.,,unmatched,0.0
EuroEyes International Eye Clinic Limited,,unmatched,0.0
Eurofins Scientific SE,,unmatched,0.0
Euronav NV,,unmatched,0.0
"Euronet Worldwide, Inc.",,unmatched,0.0
Euronext N.V.,,unmatched,0.0
European Residential Real Estate Investment Trust,,unmatched,0.0
"European Wax Center, Inc.",,unmatched,0.0
Europris ASA,,unmatched,0.0
Euroseas Ltd.,,unmatched,0.0
Eutelsat Communications S.A.,,unmatched,0.0
"Evans Bancorp, Inc.",,unmatched,0.0
"Evelo Biosciences, Inc.",,unmatched,0.0
"Eventbrite, Inc.",,unmatched,0.0
Event Hospitality & Entertainment Limited,,unmatched,0.0
Even Construtora e Incorporadora S.A.,,unmatched,0.0
"Ever-Glory International Group, Inc.",,unmatched,0.0
EverCommerce Inc.,,unmatched,0.0
Evercore Inc.,,unmatched,0.0
Everest Medicines Limited,,unmatched,0.0
"Everest Re Group, Ltd.",,unmatched,0.0
"Evergy, Inc.",EVER,fuzzy,80.0
Everi Holdings Inc.,EVER,fuzzy,88.88888888888889
"EverQuote, Inc.",,unmatched,0.0
Eversource Energy,,unmatched,0.0
"Everspin Technologies, Inc.",,unmatched,0.0
"EVERTEC, Inc.",,unmatched,0.0
Evertz Technologies Limited,EVER,fuzzy,80.0
"EVI Industries, Inc.",,unmatched,0.0
EVN AG,ELVN,fuzzy,85.71428571428572
"Evofem Biosciences, Inc.",,unmatched,0.0
Evogene Ltd.,,unmatched,0.0
"Evoke Pharma, Inc.",,unmatched,0.0
"Evolent Health, Inc.",,unmatched,0.0
"Evolus, Inc.",EOLS,fuzzy,80.0
Evolution Gaming Group AB (publ),,unmatched,0.0
Evolution Mining Limited,,unmatched,0.0
Evolution Petroleum Corporation,,unmatched,0.0
Evolva Holding SA,EVLV,fuzzy,80.0
"Evolving Systems, Inc.",,unmatched,0.0
"Evolv Technologies Holdings, Inc.",EVLV,fuzzy,88.88888888888889
Evonik Industries AG,,unmatched,0.0
Evotec SE,EVTC,fuzzy,80.0
EVRAZ plc,EVA,fuzzy,75.0
EVS Broadcast Equipment SA,,unmatched,0.0
Exact Sciences Corporation,,unmatched,0.0
Exagen Inc.,AGEN,fuzzy,80.0
Exantas Capital Corp.,,unmatched,0.0
Exchange Income Corporation,,unmatched,0.0
Exco Technologies Limited,EXC,fuzzy,85.71428571428572
"Exela Technologies, Inc.",EXEL,fuzzy,88.88888888888889
"Exelixis, Inc.",,unmatched,0.0
Exelon Corporation,EXEL,fuzzy,80.0
"ExlService Holdings, Inc.",,unmatched,0.0
"Expedia Group, Inc.",,unmatched,0.0
"Expensify, Inc.",,unmatched,0.0
Experian plc,,unmatched,0.0
Experience Co Limited,,unmatched,0.0
Expleo Solutions Limited,,unmatched,0.0
"Exponent, Inc.",,unmatched,0.0
"Express, Inc.",,unmatched,0.0
Expro Group Holdings N.V.,,unmatched,0.0
"eXp World Holdings, Inc.",,unmatched,0.0
Exsitec Holding AB (publ),,unmatched,0.0
Extendicare Inc.,,unmatched,0.0
Extra Space Storage Inc.,,unmatched,0.0
"Extreme Networks, Inc.",,unmatched,0.0
Exxaro Resources Limited,,unmatched,0.0
Exxon Mobil Corporation,,unmatched,0.0
"Eyenovia, Inc.",,unmatched,0.0
"EyePoint Pharmaceuticals, Inc.",,unmatched,0.0
"EZCORP, Inc.",ECOR,fuzzy,80.0
Ezdan Holding Group Q.P.S.C.,,unmatched,0.0
EZTEC Empreendimentos e Participações S.A.,,unmatched,0.0
E Ink Holdings Inc.,,unmatched,0.0
F-Secure Oyj,,unmatched,0.0
F.N.B. Corporation,,unmatched,0.0
F45 Training Holdings Inc.,,unmatched,0.0
"F5 Networks, Inc.",,unmatched,0.0
Fabege AB (publ),,unmatched,0.0
Fabrinet,,unmatched,0.0
FACC AG,ACC,fuzzy,85.71428571428572
"Facebook, Inc.",,unmatched,0.0
FactSet Research Systems Inc.,,unmatched,0.0
Fagron NV,FARO,fuzzy,80.0
Fairfax Financial Holdings Limited,,unmatched,0.0
Fair Isaac Corporation,,unmatched,0.0
Falabella S.A.,,unmatched,0.0
"FalconStor Software, Inc.",,unmatched,0.0
Famous Brands Limited,,unmatched,0.0
Fangdd Network Group Ltd.,,unmatched,0.0
Fang Holdings Limited,FANG,exact,100.0
Fanhua Inc.,,unmatched,0.0
Farfetch Limited,,unmatched,0.0
Farmer Bros. Co.,,unmatched,0.0
Farmland Partners Inc.,,unmatched,0.0
Faron Pharmaceuticals Oy,,unmatched,0.0
"FARO Technologies, Inc.",FARO,exact,100.0
"Far EasTone Telecommunications Co., Ltd.",,unmatched,0.0
Far East Consortium International Limited,,unmatched,0.0
Fashionette AG,,unmatched,0.0
Fastenal Company,,unmatched,0.0
Fastighets AB Balder (publ),,unmatched,0.0
"Fastly, Inc.",FAST,fuzzy,80.0
"Fate Therapeutics, Inc.",,unmatched,0.0
Fathom Holdings Inc.,ATOM,fuzzy,80.0
FAT Brands Inc.,,unmatched,0.0
Faurecia S.E.,,unmatched,0.0
FBN Holdings Plc,FBIN,fuzzy,85.71428571428572
FB Financial Corporation,,unmatched,0.0
FCMB Group Plc,CJMB,fuzzy,75.0
FD Technologies Plc,FDS,fuzzy,80.0
Federal Agricultural Mortgage Corporation,,unmatched,0.0
Federal Home Loan Mortgage Corporation,,unmatched,0.0
Federal National Mortgage Association,,unmatched,0.0
Federal Realty Investment Trust,,unmatched,0.0
Federal Signal Corporation,,unmatched,0.0
"Federated Hermes, Inc.",,unmatched,0.0
FedEx Corporation,EEX,fuzzy,75.0
Ferguson plc,,unmatched,0.0
Ferrari N.V.,,unmatched,0.0
Ferratum Oyj,,unmatched,0.0
"Ferrellgas Partners, L.P.",,unmatched,0.0
Ferrexpo plc,,unmatched,0.0
Ferroglobe PLC,,unmatched,0.0
Ferronordic AB,,unmatched,0.0
Ferronordic AB (publ),,unmatched,0.0
Ferrotec Holdings Corporation,,unmatched,0.0
"Ferrovial, S.A.",,unmatched,0.0
Fertilizantes Heringer S.A.,,unmatched,0.0
Fevertree Drinks Plc,,unmatched,0.0
FibraHotel,,unmatched,0.0
FIBRA Macquarie México,,unmatched,0.0
"Fibra Mty, S.A.P.I. de C.V.",,unmatched,0.0
FIBRA Prologis,,unmatched,0.0
Fibra Shop,,unmatched,0.0
Fibra Terrafina,,unmatched,0.0
Fibra UNO,,unmatched,0.0
"FibroGen, Inc.",,unmatched,0.0
Fideicomiso Irrevocable F 2061 FHipo,,unmatched,0.0
Fidelity Bank Plc,,unmatched,0.0
"Fidelity National Financial, Inc.",,unmatched,0.0
"Fidelity National Information Services, Inc.",,unmatched,0.0
Fidus Investment Corporation,,unmatched,0.0
Fiem Industries Limited,,unmatched,0.0
Fiera Capital Corporation,,unmatched,0.0
Fiera Milano SpA,,unmatched,0.0
Fifth Third Bancorp,,unmatched,0.0
"FIGS, Inc.",FIGS,exact,100.0
Filatex India Limited,,unmatched,0.0
Finance Of America Companies Inc.,,unmatched,0.0
"Financial Institutions, Inc.",,unmatched,0.0
Financiera Independencia S.A.B. de C.V. SOFOM E.N.R.,,unmatched,0.0
Fincantieri S.p.A.,,unmatched,0.0
FinecoBank Banca Fineco S.p.A.,,unmatched,0.0
FINEOS Corporation Holdings plc,,unmatched,0.0
Fingerprint Cards AB (publ),,unmatched,0.0
Finnair Oyj,,unmatched,0.0
Finning International Inc.,,unmatched,0.0
Finolex Cables Limited,,unmatched,0.0
Finolex Industries Limited,,unmatched,0.0
FinVolution Group,,unmatched,0.0
Fiore Cannabis Ltd.,,unmatched,0.0
Firan Technology Group Corporation,,unmatched,0.0
FirstEnergy Corp.,,unmatched,0.0
FirstGroup plc,,unmatched,0.0
FirstRand Limited,,unmatched,0.0
FirstService Corporation,,unmatched,0.0
Firstsource Solutions Limited,,unmatched,0.0
Firstwave Cloud Technology Limited,,unmatched,0.0
First Abu Dhabi Bank P.J.S.C.,,unmatched,0.0
First Advantage Corporation,,unmatched,0.0
First American Financial Corporation,,unmatched,0.0
First BanCorp.,,unmatched,0.0
First Bank,,unmatched,0.0
First Capital Real Estate Investment Trust,,unmatched,0.0
"First Citizens BancShares, Inc.",,unmatched,0.0
First Commonwealth Financial Corporation,,unmatched,0.0
First Derivatives plc,,unmatched,0.0
First Financial Bancorp.,,unmatched,0.0
"First Financial Holding Co., Ltd.",,unmatched,0.0
First Foundation Inc.,,unmatched,0.0
"First Hawaiian, Inc.",,unmatched,0.0
First Horizon Corporation,,unmatched,0.0
"First Industrial Realty Trust, Inc.",,unmatched,0.0
First Internet Bancorp,,unmatched,0.0
"First Interstate BancSystem, Inc.",,unmatched,0.0
First Merchants Corporation,,unmatched,0.0
First National Financial Corporation,,unmatched,0.0
First Pacific Company Limited,,unmatched,0.0
First Property Group plc,,unmatched,0.0
First Quantum Minerals Ltd.,,unmatched,0.0
First Republic Bank,,unmatched,0.0
First Ship Lease Trust,,unmatched,0.0
"First Solar, Inc.",,unmatched,0.0
"First Watch Restaurant Group, Inc.",,unmatched,0.0
"First Western Financial, Inc.",,unmatched,0.0
"Fiserv, Inc.",FISV,fuzzy,80.0
Fisher & Paykel Healthcare Corporation Limited,,unmatched,0.0
Fiskars Oyj Abp,,unmatched,0.0
Fisker Inc.,FISK,fuzzy,80.0
"Five9, Inc.",FIVE,fuzzy,88.88888888888889
Fiverr International Ltd.,,unmatched,0.0
"Five Below, Inc.",,unmatched,0.0
"Five Point Holdings, LLC",,unmatched,0.0
Fjordkraft Holding ASA,,unmatched,0.0
Flagship Communities Real Estate Investment Trust,,unmatched,0.0
flatexDEGIRO AG,,unmatched,0.0
"FLEETCOR Technologies, Inc.",,unmatched,0.0
Fleetwood Limited,,unmatched,0.0
Fletcher Building Limited,,unmatched,0.0
Fleury S.A.,,unmatched,0.0
Flexible Solutions International Inc.,,unmatched,0.0
"FlexShopper, Inc.",,unmatched,0.0
"Flexsteel Industries, Inc.",,unmatched,0.0
FLEX LNG Ltd.,,unmatched,0.0
Flex LNG Ltd.,,unmatched,0.0
Flex Ltd.,FLEX,exact,100.0
Flight Centre Travel Group Limited,,unmatched,0.0
"Floor & Decor Holdings, Inc.",,unmatched,0.0
Flora Growth Corp.,,unmatched,0.0
"Flotek Industries, Inc.",,unmatched,0.0
"Flowers Foods, Inc.",,unmatched,0.0
Flower One Holdings Inc.,,unmatched,0.0
Flowserve Corporation,,unmatched,0.0
Flowtech Fluidpower plc,,unmatched,0.0
Flow Capital Corp.,,unmatched,0.0
Flow Traders N.V.,,unmatched,0.0
FLSmidth & Co. A S,,unmatched,0.0
Fluence Corporation Limited,,unmatched,0.0
"Fluence Energy, Inc.",,unmatched,0.0
"Fluent, Inc.",FLNT,fuzzy,80.0
Flughafen Wien Aktiengesellschaft,,unmatched,0.0
Flughafen Zürich AG,,unmatched,0.0
Fluidigm Corporation,,unmatched,0.0
"Fluidra, S.A.",,unmatched,0.0
Fluor Corporation,FLO,fuzzy,75.0
Flushing Financial Corporation,,unmatched,0.0
Flutter Entertainment plc,,unmatched,0.0
"Flux Power Holdings, Inc.",,unmatched,0.0
FLYHT Aerospace Solutions Ltd.,,unmatched,0.0
Flywire Corporation,,unmatched,0.0
FMC Corporation,FMC,exact,100.0
Fnac Darty SA,,unmatched,0.0
"Fomento de Construcciones y Contratas, S.A.",,unmatched,0.0
"Fomento Económico Mexicano, S.A.B. de C.V.",,unmatched,0.0
Fonterra Co-operative Group Limited,,unmatched,0.0
"Fonterra Co-operative Group Limited, Fonterra Shareholders Fund",,unmatched,0.0
Fonterra Shareholders Fund,,unmatched,0.0
"Foot Locker, Inc.",,unmatched,0.0
Foraco International SA,,unmatched,0.0
"Ford Motor Company, Ford Motor Credit Company LLC",,unmatched,0.0
Forestar Group Inc.,,unmatched,0.0
ForFarmers N.V.,,unmatched,0.0
"FormFactor, Inc.",,unmatched,0.0
Formpipe Software AB (publ),,unmatched,0.0
"Forrester Research, Inc.",,unmatched,0.0
Forterra plc,,unmatched,0.0
Fortescue Metals Group Limited,,unmatched,0.0
"Forte Biosciences, Inc.",,unmatched,0.0
"Fortinet, Inc.",,unmatched,0.0
Fortis Healthcare Limited,,unmatched,0.0
Fortis Inc.,OTIS,fuzzy,80.0
Fortive Corporation,,unmatched,0.0
Fortnox AB (publ),,unmatched,0.0
Fortress REIT Limited,,unmatched,0.0
Fortress Transportation and Infrastructure Investors LLC,,unmatched,0.0
Fortum Oyj,,unmatched,0.0
Fortuna Silver Mines Inc.,,unmatched,0.0
"Fortune Brands Home & Security, Inc.",,unmatched,0.0
"Forum Energy Technologies, Inc.",,unmatched,0.0
Forward Air Corporation,,unmatched,0.0
"Fossil Group, Inc.",FOSL,fuzzy,80.0
Fosun International Limited,HON,fuzzy,76.19047619047619
Fosun Tourism Group,,unmatched,0.0
Fourlis Holdings S.A.,,unmatched,0.0
"Four Corners Property Trust, Inc.",,unmatched,0.0
Four Seasons Education (Cayman) Inc.,,unmatched,0.0
Foxtons Group plc,,unmatched,0.0
Fox Corporation,FOX,exact,100.0
Fox Factory Holding Corp.,,unmatched,0.0
Franco-Nevada Corporation,,unmatched,0.0
Francotyp-Postalia Holding AG,,unmatched,0.0
Franklin Covey Co.,,unmatched,0.0
"Franklin Electric Co., Inc.",,unmatched,0.0
"Franklin Resources, Inc.",,unmatched,0.0
Franklin Street Properties Corp.,,unmatched,0.0
Franklin Templeton Investment Funds - Franklin U.S. Opportunities Fund,,unmatched,0.0
Fraport AG,,unmatched,0.0
Fras-le S.A.,,unmatched,0.0
Frasers Property Limited,,unmatched,0.0
Freddie Mac,,unmatched,0.0
Freedom Foods Group Limited,,unmatched,0.0
Freehold Royalties Ltd.,,unmatched,0.0
Freelancer Limited,,unmatched,0.0
freenet AG,,unmatched,0.0
Freeport-McMoRan Inc.,,unmatched,0.0
"FreightCar America, Inc.",,unmatched,0.0
"Frequency Electronics, Inc.",,unmatched,0.0
Frequentis AG,,unmatched,0.0
Fresenius Medical Care AG & Co. KGaA,,unmatched,0.0
Fresenius SE & Co. KGaA,,unmatched,0.0
"Freshpet, Inc.",,unmatched,0.0
Freshworks Inc.,,unmatched,0.0
Fresh Del Monte Produce Inc.,,unmatched,0.0
Fresnillo Plc,,unmatched,0.0
Fresnillo plc,,unmatched,0.0
FREYR Battery,,unmatched,0.0
Frigoglass S.A.I.C.,,unmatched,0.0
FRMO Corporation,FRMO,exact,100.0
"frontdoor, inc.",,unmatched,0.0
"Frontdoor, Inc.",,unmatched,0.0
Frontera Energy Corporation,,unmatched,0.0
Frontier Communications Corporation,VZ,fuzzy,80.0
"Frontier Communications Parent, Inc.",,unmatched,0.0
Frontier Digital Ventures Limited,,unmatched,0.0
"Frontier Group Holdings, Inc.",,unmatched,0.0
Frontline Ltd.,,unmatched,0.0
"FRP Holdings, Inc.",FRPH,fuzzy,85.71428571428572
FSN E-Commerce Ventures Limited,,unmatched,0.0
FS KKR Capital Corp.,,unmatched,0.0
"FTC Solar, Inc.",,unmatched,0.0
"FTI Consulting, Inc.",,unmatched,0.0
"Fubon Financial Holding Co., Ltd.",,unmatched,0.0
fuboTV Inc.,FUBO,fuzzy,80.0
Fuchs Petrolub SE,,unmatched,0.0
"FuelCell Energy, Inc.",,unmatched,0.0
"Fuel Tech, Inc.",,unmatched,0.0
Fugro N.V.,,unmatched,0.0
Fujian Blue Hat Interactive Entertainment Technology Ltd.,,unmatched,0.0
Fujitsu Limited,,unmatched,0.0
"Fuji Electric Co., Ltd.",,unmatched,0.0
"Fulcrum Therapeutics, Inc.",,unmatched,0.0
"Fulgent Genetics, Inc.",,unmatched,0.0
"Full House Resorts, Inc.",,unmatched,0.0
Fulton Financial Corporation,,unmatched,0.0
Funding Circle Holdings plc,,unmatched,0.0
Fundo de Investimento Imobiliário - FII BTG Pactual Corporate Office Fund,,unmatched,0.0
"Funko, Inc.",FNKO,fuzzy,88.88888888888889
Futura Medical plc,,unmatched,0.0
Future plc,FTRE,fuzzy,80.0
Futu Holdings Limited,FLUT,fuzzy,75.0
"G-III Apparel Group, Ltd.",,unmatched,0.0
"G1 Therapeutics, Inc.",,unmatched,0.0
G5 Entertainment AB (publ),,unmatched,0.0
G8 Education Limited,,unmatched,0.0
Gabriel India Limited,,unmatched,0.0
Gafisa S.A.,GAIA,fuzzy,80.0
"Gaia, Inc.",GAIA,exact,100.0
GAIL (India) Limited,,unmatched,0.0
Galapagos NV,,unmatched,0.0
Galaxy Digital Holdings Ltd.,,unmatched,0.0
Galaxy Entertainment Group Limited,,unmatched,0.0
Galaxy Surfactants Limited,,unmatched,0.0
Galenica AG,,unmatched,0.0
Gale Pacific Limited,,unmatched,0.0
Galiano Gold Inc.,,unmatched,0.0
Galliford Try Holdings PLC,,unmatched,0.0
Galmed Pharmaceuticals Ltd.,,unmatched,0.0
"Galp Energia, SGPS, S.A.",,unmatched,0.0
GameStop Corp.,,unmatched,0.0
"Gaming and Leisure Properties, Inc.",,unmatched,0.0
Gaming Innovation Group Inc.,,unmatched,0.0
GAM Holding AG,GAM,exact,100.0
"Gannett Co., Inc.",,unmatched,0.0
GAN Limited,GAN,exact,100.0
Gaotu Techedu Inc.,,unmatched,0.0
Garden Reach Shipbuilders & Engineers Limited,,unmatched,0.0
Garmin Ltd.,GAIN,fuzzy,80.0
Garo Aktiebolag (publ),,unmatched,0.0
Garrett Motion Inc.,,unmatched,0.0
"Gartner, Inc.",,unmatched,0.0
Gates Industrial Corporation plc,,unmatched,0.0
Gati Limited,ATI,fuzzy,85.71428571428572
"Gatos Silver, Inc.",,unmatched,0.0
GATX Corporation,GATX,exact,100.0
Gayatri Projects Limited,,unmatched,0.0
Gaztransport & Technigaz SA,,unmatched,0.0
GBS Inc.,GBS,exact,100.0
GB Auto (S.A.E.),,unmatched,0.0
GB Group plc,GBL,fuzzy,80.0
GCM Grosvenor Inc.,,unmatched,0.0
GDI Integrated Facility Services Inc.,,unmatched,0.0
GDI Property Group,,unmatched,0.0
GDS Holdings Limited,GDST,fuzzy,85.71428571428572
GEA Group Aktiengesellschaft,,unmatched,0.0
Geberit AG,,unmatched,0.0
Gecina SA,,unmatched,0.0
Geely Automobile Holdings Limited,,unmatched,0.0
Gemfields Group Limited,,unmatched,0.0
Gem Diamonds Limited,,unmatched,0.0
Genasys Inc.,,unmatched,0.0
Genco Shipping & Trading Limited,,unmatched,0.0
Genel Energy plc,,unmatched,0.0
Generac Holdings Inc.,,unmatched,0.0
General Dynamics Corporation,,unmatched,0.0
General Electric Company,GE,known,100.0
General Insurance Corporation of India,,unmatched,0.0
"General Mills, Inc.",,unmatched,0.0
General Motors Company,GM,known,100.0
General Shopping e Outlets do Brasil S.A.,,unmatched,0.0
Genesco Inc.,,unmatched,0.0
"Genesis Energy, L.P.",,unmatched,0.0
Genesis Energy Limited,,unmatched,0.0
Genetic Technologies Limited,,unmatched,0.0
Genfit SA,,unmatched,0.0
Genie Energy Ltd.,,unmatched,0.0
Genius Sports Limited,,unmatched,0.0
Genmab A S,,unmatched,0.0
"Genocea Biosciences, Inc.",,unmatched,0.0
"Genomma Lab Internacional, S.A.B. de C.V.",,unmatched,0.0
Genpact Limited,,unmatched,0.0
"Gentera, S.A.B. de C.V.",,unmatched,0.0
Gentex Corporation,GEEX,fuzzy,80.0
Gentherm Incorporated,,unmatched,0.0
Gentrack Group Limited,,unmatched,0.0
Genuine Parts Company,,unmatched,0.0
Genuit Group plc,,unmatched,0.0
Genus plc,GNUS,fuzzy,88.88888888888889
Genus Power Infrastructures Limited,,unmatched,0.0
"Genworth Financial, Inc.",,unmatched,0.0
Genworth Mortgage Insurance Australia Limited,,unmatched,0.0
Geodrill Limited,,unmatched,0.0
Geojit Financial Services Limited,,unmatched,0.0
GeoPark Limited,,unmatched,0.0
George Weston Limited,,unmatched,0.0
Georgia Capital PLC,,unmatched,0.0
Georg Fischer AG,,unmatched,0.0
Geospace Technologies Corporation,,unmatched,0.0
Geox S.p.A.,,unmatched,0.0
Gerdau S.A.,,unmatched,0.0
Geron Corporation,GERN,fuzzy,88.88888888888889
Gerresheimer AG,,unmatched,0.0
Getinge AB,,unmatched,0.0
Getty Realty Corp.,,unmatched,0.0
"Gevo, Inc.",GEVO,exact,100.0
GE T&D India Limited,,unmatched,0.0
GFH Financial Group BSC,,unmatched,0.0
GFL Environmental Inc.,,unmatched,0.0
GFT Technologies SE,GIFT,fuzzy,85.71428571428572
GHCL Limited,GHC,fuzzy,85.71428571428572
"Gibraltar Industries, Inc.",,unmatched,0.0
Gibson Energy Inc.,,unmatched,0.0
Gielda Papierów Wartosciowych w Warszawie S.A.,,unmatched,0.0
Gilat Satellite Networks Ltd.,,unmatched,0.0
Gildan Activewear Inc.,,unmatched,0.0
"Gilead Sciences, Inc.",,unmatched,0.0
"Ginkgo Bioworks Holdings, Inc.",,unmatched,0.0
Giordano International Limited,,unmatched,0.0
GitLab Inc.,GTLB,fuzzy,80.0
Givaudan SA,,unmatched,0.0
Gjensidige Forsikring ASA,,unmatched,0.0
"Glacier Bancorp, Inc.",,unmatched,0.0
Gladstone Capital Corporation,,unmatched,0.0
Gladstone Commercial Corporation,,unmatched,0.0
Gladstone Investment Corporation,,unmatched,0.0
Gladstone Land Corporation,,unmatched,0.0
Glanbia plc,,unmatched,0.0
Gland Pharma Limited,,unmatched,0.0
Glass House Brands Inc.,,unmatched,0.0
Glaston Oyj Abp,,unmatched,0.0
Glatfelter Corporation,,unmatched,0.0
Glaukos Corporation,,unmatched,0.0
GlaxoSmithKline plc,,unmatched,0.0
Glencore plc,,unmatched,0.0
Glenmark Life Sciences Limited,,unmatched,0.0
Glenmark Pharmaceuticals Limited,,unmatched,0.0
Glenveagh Properties PLC,,unmatched,0.0
Global-e Online Ltd.,,unmatched,0.0
GLOBALFOUNDRIES Inc.,,unmatched,0.0
Globaltrans Investment Plc,,unmatched,0.0
"GlobalWafers Co., Ltd.",,unmatched,0.0
Global Cord Blood Corporation,,unmatched,0.0
Global Crossing Airlines Group Inc.,,unmatched,0.0
"Global Dominion Access, S.A.",,unmatched,0.0
Global Fashion Group S.A.,,unmatched,0.0
"Global Healthcare REIT, Inc.",,unmatched,0.0
"Global Indemnity Group, LLC",,unmatched,0.0
Global Industrial Company,,unmatched,0.0
Global Medical REIT Inc.,,unmatched,0.0
"Global Net Lease, Inc.",,unmatched,0.0
Global Partners LP,,unmatched,0.0
Global Payments Inc.,,unmatched,0.0
"Global Ship Lease, Inc.",,unmatched,0.0
"Global Water Resources, Inc.",,unmatched,0.0
Global Yatirim Holding A.S.,,unmatched,0.0
Globant S.A.,,unmatched,0.0
Globe Life Inc.,,unmatched,0.0
"Globe Telecom, Inc.",,unmatched,0.0
Globe Trade Centre S.A.,,unmatched,0.0
"Globus Medical, Inc.",,unmatched,0.0
Globus Spirits Limited,,unmatched,0.0
Glory Star New Media Group Holdings Limited,,unmatched,0.0
"GlycoMimetics, Inc.",,unmatched,0.0
GMM Pfaudler Limited,,unmatched,0.0
"GMO Internet, Inc.",,unmatched,0.0
GMR Infrastructure Limited,,unmatched,0.0
GMS Inc.,GMS,exact,100.0
GN Store Nord A S,,unmatched,0.0
GoDaddy Inc.,,unmatched,0.0
Godawari Power & Ispat Limited,,unmatched,0.0
Godrej Agrovet Limited,,unmatched,0.0
Godrej Consumer Products Limited,,unmatched,0.0
Godrej Properties Limited,,unmatched,0.0
goeasy Ltd.,,unmatched,0.0
Gofore Oyj,,unmatched,0.0
Gogo Inc.,GOGO,exact,100.0
"GoHealth, Inc.",,unmatched,0.0
Gokaldas Exports Limited,,unmatched,0.0
Golar LNG Limited,,unmatched,0.0
Golden Agri-Resources Ltd,,unmatched,0.0
"Golden Entertainment, Inc.",,unmatched,0.0
Golden Leaf Holdings Ltd.,,unmatched,0.0
Golden Minerals Company,,unmatched,0.0
Golden Ocean Group Limited,,unmatched,0.0
"Goldman Sachs BDC, Inc.",GS,fuzzy,86.66666666666667
Gold Fields Limited,,unmatched,0.0
Gold Resource Corporation,,unmatched,0.0
Gold Road Resources Limited,,unmatched,0.0
"Golub Capital BDC, Inc.",,unmatched,0.0
Gol Linhas Aéreas Inteligentes S.A.,,unmatched,0.0
Goodbaby International Holdings Limited,,unmatched,0.0
Goodfood Market Corp.,,unmatched,0.0
Goodluck India Limited,,unmatched,0.0
Goodman Group,,unmatched,0.0
Goodman Property Trust,,unmatched,0.0
"Goodness Growth Holdings, Inc.",,unmatched,0.0
"GoodRx Holdings, Inc.",GDRX,fuzzy,80.0
Good Energy Group PLC,,unmatched,0.0
good natured Products Inc.,,unmatched,0.0
Good Times Restaurants Inc.,,unmatched,0.0
"Goosehead Insurance, Inc",,unmatched,0.0
"GoPro, Inc.",GORO,fuzzy,88.88888888888889
"Gossamer Bio, Inc.",,unmatched,0.0
GPT Group,GPAT,fuzzy,85.71428571428572
GPT Infraprojects Limited,,unmatched,0.0
Gr. Sarantis S.A.,,unmatched,0.0
Graco Inc.,GCO,fuzzy,75.0
GrafTech International Ltd.,,unmatched,0.0
Grafton Group plc,,unmatched,0.0
Graham Corporation,GRAM,fuzzy,80.0
GrainCorp Limited,,unmatched,0.0
Grainger plc,GAING,fuzzy,76.92307692307692
Grameenphone Ltd.,,unmatched,0.0
Grande West Transportation Group Inc,,unmatched,0.0
"Grand Canyon Education, Inc.",,unmatched,0.0
Granite Construction Incorporated,,unmatched,0.0
Granite Point Mortgage Trust Inc.,,unmatched,0.0
Granite Real Estate Investment Trust,,unmatched,0.0
Granules India Limited,,unmatched,0.0
Gran Colombia Gold Corp.,,unmatched,0.0
Gran Tierra Energy Inc.,,unmatched,0.0
Graphic Packaging Holding Company,,unmatched,0.0
Grasim Industries Limited,,unmatched,0.0
Gravita India Limited,,unmatched,0.0
"Gray Television, Inc.",,unmatched,0.0
Gränges AB (publ),,unmatched,0.0
Great-West Lifeco Inc.,,unmatched,0.0
Great Ajax Corp.,,unmatched,0.0
Great Elm Capital Corporation,,unmatched,0.0
"Great Elm Group, Inc.",,unmatched,0.0
Great Lakes Dredge & Dock Corporation,,unmatched,0.0
Great Panther Mining Limited,,unmatched,0.0
Great Portland Estates Plc,,unmatched,0.0
"Great Southern Bancorp, Inc.",,unmatched,0.0
Greaves Cotton Limited,,unmatched,0.0
"GREE, Inc.",GREE,exact,100.0
Greek Organization of Football Prognostics S.A.,,unmatched,0.0
Greenbrook TMS Inc.,,unmatched,0.0
Greencore Group plc,,unmatched,0.0
Greenlam Industries Limited,,unmatched,0.0
"Greenlane Holdings, Inc.",,unmatched,0.0
"Greenlight Capital Re, Ltd.",,unmatched,0.0
Greenpanel Industries Limited,,unmatched,0.0
Greenply Industries Limited,,unmatched,0.0
GreenPower Motor Company Inc.,,unmatched,0.0
GreenTree Hospitality Group Ltd.,,unmatched,0.0
Greenyard NV,,unmatched,0.0
"Green Brick Partners, Inc.",,unmatched,0.0
Green Dot Corporation,,unmatched,0.0
Green Landscaping Group AB (publ),,unmatched,0.0
"Green Plains Inc., Green Plains Partners LP",,unmatched,0.0
Green Thumb Industries Inc.,,unmatched,0.0
Greggs plc,,unmatched,0.0
"Greif, Inc.",GEF,fuzzy,75.0
Grendene S.A.,,unmatched,0.0
Grenke AG,GENK,fuzzy,80.0
"Grid Dynamics Holdings, Inc.",,unmatched,0.0
Griffon Corporation,,unmatched,0.0
Grindrod Limited,,unmatched,0.0
Grindrod Shipping Holdings Ltd.,,unmatched,0.0
Grit Real Estate Income Group Limited,,unmatched,0.0
Grocery Outlet Holding Corp.,,unmatched,0.0
"Groupon, Inc.",,unmatched,0.0
"Group 1 Automotive, Inc.",,unmatched,0.0
GrowGeneration Corp.,,unmatched,0.0
Growthpoint Properties Australia,,unmatched,0.0
Growthpoint Properties Limited,,unmatched,0.0
GRP Limited,BGRP,fuzzy,85.71428571428572
"Gruma, S.A.B. de C.V.",,unmatched,0.0
Grupa Azoty S.A.,,unmatched,0.0
"Grupo Aeroportuario del Centro Norte, S.A.B. de C.V.",,unmatched,0.0
"Grupo Aeroportuario del Pacífico, S.A.B. de C.V.",,unmatched,0.0
"Grupo Aeroportuario del Sureste, S. A. B. de C. V.",,unmatched,0.0
Grupo Argos S.A.,,unmatched,0.0
Grupo Aval Acciones y Valores S.A.,,unmatched,0.0
"Grupo Bimbo, S.A.B. de C.V.",,unmatched,0.0
"Grupo Carso, S.A.B. de C.V.",,unmatched,0.0
"Grupo Catalana Occidente, S.A.",,unmatched,0.0
"Grupo Cementos de Chihuahua, S.A.B. de C.V.",,unmatched,0.0
Grupo Clarín S.A.,,unmatched,0.0
"Grupo Comercial Chedraui, S.A.B. de C.V.",,unmatched,0.0
Grupo de Inversiones Suramericana S.A.,,unmatched,0.0
Grupo Energía Bogotá S.A. E.S.P.,,unmatched,0.0
"Grupo Financiero Banorte, S.A.B. de C.V.",,unmatched,0.0
Grupo Financiero Galicia S.A.,,unmatched,0.0
"Grupo Gicsa, S.A. de C.V.",,unmatched,0.0
"Grupo Herdez, S.A.B. de C.V.",,unmatched,0.0
"Grupo Hotelero Santa Fe, S.A.B. de C.V.",,unmatched,0.0
"Grupo Industrial Saltillo, S.A.B. de C.V.",,unmatched,0.0
"Grupo México, S.A.B. de C.V.",,unmatched,0.0
Grupo Nutresa S. A.,,unmatched,0.0
Grupo Rotoplas S.A.B. de C.V.,,unmatched,0.0
Grupo Supervielle S.A.,,unmatched,0.0
"Grupo Televisa, S.A.B.",,unmatched,0.0
"Grupo Traxión, S.A.B. de C.V.",,unmatched,0.0
Gruppo MutuiOnline S.p.A,,unmatched,0.0
"GSE Systems, Inc.",CSCO,fuzzy,75.0
"GSI Technology, Inc.",GLSI,fuzzy,85.71428571428572
GSX Techedu Inc.,,unmatched,0.0
GS Yuasa Corporation,,unmatched,0.0
GTEC Holdings Ltd.,GTEC,exact,100.0
GTN Limited,GTN,exact,100.0
GTPL Hathway Limited,,unmatched,0.0
"GT Biopharma, Inc.",,unmatched,0.0
"Guangzhou R&F Properties Co., Ltd.",,unmatched,0.0
"Guaranty Bancshares, Inc.",,unmatched,0.0
Guaranty Trust Bank Plc,,unmatched,0.0
"Guardant Health, Inc.",,unmatched,0.0
GUD Holdings Limited,GD,fuzzy,80.0
"Guess , Inc.",ESS,fuzzy,75.0
"Guidewire Software, Inc.",,unmatched,0.0
Guild Holdings Company,GILD,fuzzy,88.88888888888889
Gujarat Fluorochemicals Limited,,unmatched,0.0
Gujarat Pipavav Port Limited,,unmatched,0.0
Gujarat State Fertilizers & Chemicals Limited,,unmatched,0.0
Gujarat Themis Biosyn Limited,,unmatched,0.0
Gulfport Energy Corporation,,unmatched,0.0
Gulf Bank K.S.C.P.,,unmatched,0.0
Gulf International Services Q.P.S.C.,,unmatched,0.0
"Gulf Island Fabrication, Inc.",,unmatched,0.0
Gulf Oil Lubricants India Limited,,unmatched,0.0
"Gulf Resources, Inc.",,unmatched,0.0
Gurit Holding AG,GRI,fuzzy,75.0
GWA Group Limited,GWAC,fuzzy,85.71428571428572
"GXO Logistics, Inc.",,unmatched,0.0
"H&E Equipment Services, Inc.",,unmatched,0.0
"H&R Block, Inc.",,unmatched,0.0
H&R Real Estate Investment Trust,,unmatched,0.0
H+H International A S,,unmatched,0.0
H.B. Fuller Company,,unmatched,0.0
H.G. Infra Engineering Limited,,unmatched,0.0
H. Lundbeck A S,,unmatched,0.0
Haci Ömer Sabanci Holding A.S.,,unmatched,0.0
Haemonetics Corporation,,unmatched,0.0
Hafnia Limited,,unmatched,0.0
Halfords Group plc,,unmatched,0.0
Hallador Energy Company,,unmatched,0.0
Halliburton Company,,unmatched,0.0
Hall of Fame Resort & Entertainment Company,,unmatched,0.0
Halma plc,HAL,fuzzy,75.0
"Halozyme Therapeutics, Inc.",,unmatched,0.0
Halo Collective Inc.,,unmatched,0.0
Hamborner REIT AG,,unmatched,0.0
Hamburger Hafen und Logistik Aktiengesellschaft,,unmatched,0.0
Hamilton Beach Brands Holding Company,,unmatched,0.0
Hamilton Lane Incorporated,,unmatched,0.0
Hamilton Thorne Ltd.,,unmatched,0.0
Hammerson plc,,unmatched,0.0
Hana Financial Group Inc.,,unmatched,0.0
Hancock Whitney Corporation,,unmatched,0.0
Hanesbrands Inc.,,unmatched,0.0
Hang Lung Group Limited,,unmatched,0.0
Hang Lung Properties Limited,,unmatched,0.0
Hang Seng Bank Limited,,unmatched,0.0
Hanmi Financial Corporation,,unmatched,0.0
"Hannon Armstrong Sustainable Infrastructure Capital, Inc.",,unmatched,0.0
Hannover Rück SE,,unmatched,0.0
Hansa Biopharma AB (publ),,unmatched,0.0
Hansen Technologies Limited,,unmatched,0.0
"Hanwha Life Insurance Co., Ltd.",,unmatched,0.0
Hanwha Solutions Corporation,,unmatched,0.0
Hanza Holding AB (publ),,unmatched,0.0
Hapag-Lloyd Aktiengesellschaft,,unmatched,0.0
Hapvida Participações e Investimentos S.A.,,unmatched,0.0
Harborside Inc.,,unmatched,0.0
Harbour Energy plc,,unmatched,0.0
Hardwoods Distribution Inc.,,unmatched,0.0
Hargreaves Lansdown plc,,unmatched,0.0
"Harley-Davidson, Inc.",,unmatched,0.0
Harmonic Inc.,,unmatched,0.0
"Harmony Biosciences Holdings, Inc.",,unmatched,0.0
Harmony Gold Mining Company Limited,,unmatched,0.0
"Harrow Health, Inc.",,unmatched,0.0
Harsco Corporation,,unmatched,0.0
"Harte Hanks, Inc.",,unmatched,0.0
"Harvard Bioscience, Inc.",,unmatched,0.0
Harvia Oyj,,unmatched,0.0
Harworth Group plc,,unmatched,0.0
"Hasbro, Inc.",,unmatched,0.0
Havells India Limited,,unmatched,0.0
"Haverty Furniture Companies, Inc.",,unmatched,0.0
"Hawaiian Electric Industries, Inc.",,unmatched,0.0
"Hawaiian Holdings, Inc.",,unmatched,0.0
"Haynes International, Inc.",HON,fuzzy,79.06976744186046
Haypp Group AB (publ),,unmatched,0.0
Hays plc,HAS,fuzzy,85.71428571428572
"Hayward Holdings, Inc.",,unmatched,0.0
"HC2 Holdings, Inc.",,unmatched,0.0
"HCA Healthcare, Inc.",,unmatched,0.0
"HCI Group, Inc.",HCI,exact,100.0
HCL Technologies Limited,CL,fuzzy,80.0
HDFC Asset Management Company Limited,,unmatched,0.0
HDFC Bank Limited,,unmatched,0.0
HDFC Life Insurance Company Limited,,unmatched,0.0
Healius Limited,,unmatched,0.0
HealthCare Global Enterprises Limited,,unmatched,0.0
Healthcare Realty Trust Incorporated,,unmatched,0.0
"Healthcare Services Group, Inc.",,unmatched,0.0
"Healthcare Trust, Inc.",,unmatched,0.0
"HealthEquity, Inc.",,unmatched,0.0
"Healthpeak Properties, Inc.",,unmatched,0.0
"HealthStream, Inc.",,unmatched,0.0
Health and Happiness (H&H) International Holdings Limited,,unmatched,0.0
"Health Catalyst, Inc.",,unmatched,0.0
"Heartland Financial USA, Inc.",,unmatched,0.0
Heartland Group Holdings Limited,,unmatched,0.0
Hecla Mining Company,,unmatched,0.0
HEG Limited,HE,fuzzy,80.0
HEICO Corporation,EIC,fuzzy,75.0
HeidelbergCement AG,,unmatched,0.0
HeidelbergCement India Limited,,unmatched,0.0
Heidelberger Druckmaschinen Aktiengesellschaft,,unmatched,0.0
Heidelberg Pharma AG,,unmatched,0.0
"Heidrick & Struggles International, Inc.",,unmatched,0.0
Heijmans N.V.,,unmatched,0.0
Heineken Holding N.V.,,unmatched,0.0
Heineken N.V.,,unmatched,0.0
"Helbiz, Inc.",HLBZ,fuzzy,80.0
Helbor Empreendimentos S.A.,,unmatched,0.0
Helen of Troy Limited,,unmatched,0.0
Helical plc,,unmatched,0.0
"Helios Technologies, Inc.",HLIO,fuzzy,80.0
Helios Towers plc,,unmatched,0.0
"Helius Medical Technologies, Inc.",,unmatched,0.0
"Helix Energy Solutions Group, Inc.",,unmatched,0.0
HELLA GmbH & Co. KGaA,,unmatched,0.0
Hellenic Exchanges - Athens Stock Exchange SA,,unmatched,0.0
Hellenic Petroleum S.A.,,unmatched,0.0
Hellenic Telecommunications Organization S.A.,,unmatched,0.0
HelloFresh SE,,unmatched,0.0
Hello Group Inc.,,unmatched,0.0
"Helmerich & Payne, Inc.",,unmatched,0.0
Helvetia Holding AG,,unmatched,0.0
Hemnet Group AB (publ),,unmatched,0.0
Henkel AG & Co. KGaA,,unmatched,0.0
"Henry Schein, Inc.",,unmatched,0.0
Hensoldt AG,,unmatched,0.0
Herantis Pharma Oyj,,unmatched,0.0
Hera S.p.A.,,unmatched,0.0
Herbalife Nutrition Ltd.,,unmatched,0.0
"Hercules Capital, Inc.",,unmatched,0.0
Herc Holdings Inc.,HRC,fuzzy,85.71428571428572
Heritage Financial Corporation,,unmatched,0.0
Heritage Foods Limited,,unmatched,0.0
Heritage Global Inc.,,unmatched,0.0
"Heritage Insurance Holdings, Inc.",,unmatched,0.0
"Herman Miller, Inc.",,unmatched,0.0
Hermès International Société en commandite par actions,,unmatched,0.0
"Heron Therapeutics, Inc.",,unmatched,0.0
Hero MotoCorp Limited,,unmatched,0.0
"Hertz Global Holdings, Inc.",,unmatched,0.0
Hess Corporation,ESS,fuzzy,85.71428571428572
Hess Midstream LP,,unmatched,0.0
Hester Biosciences Limited,,unmatched,0.0
Hewlett Packard Enterprise Company,,unmatched,0.0
Hexagon AB (publ),,unmatched,0.0
Hexagon Composites ASA,,unmatched,0.0
Hexcel Corporation,EXCE,fuzzy,80.0
HEXPOL AB (publ),,unmatched,0.0
Héroux-Devtek Inc.,,unmatched,0.0
HFCL Limited,HFC,fuzzy,85.71428571428572
Hi-Tech Pipes Limited,,unmatched,0.0
"Hibbett, Inc.",,unmatched,0.0
"Hibbett Sports, Inc.",,unmatched,0.0
HICL Infrastructure PLC,,unmatched,0.0
"HighPeak Energy, Inc.",,unmatched,0.0
"Highwoods Properties, Inc.",,unmatched,0.0
High Arctic Energy Services Inc,,unmatched,0.0
High Liner Foods Incorporated,,unmatched,0.0
Hikal Limited,HAL,fuzzy,75.0
Hikma Pharmaceuticals PLC,,unmatched,0.0
"Hillenbrand, Inc.",,unmatched,0.0
Hillman Solutions Corp.,,unmatched,0.0
Hilltop Holdings Inc.,,unmatched,0.0
Hilton Grand Vacations Inc.,,unmatched,0.0
Hilton Worldwide Holdings Inc.,,unmatched,0.0
HIL Limited,HIL,exact,100.0
Himatsingka Seide Limited,,unmatched,0.0
"Himax Technologies, Inc.",HMA,fuzzy,75.0
"Hims & Hers Health, Inc.",,unmatched,0.0
Hindalco Industries Limited,,unmatched,0.0
Hinduja Global Solutions Limited,,unmatched,0.0
"Hindustan Media Ventures Limited, HT Media Limited",,unmatched,0.0
Hindustan Oil Exploration Company Limited,,unmatched,0.0
Hindustan Petroleum Corporation Limited,,unmatched,0.0
Hindustan Unilever Limited,,unmatched,0.0
Hindustan Zinc Limited,,unmatched,0.0
Hipgnosis Songs Fund Limited,,unmatched,0.0
"HireQuest, Inc.",,unmatched,0.0
Hiscox Ltd,ISCO,fuzzy,80.0
"Hitachi, Ltd.",,unmatched,0.0
Hitachi Zosen Corporation,,unmatched,0.0
HIVE Blockchain Technologies Ltd.,,unmatched,0.0
HKBN Ltd.,HBAN,fuzzy,75.0
HKT Trust and HKT Limited,,unmatched,0.0
HLS Therapeutics Inc.,,unmatched,0.0
HMS Hydraulic Machines & Systems Group plc,,unmatched,0.0
HMS Networks AB (publ),,unmatched,0.0
HNI Corporation,HNI,exact,100.0
Hochschild Mining plc,,unmatched,0.0
HOCHTIEF Aktiengesellschaft,,unmatched,0.0
Hoist Finance AB (publ),,unmatched,0.0
Holcim Ltd,,unmatched,0.0
HolidayCheck Group AG,,unmatched,0.0
Holley Inc.,HLLY,fuzzy,80.0
HollyFrontier Corporation,,unmatched,0.0
Hollysys Automation Technologies Ltd.,,unmatched,0.0
Hollywood Bowl Group plc,,unmatched,0.0
"Holly Energy Partners, L.P., HollyFrontier Corporation",,unmatched,0.0
Holmen AB (publ),,unmatched,0.0
"Hologic, Inc.",,unmatched,0.0
home24 SE,HOME,fuzzy,80.0
HomeCo Daily Needs REIT,,unmatched,0.0
"HomeStreet, Inc.",,unmatched,0.0
"Home Bancshares, Inc. (Conway, AR)",,unmatched,0.0
Home Consortium Limited,,unmatched,0.0
Home Reit Plc,,unmatched,0.0
"Honda Motor Co., Ltd.",F,fuzzy,76.19047619047619
Honeywell International Inc.,HON,known,100.0
Hongkong Land Holdings Limited,,unmatched,0.0
Hong Kong Exchanges and Clearing Limited,,unmatched,0.0
Hooker Furnishings Corporation,,unmatched,0.0
Hooker Furniture Corporation,,unmatched,0.0
"Hope Bancorp, Inc.",,unmatched,0.0
Horace Mann Educators Corporation,,unmatched,0.0
"Horizon Bancorp, Inc.",,unmatched,0.0
Horizon Oil Limited,,unmatched,0.0
Horizon Technology Finance Corporation,,unmatched,0.0
Hormel Foods Corporation,,unmatched,0.0
"HORNBACH Baumarkt AG, HORNBACH Holding AG & Co. KGaA",,unmatched,0.0
"HORNBACH Holding AG & Co. KGaA, HORNBACH Baumarkt AG",,unmatched,0.0
HORNBACH Holding AG & Co. KGaA,,unmatched,0.0
"Host Hotels & Resorts, Inc.",,unmatched,0.0
"Hoteles City Express, S.A.B. de C.V.",,unmatched,0.0
"Houlihan Lokey, Inc.",,unmatched,0.0
"Hovnanian Enterprises, Inc.",,unmatched,0.0
Howden Joinery Group Plc,,unmatched,0.0
Howmet Aerospace Inc.,,unmatched,0.0
HPL Electric & Power Limited,,unmatched,0.0
HP Inc.,HP,exact,100.0
Hrvatski Telekom d.d.,,unmatched,0.0
HSBC Holdings plc,HSC,fuzzy,85.71428571428572
HSIL Limited,HIL,fuzzy,85.71428571428572
HSS Hire Group plc,,unmatched,0.0
HT&E Limited,EFHT,fuzzy,75.0
"HTG Molecular Diagnostics, Inc.",,unmatched,0.0
"Huaneng Power International, Inc.",,unmatched,0.0
Huazhu Group Limited,,unmatched,0.0
Hua Hong Semiconductor Limited,,unmatched,0.0
Hua Medicine (Shanghai) Ltd.,,unmatched,0.0
HUB24 Limited,,unmatched,0.0
Hubbell Incorporated,,unmatched,0.0
Huber+Suhner AG,,unmatched,0.0
"HubSpot, Inc.",,unmatched,0.0
"Hub Group, Inc.",HUBB,fuzzy,85.71428571428572
Hudbay Minerals Inc.,,unmatched,0.0
"Hudson Global, Inc.",,unmatched,0.0
"Hudson Pacific Properties, Inc.",,unmatched,0.0
"Hudson Technologies, Inc.",HDSN,fuzzy,80.0
Hugo Boss AG,,unmatched,0.0
Huhtamäki Oyj,,unmatched,0.0
Huize Holding Limited,UZE,fuzzy,75.0
Hulamin Limited,,unmatched,0.0
Humana AB (publ),,unmatched,0.0
Humana Inc.,HUMA,fuzzy,80.0
Humm Group Limited,HUM,fuzzy,85.71428571428572
Huntington Bancshares Incorporated,,unmatched,0.0
"Huntington Ingalls Industries, Inc.",,unmatched,0.0
Hunting PLC,,unmatched,0.0
Huntsman Corporation,,unmatched,0.0
Huron Consulting Group Inc.,,unmatched,0.0
Husqvarna AB (publ),,unmatched,0.0
Hutchison China MediTech Limited,,unmatched,0.0
Hutchison Port Holdings Trust,,unmatched,0.0
Hutchison Telecommunications Hong Kong Holdings Limited,,unmatched,0.0
HUTCHMED (China) Limited,,unmatched,0.0
HUYA Inc.,CHUY,fuzzy,75.0
Hyatt Hotels Corporation,,unmatched,0.0
Hycroft Mining Holding Corporation,,unmatched,0.0
"Hydrofarm Holdings Group, Inc.",,unmatched,0.0
Hydro One Limited,,unmatched,0.0
Hyliion Holdings Corp.,,unmatched,0.0
Hypera S.A.,HERA,fuzzy,80.0
Hypoport SE,,unmatched,0.0
Hyprop Investments Limited,,unmatched,0.0
HyreCar Inc.,,unmatched,0.0
Hysan Development Company Limited,,unmatched,0.0
"Hyster-Yale Materials Handling, Inc.",,unmatched,0.0
H & M Hennes & Mauritz AB (publ),,unmatched,0.0
i-80 Gold Corp.,,unmatched,0.0
I-Mab,IMAB,fuzzy,88.88888888888889
"i3 Verticals, Inc.",,unmatched,0.0
IAMGOLD Corporation,,unmatched,0.0
iA Financial Corporation Inc.,,unmatched,0.0
IBC Advanced Alloys Corp.,,unmatched,0.0
"Iberdrola, S.A.",,unmatched,0.0
IBEX Limited,IBEX,exact,100.0
Ibstock plc,,unmatched,0.0
"iCAD, Inc.",ICAD,exact,100.0
Icade SA,CADE,fuzzy,88.88888888888889
Icahn Enterprises L.P.,,unmatched,0.0
"ICF International, Inc.",,unmatched,0.0
Ichigo Inc.,,unmatched,0.0
"Ichor Holdings, Ltd.",ICHR,fuzzy,88.88888888888889
ICICI Bank Limited,,unmatched,0.0
ICICI Lombard General Insurance Company Limited,,unmatched,0.0
ICICI Prudential Life Insurance Company Limited,,unmatched,0.0
ICICI Securities Limited,,unmatched,0.0
iClick Interactive Asia Group Limited,,unmatched,0.0
ICL Group Ltd,CL,fuzzy,80.0
ICON Public Limited Company,,unmatched,0.0
"ICU Medical, Inc.",,unmatched,0.0
"IDACORP, Inc.",,unmatched,0.0
IDBI Bank Limited,,unmatched,0.0
Ideal Power Inc.,,unmatched,0.0
"Ideanomics, Inc.",,unmatched,0.0
"Idemitsu Kosan Co.,Ltd.",,unmatched,0.0
"Identiv, Inc.",,unmatched,0.0
"IDEXX Laboratories, Inc.",,unmatched,0.0
IDEX Biometrics ASA,,unmatched,0.0
IDEX Corporation,IDEX,exact,100.0
IDFC First Bank Limited,,unmatched,0.0
IDFC Limited,CIFC,fuzzy,75.0
IDLC Finance Limited,,unmatched,0.0
Idorsia Ltd,,unmatched,0.0
IDOX plc,DOX,fuzzy,85.71428571428572
IDP Education Limited,,unmatched,0.0
IDT Corporation,IDT,exact,100.0
"IDW Media Holdings, Inc.",,unmatched,0.0
iFAST Corporation Ltd.,FAST,fuzzy,88.88888888888889
IFB Industries Limited,,unmatched,0.0
IFGL Refractories Limited,,unmatched,0.0
IGG Inc,BIGGQ,fuzzy,75.0
"IGM Biosciences, Inc.",,unmatched,0.0
IGM Financial Inc.,,unmatched,0.0
IGO Limited,IMGO,fuzzy,85.71428571428572
IG Design Group plc,,unmatched,0.0
IG Group Holdings plc,AIG,fuzzy,80.0
"iHeartMedia, Inc.",,unmatched,0.0
IHH Healthcare Berhad,,unmatched,0.0
IHI Corporation,HI,fuzzy,80.0
II-VI Incorporated,IIVI,fuzzy,88.88888888888889
IIFL Finance Limited,,unmatched,0.0
IIFL Securities Limited,,unmatched,0.0
IIFL Wealth Management Limited,,unmatched,0.0
ikeGPS Group Limited,,unmatched,0.0
Illinois Tool Works Inc.,,unmatched,0.0
"Illumina, Inc.",,unmatched,0.0
"ImageWare Systems, Inc.",,unmatched,0.0
"IMAX China Holding, Inc.",,unmatched,0.0
IMAX Corporation,IMA,fuzzy,85.71428571428572
IMCD N.V.,,unmatched,0.0
Imdex Limited,IDEX,fuzzy,88.88888888888889
Imerys S.A.,,unmatched,0.0
ImExHS Limited,,unmatched,0.0
IMINT Image Intelligence AB (publ.),,unmatched,0.0
IMI plc,IMBI,fuzzy,85.71428571428572
Immersion Corporation,,unmatched,0.0
Immobiliare Grande Distribuzione SIIQ S.p.A.,,unmatched,0.0
IMMOFINANZ AG,,unmatched,0.0
ImmuCell Corporation,,unmatched,0.0
"Immunic, Inc.",,unmatched,0.0
"Immunovant, Inc.",,unmatched,0.0
Immunovia AB (publ),,unmatched,0.0
Impact Healthcare REIT PLC,,unmatched,0.0
IMPACT Silver Corp.,,unmatched,0.0
"Impac Mortgage Holdings, Inc.",,unmatched,0.0
Impala Platinum Holdings Limited,,unmatched,0.0
Impax Asset Management Group plc,,unmatched,0.0
ImpediMed Limited,,unmatched,0.0
Imperial Brands PLC,,unmatched,0.0
Imperial Oil Limited,,unmatched,0.0
"Impinj, Inc.",,unmatched,0.0
Implenia AG,,unmatched,0.0
"Imricor Medical Systems, Inc.",,unmatched,0.0
IMV Inc.,IMVT,fuzzy,85.71428571428572
"Inari Medical, Inc.",,unmatched,0.0
Inchcape plc,,unmatched,0.0
Incitec Pivot Limited,,unmatched,0.0
Incyte Corporation,INCY,fuzzy,80.0
"Independence Contract Drilling, Inc.",,unmatched,0.0
"Independence Realty Trust, Inc.",,unmatched,0.0
Independent Bank Corp.,,unmatched,0.0
Independent Bank Corporation,,unmatched,0.0
"Independent Bank Group, Inc.",,unmatched,0.0
Indiabulls Housing Finance Limited,,unmatched,0.0
IndiaMART InterMESH Limited,,unmatched,0.0
Indian Bank,,unmatched,0.0
Indian Energy Exchange Limited,,unmatched,0.0
Indian Oil Corporation Limited,,unmatched,0.0
Indian Railway Catering & Tourism Corporation Limited,,unmatched,0.0
India Grid Trust,,unmatched,0.0
Inditrade Capital Limited,,unmatched,0.0
Indivior PLC,,unmatched,0.0
Indoco Remedies Limited,,unmatched,0.0
Indorama Ventures Public Company Limited,,unmatched,0.0
IndoStar Capital Finance Limited,,unmatched,0.0
Indo Count Industries Limited,,unmatched,0.0
"Indra Sistemas, S.A.",,unmatched,0.0
IndusInd Bank Limited,,unmatched,0.0
Industrial & Infrastructure Fund Investment Corporation,,unmatched,0.0
Industrial and Commercial Bank of China Limited,,unmatched,0.0
Industrial Logistics Properties Trust,,unmatched,0.0
"Industrias Bachoco, S.A.B. de C.V.",,unmatched,0.0
"Industria de Diseño Textil, S.A.",,unmatched,0.0
Industries Qatar Q.P.S.C.,,unmatched,0.0
"Indus Holdings, Inc.",INS,fuzzy,75.0
Indus Towers Limited,,unmatched,0.0
Indutrade AB (publ),,unmatched,0.0
Indústrias Romi S.A.,,unmatched,0.0
INEOS Styrolution India Limited,,unmatched,0.0
Infibeam Avenues Limited,,unmatched,0.0
INFICON Holding AG,,unmatched,0.0
Infineon Technologies AG,,unmatched,0.0
Infinera Corporation,,unmatched,0.0
"Infinity Pharmaceuticals, Inc.",,unmatched,0.0
InfoBeans Technologies Limited,,unmatched,0.0
Infomedia Ltd,,unmatched,0.0
Informatica Inc.,,unmatched,0.0
Information Services Corporation,,unmatched,0.0
"Information Services Group, Inc.",,unmatched,0.0
Informa plc,,unmatched,0.0
Infosys Limited,,unmatched,0.0
Info Edge (India) Limited,,unmatched,0.0
Infrastrutture Wireless Italiane S.p.A.,,unmatched,0.0
Infratil Limited,,unmatched,0.0
InfuSystem Holdings Inc.,,unmatched,0.0
Ingenia Communities Group,,unmatched,0.0
Ingersoll Rand Inc.,,unmatched,0.0
Ingevity Corporation,,unmatched,0.0
Inghams Group Limited,,unmatched,0.0
Ingredion Incorporated,,unmatched,0.0
ING Bank Slaski S.A.,,unmatched,0.0
ING Groep N.V.,,unmatched,0.0
InMed Pharmaceuticals Inc.,,unmatched,0.0
"Inmobiliaria Colonial, SOCIMI, S.A.",,unmatched,0.0
InMode Ltd.,INOD,fuzzy,80.0
"INmune Bio, Inc.",,unmatched,0.0
Innate Pharma S.A.,,unmatched,0.0
Innergex Renewable Energy Inc.,,unmatched,0.0
Innodata Inc.,,unmatched,0.0
Innolux Corporation,,unmatched,0.0
Innospec Inc.,,unmatched,0.0
InnovAge Holding Corp.,,unmatched,0.0
INNOVATE Corp.,,unmatched,0.0
"Innovative Industrial Properties, Inc.",,unmatched,0.0
"Innovative Solutions and Support, Inc.",,unmatched,0.0
Innoviz Technologies Ltd.,,unmatched,0.0
"Inogen, Inc.",INGN,fuzzy,80.0
"Inotiv, Inc.",NOTV,fuzzy,80.0
"Inovio Pharmaceuticals, Inc.",,unmatched,0.0
INOX Leisure Limited,,unmatched,0.0
Inox Wind Limited,,unmatched,0.0
Inpex Corporation,INPX,fuzzy,88.88888888888889
InRetail Perú Corp.,,unmatched,0.0
Inscape Corporation,,unmatched,0.0
Insecticides (India) Limited,,unmatched,0.0
Inseego Corp.,,unmatched,0.0
"Insight Enterprises, Inc.",,unmatched,0.0
Insmed Incorporated,INSE,fuzzy,80.0
"Insperity, Inc.",,unmatched,0.0
"Inspired Entertainment, Inc.",,unmatched,0.0
Inspired Plc,,unmatched,0.0
"InspireMD, Inc.",,unmatched,0.0
"Inspire Medical Systems, Inc.",,unmatched,0.0
Insr Insurance Group ASA,,unmatched,0.0
Instalco AB (publ),,unmatched,0.0
"Installed Building Products, Inc.",,unmatched,0.0
"Insteel Industries, Inc.",,unmatched,0.0
"Instructure Holdings, Inc.",,unmatched,0.0
Insulet Corporation,,unmatched,0.0
Insurance Australia Group Limited,,unmatched,0.0
Intact Financial Corporation,,unmatched,0.0
"Intapp, Inc.",INTA,fuzzy,80.0
Integer Holdings Corporation,,unmatched,0.0
Integral Ad Science Holding Corp.,,unmatched,0.0
Integral Diagnostics Limited,,unmatched,0.0
Integrated Diagnostics Holdings plc,,unmatched,0.0
Integrated Holding Company K.S.C.P.,,unmatched,0.0
"Integrated Micro-Electronics, Inc.",,unmatched,0.0
Integrated Research Limited,,unmatched,0.0
Integra LifeSciences Holdings Corporation,,unmatched,0.0
IntelGenx Technologies Corp.,,unmatched,0.0
Intellect Design Arena Limited,,unmatched,0.0
"Intellia Therapeutics, Inc.",,unmatched,0.0
"Intellicheck, Inc.",,unmatched,0.0
Intelligent Systems Corporation,,unmatched,0.0
Intel Corporation,INTC,known,100.0
Intense Technologies Limited,,unmatched,0.0
"Interactive Brokers Group, Inc.",,unmatched,0.0
Interconexión Eléctrica S.A. E.S.P.,,unmatched,0.0
"Intercontinental Exchange, Inc.",,unmatched,0.0
InterContinental Hotels Group PLC,,unmatched,0.0
Intercorp Financial Services Inc.,,unmatched,0.0
InterCure Ltd.,,unmatched,0.0
"InterDigital, Inc.",,unmatched,0.0
"Interface, Inc.",,unmatched,0.0
Interfor Corporation,,unmatched,0.0
InterGlobe Aviation Limited,,unmatched,0.0
Intermediate Capital Group plc,,unmatched,0.0
International Business Machines Corporation,,unmatched,0.0
"International Consolidated Airlines Group, S.A.",,unmatched,0.0
"International Container Terminal Services, Inc.",,unmatched,0.0
International Flavors & Fragrances Inc.,,unmatched,0.0
International Game Technology PLC,,unmatched,0.0
International General Insurance Holdings Ltd.,,unmatched,0.0
International Meal Company Alimentação S.A.,,unmatched,0.0
"International Money Express, Inc.",,unmatched,0.0
International Paper Company,,unmatched,0.0
International Personal Finance plc,,unmatched,0.0
International Petroleum Corporation,,unmatched,0.0
International Public Partnerships Limited,,unmatched,0.0
"International Seaways, Inc.",,unmatched,0.0
"Interpace Biosciences, Inc.",,unmatched,0.0
Interpump Group S.p.A.,,unmatched,0.0
InterRent Real Estate Investment Trust,,unmatched,0.0
Interroll Holding AG,,unmatched,0.0
Intertek Group plc,,unmatched,0.0
"Inter Parfums, Inc.",,unmatched,0.0
Intesa Sanpaolo S.p.A.,,unmatched,0.0
inTEST Corporation,INST,fuzzy,80.0
"Intevac, Inc.",,unmatched,0.0
Intouch Holdings Public Company Limited,,unmatched,0.0
"Intra-Cellular Therapies, Inc.",,unmatched,0.0
Intralot S.A. Integrated Lottery Systems and Services,,unmatched,0.0
"Intrepid Potash, Inc.",,unmatched,0.0
Intrum AB (publ),,unmatched,0.0
Intrusion Inc.,,unmatched,0.0
"Intuitive Surgical, Inc.",,unmatched,0.0
Intuit Inc.,INTT,fuzzy,80.0
"Inuvo, Inc.",INUV,fuzzy,88.88888888888889
Inventiva S.A.,,unmatched,0.0
InvenTrust Properties Corp.,,unmatched,0.0
Inversiones La Construcción S.A.,,unmatched,0.0
Invesco Ltd.,,unmatched,0.0
Invesco Mortgage Capital Inc.,,unmatched,0.0
Invesque Inc.,,unmatched,0.0
"Investcorp Credit Management BDC, Inc.",,unmatched,0.0
Investec Group,,unmatched,0.0
Investec Property Fund Limited,,unmatched,0.0
Investis Holding SA,,unmatched,0.0
Investment AB Latour (publ),,unmatched,0.0
Investors Real Estate Trust,,unmatched,0.0
Investor AB (publ),,unmatched,0.0
Invisio AB (publ),,unmatched,0.0
Invitae Corporation,,unmatched,0.0
Invitation Homes Inc.,,unmatched,0.0
Inwido AB,,unmatched,0.0
Inwido AB (publ),,unmatched,0.0
Iochpe-Maxion S.A.,,unmatched,0.0
"Ionis Pharmaceuticals, Inc.",,unmatched,0.0
Ion Beam Applications SA,,unmatched,0.0
Ion Exchange (India) Limited,,unmatched,0.0
IOOF Holdings Ltd,IPOF,fuzzy,75.0
"Iovance Biotherapeutics, Inc.",,unmatched,0.0
Ipca Laboratories Limited,,unmatched,0.0
IPG Photonics Corporation,,unmatched,0.0
IPH Limited,BIPH,fuzzy,85.71428571428572
iPower Inc.,IPWR,fuzzy,80.0
Ipsen S.A.,PEN,fuzzy,75.0
Ipsos SA,ISO,fuzzy,75.0
IP Group Plc,IP,exact,100.0
"iQIYI, Inc.",III,fuzzy,75.0
IQVIA Holdings Inc.,IQV,fuzzy,75.0
IRadimed Corporation,,unmatched,0.0
IRB-Brasil Resseguros S.A.,,unmatched,0.0
IRB Infrastructure Developers Limited,,unmatched,0.0
Ircon International Limited,,unmatched,0.0
IRC Limited,AIRC,fuzzy,85.71428571428572
Iren SpA,,unmatched,0.0
IRESS Limited,ESS,fuzzy,75.0
Iress Limited,ESS,fuzzy,75.0
"iRhythm Technologies, Inc.",,unmatched,0.0
IRIDEX Corporation,IDEX,fuzzy,80.0
Iridium Communications Inc.,VZ,fuzzy,77.27272727272727
Irish Residential Properties REIT Plc,,unmatched,0.0
IRIS Business Services Limited,,unmatched,0.0
iRobot Corporation,IRBT,fuzzy,80.0
"Ironwood Pharmaceuticals, Inc.",,unmatched,0.0
Iron Mountain Incorporated,,unmatched,0.0
IRSA Inversiones y Representaciones Sociedad Anónima,,unmatched,0.0
Isgec Heavy Engineering Limited,,unmatched,0.0
"Isoray, Inc.",,unmatched,0.0
Israel Discount Bank Limited,,unmatched,0.0
Issuer Direct Corporation,,unmatched,0.0
ISS A S,,unmatched,0.0
istyle Inc.,ISLE,fuzzy,80.0
"iSun, Inc.",ISUN,exact,100.0
Italgas S.p.A.,,unmatched,0.0
Itaúsa - Investimentos Itaú S.A.,,unmatched,0.0
Itaúsa - Investimentos Itaú SA,,unmatched,0.0
Itaú Corpbanca,,unmatched,0.0
Itaú Unibanco Holding S.A.,,unmatched,0.0
ITD Cementation India Limited,,unmatched,0.0
"iTeos Therapeutics, Inc.",,unmatched,0.0
Itera ASA,,unmatched,0.0
"Iteris, Inc.",ITRI,fuzzy,80.0
Iterum Therapeutics plc,,unmatched,0.0
Itissalat Al-Maghrib (IAM) S.A.,,unmatched,0.0
ITM Power Plc,,unmatched,0.0
ITOCHU Corporation,,unmatched,0.0
"Itron, Inc.",IRON,fuzzy,88.88888888888889
ITT Inc.,ITT,exact,100.0
Ituran Location and Control Ltd.,,unmatched,0.0
ITV plc,IT,fuzzy,80.0
"IT Tech Packaging, Inc.",,unmatched,0.0
Ivanhoe Mines Ltd.,,unmatched,0.0
IVE Group Limited,FIVE,fuzzy,85.71428571428572
IVS Group S.A.,VIVS,fuzzy,85.71428571428572
IWG plc,,unmatched,0.0
IXICO plc,,unmatched,0.0
"IZEA Worldwide, Inc.",,unmatched,0.0
"J.B. Hunt Transport Services, Inc.",,unmatched,0.0
"J.Jill, Inc.",JILL,fuzzy,80.0
J.K. Cement Limited,,unmatched,0.0
J. B. Chemicals & Pharmaceuticals Limited,,unmatched,0.0
"J. Front Retailing Co., Ltd.",,unmatched,0.0
J. Kumar Infraprojects Limited,,unmatched,0.0
"J2 Global, Inc.",,unmatched,0.0
Jabil Inc.,ABL,fuzzy,75.0
Jackson Financial Inc.,,unmatched,0.0
"Jack Henry & Associates, Inc.",,unmatched,0.0
Jack in the Box Inc.,,unmatched,0.0
Jacobs Engineering Group Inc.,,unmatched,0.0
Jadestone Energy Inc.,,unmatched,0.0
Jadestone Energy plc,,unmatched,0.0
"Jaguar Health, Inc.",,unmatched,0.0
Jain Irrigation Systems Limited,,unmatched,0.0
"JAKKS Pacific, Inc.",,unmatched,0.0
James Hardie Industries plc,,unmatched,0.0
"James River Group Holdings, Ltd.",,unmatched,0.0
Jamf Holding Corp.,JAMF,exact,100.0
Jamieson Wellness Inc.,,unmatched,0.0
Janison Education Group Limited,,unmatched,0.0
Janus Henderson Group plc,,unmatched,0.0
"Janus International Group, Inc.",,unmatched,0.0
Japan Display Inc.,,unmatched,0.0
"Japan Exchange Group, Inc.",,unmatched,0.0
"Japan Post Insurance Co., Ltd.",,unmatched,0.0
Japan Real Estate Investment Corporation,,unmatched,0.0
Japan Tobacco Inc.,,unmatched,0.0
Jardine Matheson Holdings Limited,,unmatched,0.0
Jastrzebska Spólka Weglowa S.A.,,unmatched,0.0
Jayride Group Limited,,unmatched,0.0
Jazeera Airways K.S.C.P.,,unmatched,0.0
Jazz Pharmaceuticals plc,,unmatched,0.0
JBS S.A.,JBGS,fuzzy,85.71428571428572
JB Hi-Fi Limited,,unmatched,0.0
JCDecaux SA,,unmatched,0.0
"JD.com, Inc.",,unmatched,0.0
JDE Peet's N.V.,,unmatched,0.0
"JELD-WEN Holding, Inc.",,unmatched,0.0
Jenoptik AG,,unmatched,0.0
"Jerash Holdings (US), Inc.",,unmatched,0.0
"Jerónimo Martins, SGPS, S.A.",,unmatched,0.0
JetBlue Airways Corporation,,unmatched,0.0
Jetpak Top Holding AB (publ),,unmatched,0.0
JFrog Ltd.,FROG,fuzzy,88.88888888888889
JGC Holdings Corporation,JGGC,fuzzy,85.71428571428572
JHSF Participações S.A.,,unmatched,0.0
Jiayin Group Inc.,,unmatched,0.0
Jindal Saw Limited,,unmatched,0.0
"Jindal Stainless (Hisar) Limited, Jindal Stainless Limited",,unmatched,0.0
Jindal Stainless (Hisar) Limited,,unmatched,0.0
Jindal Stainless Limited,,unmatched,0.0
Jindal Steel & Power Limited,,unmatched,0.0
Jinhui Shipping and Transportation Limited,,unmatched,0.0
"JinkoSolar Holding Co., Ltd.",,unmatched,0.0
JK Lakshmi Cement Limited,,unmatched,0.0
"JMC Projects (India) Limited, Kalpataru Power Transmission Limited",,unmatched,0.0
JMC Projects (India) Limited,,unmatched,0.0
JM Financial Limited,,unmatched,0.0
Johnson & Johnson,JNJ,known,100.0
Johnson Controls International plc,,unmatched,0.0
Johnson Matthey Plc,,unmatched,0.0
Johnson Outdoors Inc.,,unmatched,0.0
"John B. Sanfilippo & Son, Inc.",,unmatched,0.0
John Bean Technologies Corporation,,unmatched,0.0
"John Wiley & Sons, Inc.",,unmatched,0.0
John Wood Group PLC,,unmatched,0.0
Joint Stock Company Halyk Savings Bank of Kazakhstan,,unmatched,0.0
joint stock company National atomic company Kazatomprom,,unmatched,0.0
Jones Lang LaSalle Incorporated,,unmatched,0.0
Jones Soda Co.,,unmatched,0.0
JOST Werke AG,,unmatched,0.0
JOYY Inc.,JOBY,fuzzy,75.0
JPMorgan Chase & Co.,JPM,known,100.0
JSC Halyk bank,,unmatched,0.0
JSC National Atomic Company Kazatomprom,,unmatched,0.0
JSE Limited,,unmatched,0.0
JSL S.A.,,unmatched,0.0
JSW Energy Limited,,unmatched,0.0
JSW Steel Limited,,unmatched,0.0
JTC PLC,JCTC,fuzzy,85.71428571428572
Jubilant FoodWorks Limited,,unmatched,0.0
Jubilant Ingrevia Limited,,unmatched,0.0
Jubilant Life Sciences Limited,,unmatched,0.0
Jubilant Pharmova Limited,,unmatched,0.0
Julius Bär Gruppe AG,,unmatched,0.0
Jumia Technologies AG,,unmatched,0.0
"Juniper Networks, Inc.",,unmatched,0.0
Jupai Holdings Limited,,unmatched,0.0
Jupiter Fund Management Plc,,unmatched,0.0
Jupiter Mines Limited,,unmatched,0.0
Jushi Holdings Inc.,JUSHF,fuzzy,80.0
Just Dial Limited,,unmatched,0.0
Just Eat Takeaway.com N.V.,,unmatched,0.0
Just Group plc,JOUT,fuzzy,75.0
Jyothy Labs Limited,,unmatched,0.0
J & J Snack Foods Corp.,,unmatched,0.0
J Sainsbury plc,,unmatched,0.0
K+S Aktiengesellschaft,,unmatched,0.0
K-Bro Linen Inc.,,unmatched,0.0
K.P.R. Mill Limited,,unmatched,0.0
K92 Mining Inc.,,unmatched,0.0
Kaap Agri Limited,,unmatched,0.0
Kadant Inc.,,unmatched,0.0
Kaiser Aluminum Corporation,,unmatched,0.0
Kajaria Ceramics Limited,,unmatched,0.0
"Kakaku.com, Inc.",,unmatched,0.0
Kakao Corp.,AKA,fuzzy,75.0
"Kala Pharmaceuticals, Inc.",,unmatched,0.0
Kalpataru Power Transmission Limited,,unmatched,0.0
"Kaltura, Inc.",,unmatched,0.0
Kamada Ltd.,,unmatched,0.0
Kambi Group plc,KAI,fuzzy,75.0
Kamdhenu Limited,,unmatched,0.0
Kamux Oyj,,unmatched,0.0
"Kandi Technologies Group, Inc.",ADI,fuzzy,75.0
Kane Biotech Inc.,,unmatched,0.0
Kansai Nerolac Paints Limited,,unmatched,0.0
Kanzhun Limited,,unmatched,0.0
Kao Corporation,KA,fuzzy,80.0
Kapsch TrafficCom AG,,unmatched,0.0
KAP Industrial Holdings Limited,,unmatched,0.0
Karat Packaging Inc.,,unmatched,0.0
Kardex AG,ADEX,fuzzy,80.0
Karnov Group AB (publ),,unmatched,0.0
Karoon Energy Ltd,,unmatched,0.0
Karooooo Ltd.,,unmatched,0.0
Karora Resources Inc.,,unmatched,0.0
Karyopharm Therapeutics Inc.,,unmatched,0.0
"KAR Auction Services, Inc.",,unmatched,0.0
Kaspien Holdings Inc.,,unmatched,0.0
"Katapult Holdings, Inc.",,unmatched,0.0
Kathmandu Holdings Limited,,unmatched,0.0
Kaveri Seed Company Limited,,unmatched,0.0
"Kawasaki Heavy Industries, Ltd.",,unmatched,0.0
"Kawasaki Kisen Kaisha, Ltd.",,unmatched,0.0
Kaya Limited,AKYA,fuzzy,75.0
KBC Group NV,KBDC,fuzzy,85.71428571428572
"KBR, Inc.",KBR,exact,100.0
KB Financial Group Inc.,,unmatched,0.0
KB Home,,unmatched,0.0
Kcell Joint Stock Company,,unmatched,0.0
KDDI Corporation,,unmatched,0.0
KDDL Limited,KDLY,fuzzy,75.0
KEC International Limited,,unmatched,0.0
KEI Industries Limited,,unmatched,0.0
Keller Group plc,,unmatched,0.0
Kellogg Company,,unmatched,0.0
Kellton Tech Solutions Limited,,unmatched,0.0
Kelly Partners Group Holdings Limited,,unmatched,0.0
"Kelly Services, Inc.",,unmatched,0.0
Kemira Oyj,,unmatched,0.0
Kemper Corporation,KMPR,fuzzy,80.0
"KemPharm, Inc.",,unmatched,0.0
Kendrion N.V.,,unmatched,0.0
Kenmare Resources plc,,unmatched,0.0
Kennametal Inc.,,unmatched,0.0
"Kennedy-Wilson Holdings, Inc.",,unmatched,0.0
Kepler Weber S.A.,,unmatched,0.0
Keppel Corporation Limited,,unmatched,0.0
Kering SA,KERN,fuzzy,80.0
Kernel Holding S.A.,KERN,fuzzy,80.0
Kerry Group plc,KEY,fuzzy,75.0
Kesko Oyj,,unmatched,0.0
Keurig Dr Pepper Inc.,,unmatched,0.0
KeyCorp,,unmatched,0.0
Keyera Corp.,,unmatched,0.0
"Keysight Technologies, Inc.",,unmatched,0.0
Keywords Studios plc,,unmatched,0.0
Key Tronic Corporation,,unmatched,0.0
KE Holdings Inc.,KE,exact,100.0
Kforce Inc.,FORE,fuzzy,80.0
KGHM Polska Miedz S.A.,,unmatched,0.0
Khadim India Limited,,unmatched,0.0
Khiron Life Sciences Corp.,,unmatched,0.0
Kia Corporation,KA,fuzzy,80.0
Kier Group plc,IBER,fuzzy,75.0
Killam Apartment Real Estate Investment Trust,,unmatched,0.0
Kilroy Realty Corporation,,unmatched,0.0
"Kimball Electronics, Inc.",,unmatched,0.0
"Kimbell Royalty Partners, LP",,unmatched,0.0
Kimberly-Clark Corporation,,unmatched,0.0
"Kimberly-Clark de México, S. A. B. de C. V.",,unmatched,0.0
Kimco Realty Corporation,,unmatched,0.0
Kinaxis Inc.,,unmatched,0.0
"Kinder Morgan, Inc.",,unmatched,0.0
Kindred Group plc,,unmatched,0.0
Kinepolis Group NV,,unmatched,0.0
Kingdee International Software Group Company Limited,,unmatched,0.0
Kingfisher plc,,unmatched,0.0
Kingsoft Cloud Holdings Limited,,unmatched,0.0
Kingsoft Corporation Limited,,unmatched,0.0
Kingspan Group plc,,unmatched,0.0
"Kingstone Companies, Inc.",,unmatched,0.0
"Kiniksa Pharmaceuticals, Ltd.",,unmatched,0.0
Kinnevik AB,,unmatched,0.0
Kinross Gold Corporation,,unmatched,0.0
"Kinsale Capital Group, Inc.",,unmatched,0.0
KION GROUP AG,KIN,fuzzy,85.71428571428572
Kirby Corporation,,unmatched,0.0
"Kirin Holdings Company, Limited",IIN,fuzzy,75.0
Kiri Industries Limited,,unmatched,0.0
"Kirkland's, Inc.",,unmatched,0.0
Kirloskar Brothers Limited,,unmatched,0.0
Kirloskar Oil Engines Limited,,unmatched,0.0
Kite Realty Group Trust,,unmatched,0.0
Kitron ASA,,unmatched,0.0
Kits Eyecare Ltd.,,unmatched,0.0
Kiwi Property Group Limited,,unmatched,0.0
KKR & Co. Inc.,KKR,exact,100.0
KKR Real Estate Finance Trust Inc.,,unmatched,0.0
Klabin S.A.,,unmatched,0.0
Klaveness Combination Carriers ASA,,unmatched,0.0
KLA Corporation,KALA,fuzzy,85.71428571428572
KLDiscovery Inc.,,unmatched,0.0
Klépierre SA,,unmatched,0.0
Klöckner & Co SE,,unmatched,0.0
"KLX Energy Services Holdings, Inc.",,unmatched,0.0
"kneat.com, inc.",,unmatched,0.0
Knight Therapeutics Inc.,,unmatched,0.0
Knorr-Bremse Aktiengesellschaft,,unmatched,0.0
KNOT Offshore Partners LP,,unmatched,0.0
Knowles Corporation,,unmatched,0.0
KNR Constructions Limited,,unmatched,0.0
Koç Holding A.S.,,unmatched,0.0
Koç Holding AS,,unmatched,0.0
Koenig & Bauer AG,,unmatched,0.0
Kofola CeskoSlovensko a.s.,,unmatched,0.0
Kogan.com Ltd,,unmatched,0.0
Kohl's Corporation,,unmatched,0.0
Kojamo Oyj,,unmatched,0.0
Kolte-Patil Developers Limited,,unmatched,0.0
Komatsu Ltd.,,unmatched,0.0
"Komercní banka, a.s.",,unmatched,0.0
Komplett ASA,,unmatched,0.0
Komplett Bank ASA,,unmatched,0.0
Konecranes Plc,,unmatched,0.0
KONE Oyj,,unmatched,0.0
Kongsberg Automotive ASA,,unmatched,0.0
Kongsberg Gruppen ASA,,unmatched,0.0
"Konica Minolta, Inc.",,unmatched,0.0
Koninklijke Ahold Delhaize N.V.,,unmatched,0.0
Koninklijke BAM Groep nv,,unmatched,0.0
Koninklijke DSM N.V.,,unmatched,0.0
Koninklijke KPN N.V.,,unmatched,0.0
Koninklijke Philips N.V.,,unmatched,0.0
Koninklijke Vopak N.V.,,unmatched,0.0
"Kontoor Brands, Inc.",,unmatched,0.0
Kontrol Technologies Corp.,,unmatched,0.0
Kopin Corporation,KOPN,fuzzy,88.88888888888889
Koppers Holdings Inc.,,unmatched,0.0
Korea Electric Power Corporation,,unmatched,0.0
Korea Gas Corporation,,unmatched,0.0
Korian,ORIA,fuzzy,80.0
Kornit Digital Ltd.,,unmatched,0.0
Korn Ferry,,unmatched,0.0
Kosmos Energy Ltd.,,unmatched,0.0
Kotak Mahindra Bank Limited,,unmatched,0.0
KPIT Technologies Limited,CKPT,fuzzy,75.0
KP Tissue Inc.,,unmatched,0.0
"KRAFTON, Inc.",,unmatched,0.0
"Kratos Defense & Security Solutions, Inc.",,unmatched,0.0
KRBL Limited,KBAL,fuzzy,75.0
Kreate Group Oyj,,unmatched,0.0
"Krispy Kreme, Inc.",,unmatched,0.0
Krones AG,KRON,fuzzy,80.0
KRUK Spólka Akcyjna,,unmatched,0.0
KT Corporation,IKT,fuzzy,80.0
Kuaishou Technology,,unmatched,0.0
"Kubient, Inc.",,unmatched,0.0
Kuehne + Nagel International AG,,unmatched,0.0
"Kulicke and Soffa Industries, Inc.",,unmatched,0.0
"KULR Technology Group, Inc.",KULR,exact,100.0
Kumba Iron Ore Limited,,unmatched,0.0
"Kuraray Co., Ltd.",,unmatched,0.0
"Kura Oncology, Inc.",,unmatched,0.0
"Kura Sushi USA, Inc.",,unmatched,0.0
Kuwait Finance House K.S.C.P.,,unmatched,0.0
Kuwait Projects Company Holding K.S.C.P.,,unmatched,0.0
"KVH Industries, Inc.",,unmatched,0.0
KWS SAAT SE & Co. KGaA,,unmatched,0.0
L&T Finance Holdings Limited,,unmatched,0.0
L&T Technology Services Limited,,unmatched,0.0
L'Air Liquide S.A.,,unmatched,0.0
L'azurde Company for Jewelry,,unmatched,0.0
L'Oréal S.A.,,unmatched,0.0
L.B. Foster Company,,unmatched,0.0
"L3Harris Technologies, Inc.",,unmatched,0.0
La-Z-Boy Incorporated,,unmatched,0.0
"Laboratorios Farmaceuticos Rovi, S.A.",,unmatched,0.0
"Laboratorio Reig Jofre, S.A.",,unmatched,0.0
Laboratory Corporation of America Holdings,,unmatched,0.0
Ladder Capital Corp,,unmatched,0.0
LafargeHolcim Ltd,,unmatched,0.0
Lagardere SA,,unmatched,0.0
Lagardère SCA,,unmatched,0.0
Lagercrantz Group AB (publ),,unmatched,0.0
"Laird Superfood, Inc.",,unmatched,0.0
"Lakeland Industries, Inc.",,unmatched,0.0
Lalique Group SA,,unmatched,0.0
Lamar Advertising Company (REIT),,unmatched,0.0
"Lamb Weston Holdings, Inc.",,unmatched,0.0
LAMDA Development S.A.,,unmatched,0.0
Lam Research Corporation,,unmatched,0.0
Lancashire Holdings Limited,,unmatched,0.0
Lancaster Colony Corporation,,unmatched,0.0
Landec Corporation,ANDE,fuzzy,80.0
Landis+Gyr Group AG,,unmatched,0.0
Landi Renzo S.p.A.,,unmatched,0.0
"Landmark Bancorp, Inc.",,unmatched,0.0
"Lands' End, Inc.",,unmatched,0.0
Landsea Homes Corporation,,unmatched,0.0
"Landstar System, Inc.",,unmatched,0.0
Land Securities Group plc,,unmatched,0.0
Lantern Pharma Inc.,,unmatched,0.0
"Lantheus Holdings, Inc.",,unmatched,0.0
"Lantronix, Inc.",,unmatched,0.0
LANXESS Aktiengesellschaft,,unmatched,0.0
"Laredo Petroleum, Inc.",,unmatched,0.0
Largo Resources Ltd.,,unmatched,0.0
Larsen & Toubro Infotech Limited,,unmatched,0.0
Larsen & Toubro Limited,,unmatched,0.0
"Lar España Real Estate SOCIMI, S.A.",,unmatched,0.0
lastminute.com N.V.,,unmatched,0.0
Las Vegas Sands Corp.,,unmatched,0.0
"Latch, Inc.",ATCH,fuzzy,88.88888888888889
"Latham Group, Inc.",ATHA,fuzzy,80.0
Lattice Semiconductor Corporation,,unmatched,0.0
"Laureate Education, Inc.",,unmatched,0.0
Laurentian Bank of Canada,,unmatched,0.0
Laurus Labs Limited,,unmatched,0.0
Laxmi Organic Industries Limited,,unmatched,0.0
Lazard Ltd,AARD,fuzzy,80.0
"Lazydays Holdings, Inc.",,unmatched,0.0
La Française des Jeux Société anonyme,,unmatched,0.0
LBT Innovations Limited,,unmatched,0.0
LCI Industries,,unmatched,0.0
LeadDesk Oy,,unmatched,0.0
Learning Technologies Group plc,,unmatched,0.0
Lear Corporation,EAR,fuzzy,85.71428571428572
Leatt Corporation,EAT,fuzzy,75.0
"Lee Enterprises, Incorporated",,unmatched,0.0
Legacy Housing Corporation,,unmatched,0.0
"LegalZoom.com, Inc.",,unmatched,0.0
Legal & General Group Plc,,unmatched,0.0
Legend Biotech Corporation,,unmatched,0.0
Legend Power Systems Inc.,,unmatched,0.0
"Leggett & Platt, Incorporated",,unmatched,0.0
Legrand SA,,unmatched,0.0
LEG Immobilien AG,,unmatched,0.0
LEG Immobilien SE,,unmatched,0.0
"Leidos Holdings, Inc.",LDOS,fuzzy,80.0
Leju Holdings Limited,LEU,fuzzy,85.71428571428572
"LeMaitre Vascular, Inc.",,unmatched,0.0
"Lemonade, Inc.",,unmatched,0.0
Lemon Tree Hotels Limited,,unmatched,0.0
LEM Holding SA,LE,fuzzy,80.0
LendingClub Corporation,,unmatched,0.0
"LendingTree, Inc.",,unmatched,0.0
Lendlease Group,,unmatched,0.0
Lennar Corporation,,unmatched,0.0
Lennox International Inc.,,unmatched,0.0
Lenovo Group Limited,ENOV,fuzzy,80.0
"LENSAR, Inc.",LNSR,fuzzy,80.0
Lenta PLC,ENTA,fuzzy,88.88888888888889
Lenzing Aktiengesellschaft,,unmatched,0.0
Leonardo S.p.a.,,unmatched,0.0
Leonteq AG,,unmatched,0.0
Lerøy Seafood Group ASA,,unmatched,0.0
"Leslie's, Inc.",,unmatched,0.0
Levi Strauss & Co.,,unmatched,0.0
Lewis Group Limited,,unmatched,0.0
"Lexicon Pharmaceuticals, Inc.",,unmatched,0.0
LexinFintech Holdings Ltd.,,unmatched,0.0
Lexington Realty Trust,,unmatched,0.0
"LGI Homes, Inc.",,unmatched,0.0
"LG Chem, Ltd.",,unmatched,0.0
"LG Display Co., Ltd.",,unmatched,0.0
LG Electronics Inc.,,unmatched,0.0
LG Uplus Corp.,,unmatched,0.0
"Liberty Broadband Corporation, Liberty TripAdvisor Holdings, Inc.",,unmatched,0.0
Liberty Global plc,,unmatched,0.0
Liberty Latin America Ltd.,,unmatched,0.0
Liberty Oilfield Services Inc.,,unmatched,0.0
"Liberty TripAdvisor Holdings, Inc., Liberty Broadband Corporation",,unmatched,0.0
Libstar Holdings Limited,,unmatched,0.0
LIC Housing Finance Limited,,unmatched,0.0
Lifco AB (publ),,unmatched,0.0
"Life360, Inc.",,unmatched,0.0
"LifeMD, Inc.",LFMD,fuzzy,80.0
LifeSpeak Inc.,,unmatched,0.0
"LifeStance Health Group, Inc.",,unmatched,0.0
Lifestyle Communities Limited,,unmatched,0.0
"Lifetime Brands, Inc.",,unmatched,0.0
LifeVantage Corporation,,unmatched,0.0
"Lifeway Foods, Inc.",,unmatched,0.0
Life Healthcare Group Holdings Limited,,unmatched,0.0
"Life Time Group Holdings, Inc.",,unmatched,0.0
Ligand Pharmaceuticals Incorporated,,unmatched,0.0
Lightbridge Corporation,,unmatched,0.0
"LightInTheBox Holding Co., Ltd.",,unmatched,0.0
"Lightning eMotors, Inc.",,unmatched,0.0
"LightPath Technologies, Inc.",,unmatched,0.0
Lightspeed Commerce Inc.,,unmatched,0.0
Lightspeed POS Inc.,,unmatched,0.0
Light S.A.,IHT,fuzzy,75.0
Lilium N.V.,,unmatched,0.0
"Limbach Holdings, Inc.",,unmatched,0.0
"Limelight Networks, Inc.",,unmatched,0.0
Lime Technologies AB (publ),,unmatched,0.0
Limoneira Company,,unmatched,0.0
Linamar Corporation,,unmatched,0.0
Lincoln Educational Services Corporation,,unmatched,0.0
"Lincoln Electric Holdings, Inc.",,unmatched,0.0
Lincoln National Corporation,,unmatched,0.0
Lindab International AB (publ),,unmatched,0.0
"Lindblad Expeditions Holdings, Inc.",,unmatched,0.0
Linde plc,LIND,fuzzy,88.88888888888889
Lindsay Corporation,,unmatched,0.0
"Lineage Cell Therapeutics, Inc.",,unmatched,0.0
Link and Motivation Inc.,,unmatched,0.0
Link Real Estate Investment Trust,,unmatched,0.0
Lions Gate Entertainment Corp.,,unmatched,0.0
"LiqTech International, Inc.",,unmatched,0.0
Liquidia Corporation,,unmatched,0.0
"Liquidity Services, Inc.",,unmatched,0.0
"Lithia Motors, Inc.",,unmatched,0.0
Litigation Capital Management Limited,,unmatched,0.0
"Littelfuse, Inc.",,unmatched,0.0
LivaNova PLC,,unmatched,0.0
Livent Corporation,LIEN,fuzzy,80.0
"LiveOne, Inc.",,unmatched,0.0
"LivePerson, Inc.",,unmatched,0.0
"LiveRamp Holdings, Inc.",,unmatched,0.0
Livestock Improvement Corporation Limited,,unmatched,0.0
LiveTiles Limited,,unmatched,0.0
"LiveXLive Media, Inc.",,unmatched,0.0
"Live Nation Entertainment, Inc.",,unmatched,0.0
"Live Oak Bancshares, Inc.",,unmatched,0.0
Live Ventures Incorporated,,unmatched,0.0
LIXIL Corporation,LII,fuzzy,75.0
Lizhi Inc.,LII,fuzzy,75.0
Li Auto Inc.,,unmatched,0.0
Li Ning Company Limited,,unmatched,0.0
"Línea Directa Aseguradora, S.A., Compañía de Seguros y Reaseguros",,unmatched,0.0
"Línea Directa Aseguradora, S.A.",,unmatched,0.0
LKQ Corporation,LKQ,exact,100.0
Lloyds Banking Group plc,,unmatched,0.0
"LMP Automotive Holdings, Inc.",,unmatched,0.0
"loanDepot, Inc.",,unmatched,0.0
Loblaw Companies Limited,,unmatched,0.0
Localiza Rent a Car S.A.,,unmatched,0.0
Locaweb Serviços de Internet S.A.,,unmatched,0.0
Lockheed Martin Corporation,LMT,known,100.0
Loews Corporation,LOW,fuzzy,75.0
Log-In Logística Intermodal S.A.,,unmatched,0.0
Logan Ridge Finance Corporation,,unmatched,0.0
"Logiq, Inc.",,unmatched,0.0
Logitech International S.A.,,unmatched,0.0
LOG Commercial Properties e Participações S.A.,,unmatched,0.0
Lojas Renner S.A.,,unmatched,0.0
Loma Negra Compañía Industrial Argentina Sociedad Anónima,,unmatched,0.0
LondonMetric Property Plc,,unmatched,0.0
London Stock Exchange Group plc,,unmatched,0.0
Lonza Group Ltd,LNZA,fuzzy,88.88888888888889
Loomis AB (publ),,unmatched,0.0
Loop Energy Inc.,,unmatched,0.0
Lordstown Motors Corp.,,unmatched,0.0
Lotte Chemical Corporation,,unmatched,0.0
"Lotte Shopping Co., Ltd.",,unmatched,0.0
Louisiana-Pacific Corporation,,unmatched,0.0
Lovisa Holdings Limited,V,fuzzy,80.0
"Lowe's Companies, Inc.",,unmatched,0.0
Lowell Farms Inc.,,unmatched,0.0
LPL Financial Holdings Inc.,,unmatched,0.0
LPP SA,,unmatched,0.0
LPS Brasil - Consultoria de Imóveis S.A.,,unmatched,0.0
"LSB Industries, Inc.",,unmatched,0.0
LSI Industries Inc.,,unmatched,0.0
"LTC Properties, Inc.",,unmatched,0.0
LT Foods Limited,,unmatched,0.0
Lucara Diamond Corp.,,unmatched,0.0
Lucas Bols N.V.,,unmatched,0.0
"Lucid Diagnostics Inc., PAVmed Inc.",,unmatched,0.0
"Lucid Group, Inc.",LCID,fuzzy,88.88888888888889
Lufax Holding Ltd,,unmatched,0.0
Luk Fook Holdings (International) Limited,,unmatched,0.0
"Lulu's Fashion Lounge Holdings, Inc.",,unmatched,0.0
Lululemon Athletica Inc.,,unmatched,0.0
Lumax Auto Technologies Limited,,unmatched,0.0
Lumax Industries Limited,,unmatched,0.0
"Lumber Liquidators Holdings, Inc.",,unmatched,0.0
Lumentum Holdings Inc.,,unmatched,0.0
"Lument Finance Trust, Inc.",,unmatched,0.0
"Lumen Technologies, Inc.",LUMN,fuzzy,88.88888888888889
"Luminar Technologies, Inc.",,unmatched,0.0
LumiraDx Limited,,unmatched,0.0
"Lumos Pharma, Inc.",,unmatched,0.0
Luna Innovations Incorporated,,unmatched,0.0
Lundin Energy AB (publ),,unmatched,0.0
Lundin Gold Inc.,,unmatched,0.0
Lundin Mining Corporation,,unmatched,0.0
Lupin Limited,LPI,fuzzy,75.0
"Luvu Brands, Inc.",,unmatched,0.0
Luxfer Holdings PLC,LXFR,fuzzy,80.0
Lux Industries Limited,,unmatched,0.0
"LVMH Moët Hennessy - Louis Vuitton, Société Européenne",,unmatched,0.0
"Lyft, Inc.",LYFT,exact,100.0
Lynas Rare Earths Limited,,unmatched,0.0
LyondellBasell Industries N.V.,,unmatched,0.0
"Lyra Therapeutics, Inc.",,unmatched,0.0
"L Brands, Inc.",,unmatched,0.0
M&G plc,GM,fuzzy,80.0
M&T Bank Corporation,,unmatched,0.0
M.P. Evans Group plc,,unmatched,0.0
M.P. Evans Group PLC,,unmatched,0.0
M. Dias Branco S.A. Indústria e Comércio de Alimentos,,unmatched,0.0
"Mace Security International, Inc.",,unmatched,0.0
Mack-Cali Realty Corporation,,unmatched,0.0
Macmahon Holdings Limited,,unmatched,0.0
"MACOM Technology Solutions Holdings, Inc.",,unmatched,0.0
Macquarie Group Limited,,unmatched,0.0
"MacroGenics, Inc.",,unmatched,0.0
"Macromill, Inc.",,unmatched,0.0
"Macy's, Inc.",MAYS,fuzzy,80.0
Mader Group Limited,ADER,fuzzy,88.88888888888889
Madison Square Garden Entertainment Corp.,,unmatched,0.0
Madison Square Garden Sports Corp.,,unmatched,0.0
Magal Security Systems Ltd.,,unmatched,0.0
Magazine Luiza S.A.,,unmatched,0.0
Magellan Financial Group Limited,,unmatched,0.0
Maggie Beer Holdings Limited,,unmatched,0.0
Magic Software Enterprises Ltd.,,unmatched,0.0
Magma Fincorp Limited,,unmatched,0.0
MagnaChip Semiconductor Corporation,,unmatched,0.0
Magna International Inc.,,unmatched,0.0
"Magnite, Inc.",,unmatched,0.0
Magnolia Oil & Gas Corporation,,unmatched,0.0
Magnora ASA,,unmatched,0.0
Magyar Telekom Távközlési Nyilvánosan Müködö Részvénytársaság,,unmatched,0.0
MAG Interactive AB (publ),,unmatched,0.0
Mahanagar Gas Limited,,unmatched,0.0
Maha Energy AB (publ),,unmatched,0.0
Mahindra & Mahindra Financial Services Limited,,unmatched,0.0
Mahindra & Mahindra Limited,,unmatched,0.0
Mahindra CIE Automotive Limited,,unmatched,0.0
Mahindra EPC Irrigation Limited,,unmatched,0.0
Mahindra Holidays & Resorts India Limited,,unmatched,0.0
Mahindra Holidays & Resorts India Ltd,,unmatched,0.0
Mahindra Lifespace Developers Limited,,unmatched,0.0
Mahindra Logistics Limited,,unmatched,0.0
MAHLE Metal Leve S.A.,,unmatched,0.0
Mail.ru Group Limited,,unmatched,0.0
Main Street Capital Corporation,,unmatched,0.0
Maire Tecnimont S.p.A.,,unmatched,0.0
Maisons du Monde S.A.,,unmatched,0.0
Major Drilling Group International Inc.,,unmatched,0.0
MakeMyTrip Limited,,unmatched,0.0
Malaysia Airports Holdings Berhad,,unmatched,0.0
"Malibu Boats, Inc.",,unmatched,0.0
Malin Corporation plc,MAIN,fuzzy,88.88888888888889
"MamaMancini's Holdings, Inc.",,unmatched,0.0
"Mammoth Energy Services, Inc.",,unmatched,0.0
Manappuram Finance Limited,,unmatched,0.0
Manchester United plc,,unmatched,0.0
Mandalay Resources Corporation,,unmatched,0.0
Mandarin Oriental International Limited,,unmatched,0.0
"Manhattan Associates, Inc.",,unmatched,0.0
Manila Electric Company,,unmatched,0.0
"Manila Water Company, Inc.",,unmatched,0.0
"Manitex International, Inc.",,unmatched,0.0
MannKind Corporation,,unmatched,0.0
ManpowerGroup Inc.,,unmatched,0.0
Manulife Financial Corporation,,unmatched,0.0
Manulife US Real Estate Investment Trust,,unmatched,0.0
Manz AG,MAN,fuzzy,85.71428571428572
Man Group plc,MAN,exact,100.0
Maoyan Entertainment,,unmatched,0.0
"Mapfre, S.A.",APRE,fuzzy,80.0
Mapletree Commercial Trust,,unmatched,0.0
Mapletree Industrial Trust,,unmatched,0.0
Mapletree Logistics Trust,,unmatched,0.0
Maple Leaf Foods Inc.,,unmatched,0.0
Marathon Oil Corporation,,unmatched,0.0
Marathon Petroleum Corporation,,unmatched,0.0
"Maravai LifeSciences Holdings, Inc.",,unmatched,0.0
"Marchex, Inc.",,unmatched,0.0
Marcopolo S.A.,,unmatched,0.0
"Marcus & Millichap, Inc.",,unmatched,0.0
Marel hf.,,unmatched,0.0
Marfrig Global Foods S.A.,,unmatched,0.0
Marico Limited,,unmatched,0.0
MariMed Inc.,,unmatched,0.0
Marimekko Oyj,,unmatched,0.0
"MarineMax, Inc.",,unmatched,0.0
Marine Products Corporation,,unmatched,0.0
Marinomed Biotech AG,,unmatched,0.0
"Marinus Pharmaceuticals, Inc.",,unmatched,0.0
Marin Software Incorporated,,unmatched,0.0
Marisa Lojas S.A.,,unmatched,0.0
Markel Corporation,,unmatched,0.0
"Marker Therapeutics, Inc.",,unmatched,0.0
MarketAxess Holdings Inc.,,unmatched,0.0
"MarketWise, Inc.",,unmatched,0.0
Marks and Spencer Group plc,,unmatched,0.0
Marley Spoon AG,,unmatched,0.0
Marlowe plc,,unmatched,0.0
"Marqeta, Inc.",,unmatched,0.0
"Marriott International, Inc.",,unmatched,0.0
Marriott Vacations Worldwide Corporation,,unmatched,0.0
Marshalls plc,,unmatched,0.0
"Marsh & McLennan Companies, Inc.",,unmatched,0.0
Martello Technologies Group Inc.,,unmatched,0.0
Martinrea International Inc.,,unmatched,0.0
"Martin Marietta Materials, Inc.",,unmatched,0.0
Martin Midstream Partners L.P.,,unmatched,0.0
Marubeni Corporation,,unmatched,0.0
"Marui Group Co., Ltd.",ARI,fuzzy,75.0
Maruti Suzuki India Limited,,unmatched,0.0
"Marvell Technology, Inc.",,unmatched,0.0
Marvell Technology Group Ltd.,,unmatched,0.0
Masco Corporation,ASO,fuzzy,75.0
Masimo Corporation,MAMO,fuzzy,80.0
"MasTec, Inc.",ASTC,fuzzy,80.0
"Mastech Digital, Inc.",,unmatched,0.0
Mastek Limited,ASTE,fuzzy,80.0
Mastercard Incorporated,MA,known,100.0
"MasterCraft Boat Holdings, Inc.",,unmatched,0.0
Mastermyne Group Limited,,unmatched,0.0
Master Drilling Group Limited,,unmatched,0.0
MAS Financial Services Limited,,unmatched,0.0
MAS Real Estate Inc.,,unmatched,0.0
Matador Resources Company,,unmatched,0.0
Matas A S,,unmatched,0.0
"Match Group, Inc.",ATCH,fuzzy,88.88888888888889
Materialise NV,,unmatched,0.0
Materion Corporation,,unmatched,0.0
"Matinas BioPharma Holdings, Inc.",,unmatched,0.0
Matrimony.com Limited,,unmatched,0.0
Matrix Composites & Engineering Ltd,,unmatched,0.0
Matrix Service Company,,unmatched,0.0
"Matson, Inc.",ATON,fuzzy,80.0
"Mattel, Inc.",,unmatched,0.0
"Matterport, Inc.",,unmatched,0.0
Matthews International Corporation,,unmatched,0.0
Mauna Kea Technologies SA,,unmatched,0.0
Mavi Giyim Sanayi ve Ticaret A.S.,,unmatched,0.0
"MaxCyte, Inc.",,unmatched,0.0
"Maxell Holdings, Ltd.",,unmatched,0.0
"Maxeon Solar Technologies, Ltd.",,unmatched,0.0
"Maximus, Inc.",,unmatched,0.0
"MaxLinear, Inc.",,unmatched,0.0
Max Financial Services Limited,,unmatched,0.0
Max Ventures and Industries Limited,,unmatched,0.0
Mayne Pharma Group Limited,,unmatched,0.0
Mayr-Melnhof Karton AG,,unmatched,0.0
Mayur Uniquoters Limited,,unmatched,0.0
"Mayville Engineering Company, Inc.",,unmatched,0.0
Mazaya Real Estate Development Q.P.S.C.,,unmatched,0.0
MA Financial Group Limited,,unmatched,0.0
mBank S.A.,MAN,fuzzy,75.0
MBIA Inc.,MBI,fuzzy,85.71428571428572
McBride plc,,unmatched,0.0
"McCormick & Company, Incorporated",,unmatched,0.0
McDonald's Corporation,MCD,known,100.0
McEwen Mining Inc.,,unmatched,0.0
McGrath RentCorp,,unmatched,0.0
MCI Onehealth Technologies Inc.,,unmatched,0.0
McKesson Corporation,,unmatched,0.0
mCloud Technologies Corp.,,unmatched,0.0
McMillan Shakespeare Limited,,unmatched,0.0
McPherson's Limited,,unmatched,0.0
MDA Ltd.,MDAI,fuzzy,85.71428571428572
"MDU Resources Group, Inc.",,unmatched,0.0
MDxHealth SA,,unmatched,0.0
Mears Group plc,EAR,fuzzy,75.0
Medacta Group SA,,unmatched,0.0
Medallion Financial Corp.,,unmatched,0.0
Medartis Holding AG,,unmatched,0.0
"MedAvail Holdings, Inc",,unmatched,0.0
Medexus Pharmaceuticals Inc.,,unmatched,0.0
"MediaAlpha, Inc.",,unmatched,0.0
Mediaset S.p.A.,,unmatched,0.0
MediaTek Inc.,,unmatched,0.0
Media and Games Invest plc,,unmatched,0.0
Media and Games Invest SE,,unmatched,0.0
Medibank Private Limited,,unmatched,0.0
Medical Facilities Corporation,,unmatched,0.0
"Medical Properties Trust, Inc.",,unmatched,0.0
Medicenna Therapeutics Corp.,,unmatched,0.0
"Medicine Man Technologies, Inc.",,unmatched,0.0
Medicover AB (publ),,unmatched,0.0
Medicure Inc.,,unmatched,0.0
"Medifast, Inc.",,unmatched,0.0
Medigene AG,,unmatched,0.0
MedinCell S.A.,,unmatched,0.0
Mediobanca Banca di Credito Finanziario S.p.A.,,unmatched,0.0
Medios AG,MEDS,fuzzy,80.0
MediPharm Labs Corp.,,unmatched,0.0
Medivir AB (publ),,unmatched,0.0
MediWound Ltd.,,unmatched,0.0
MedMen Enterprises Inc.,,unmatched,0.0
"MEDNAX, Inc.",,unmatched,0.0
"Medpace Holdings, Inc.",,unmatched,0.0
Medtronic plc,,unmatched,0.0
Med Life S.A.,,unmatched,0.0
"Megacable Holdings, S. A. B. de C. V.",,unmatched,0.0
Megaport Limited,,unmatched,0.0
MEG Energy Corp.,,unmatched,0.0
"Meiji Holdings Co., Ltd.",MEI,fuzzy,75.0
"Meitu, Inc.",MEI,fuzzy,75.0
Meituan,,unmatched,0.0
"MEI Pharma, Inc.",,unmatched,0.0
Mekonomen AB (publ),,unmatched,0.0
Melcor Real Estate Investment Trust,,unmatched,0.0
Melco Resorts & Entertainment Limited,,unmatched,0.0
Melexis NV,,unmatched,0.0
"Meliá Hotels International, S.A.",,unmatched,0.0
Membership Collective Group Inc.,,unmatched,0.0
Mentice AB (publ),,unmatched,0.0
Merafe Resources Limited,,unmatched,0.0
"MercadoLibre, Inc.",,unmatched,0.0
Mercantile Bank Corporation,,unmatched,0.0
"Mercari, Inc.",,unmatched,0.0
Mercer International Inc.,,unmatched,0.0
Mercialys,,unmatched,0.0
Mercia Asset Management PLC,,unmatched,0.0
"Merck & Co., Inc.",MRK,known,100.0
MERCK Kommanditgesellschaft auf Aktien,,unmatched,0.0
Mercury NZ Limited,,unmatched,0.0
"Mercury Systems, Inc.",,unmatched,0.0
"MeridianLink, Inc.",,unmatched,0.0
Meridian Energy Limited,,unmatched,0.0
Meritage Homes Corporation,,unmatched,0.0
"Merit Medical Systems, Inc.",,unmatched,0.0
"MERLIN Properties SOCIMI, S.A.",,unmatched,0.0
"Mersana Therapeutics, Inc.",,unmatched,0.0
Mersen SA,MRSN,fuzzy,80.0
Mesaieed Petrochemical Holding Company Q.P.S.C.,,unmatched,0.0
"Mesa Air Group, Inc.",,unmatched,0.0
Mesoblast Limited,,unmatched,0.0
Metair Investments Limited,,unmatched,0.0
Metalfrio Solutions S.A.,,unmatched,0.0
"Meta Financial Group, Inc.",,unmatched,0.0
Metcash Limited,,unmatched,0.0
Methanex Corporation,,unmatched,0.0
"Methode Electronics, Inc.",,unmatched,0.0
"MetLife, Inc.",,unmatched,0.0
Metropolis Healthcare Limited,,unmatched,0.0
Metrovacesa S.A.,,unmatched,0.0
Metro AG,ETR,fuzzy,75.0
Metro Bank PLC,,unmatched,0.0
Metro Inc.,ETR,fuzzy,75.0
Metro Performance Glass Limited,,unmatched,0.0
"Metro Retail Stores Group, Inc.",,unmatched,0.0
Metsä Board Oyj,,unmatched,0.0
Metso Outotec Oyj,,unmatched,0.0
Mettler-Toledo International Inc.,,unmatched,0.0
Meyer Burger Technology AG,,unmatched,0.0
Mezzan Holding Company K.S.C.P.,,unmatched,0.0
Métropole Télévision S.A.,,unmatched,0.0
"MFA Financial, Inc.",,unmatched,0.0
MGIC Investment Corporation,,unmatched,0.0
MGM Resorts International,,unmatched,0.0
"MGP Ingredients, Inc.",,unmatched,0.0
MHP SE,MCHP,fuzzy,85.71428571428572
Michael Hill International Limited,,unmatched,0.0
Microbix Biosystems Inc.,,unmatched,0.0
Microchip Technology Incorporated,,unmatched,0.0
"Micron Technology, Inc.",IRON,fuzzy,80.0
MicroPort Scientific Corporation,,unmatched,0.0
Microsoft Corporation,MSFT,known,100.0
MicroStrategy Incorporated,,unmatched,0.0
"Microvast Holdings, Inc.",MSFT,fuzzy,77.77777777777779
"MicroVision, Inc.",,unmatched,0.0
"MICT, Inc.",MICT,exact,100.0
"Mid-America Apartment Communities, Inc.",,unmatched,0.0
Midatech Pharma plc,,unmatched,0.0
"Midland States Bancorp, Inc.",,unmatched,0.0
Midsona AB (publ),,unmatched,0.0
Midway Limited,,unmatched,0.0
"MidWestOne Financial Group, Inc.",,unmatched,0.0
Midwest Energy Emissions Corp.,,unmatched,0.0
Migros Ticaret A.S.,,unmatched,0.0
Milestone Scientific Inc.,,unmatched,0.0
"Miller Industries, Inc.",,unmatched,0.0
Millicom International Cellular S.A.,,unmatched,0.0
Mills Estruturas e Serviços de Engenharia S.A.,,unmatched,0.0
"MiMedx Group, Inc.",IMDX,fuzzy,80.0
Minda Corporation Limited,MIND,fuzzy,88.88888888888889
Minda Industries Limited,,unmatched,0.0
Mindspace Business Parks REIT,,unmatched,0.0
Mind Medicine (MindMed) Inc.,,unmatched,0.0
"MIND Technology, Inc.",MIND,exact,100.0
MinebeaMitsumi Inc.,,unmatched,0.0
Minerals Technologies Inc.,,unmatched,0.0
Mineral Resources Limited,,unmatched,0.0
"Minerva Neurosciences, Inc.",,unmatched,0.0
Minerva S.A.,,unmatched,0.0
"Minim, Inc.",MINM,fuzzy,88.88888888888889
MINISO Group Holding Limited,,unmatched,0.0
Minor International Public Company Limited,,unmatched,0.0
Minto Apartment Real Estate Investment Trust,,unmatched,0.0
MIPS AB (publ),,unmatched,0.0
MIRAIT Holdings Corporation,MIRA,fuzzy,80.0
"Mirion Technologies, Inc.",IRON,fuzzy,80.0
"Mirum Pharmaceuticals, Inc.",,unmatched,0.0
Mirvac Group,IVAC,fuzzy,80.0
MISC Berhad,,unmatched,0.0
Mishra Dhatu Nigam Limited,,unmatched,0.0
"Mission Produce, Inc.",,unmatched,0.0
"Mister Car Wash, Inc.",,unmatched,0.0
"Mistras Group, Inc.",,unmatched,0.0
Mitchells & Butlers plc,,unmatched,0.0
Mitchell Services Limited,,unmatched,0.0
"Mitek Systems, Inc.",,unmatched,0.0
Mithra Pharmaceuticals SA,,unmatched,0.0
Mitie Group plc,ITI,fuzzy,75.0
Mitsubishi Chemical Holdings Corporation,,unmatched,0.0
Mitsubishi Corporation,,unmatched,0.0
"Mitsubishi Heavy Industries, Ltd.",,unmatched,0.0
Mitsubishi Motors Corporation,,unmatched,0.0
"Mitsubishi UFJ Financial Group, Inc.",,unmatched,0.0
"Mitsui & Co., Ltd.",MTSI,fuzzy,80.0
"Mitsui Fudosan Co., Ltd.",,unmatched,0.0
"mixi, Inc.",AMIX,fuzzy,75.0
Mizrahi Tefahot Bank Ltd.,,unmatched,0.0
"Mizuho Financial Group, Inc.",,unmatched,0.0
"MKS Instruments, Inc.",TXN,fuzzy,81.25
MLP SE,MLP,exact,100.0
MMA Offshore Limited,,unmatched,0.0
MMG Limited,MG,fuzzy,80.0
Moberg Pharma AB (publ),,unmatched,0.0
Mobi724 Global Solutions Inc.,,unmatched,0.0
Mobile Telecommunications Company K.S.C.P.,,unmatched,0.0
Mobile TeleSystems Public Joint Stock Company,,unmatched,0.0
Mobimo Holding AG,MBIO,fuzzy,80.0
Mobivity Holdings Corp.,,unmatched,0.0
"Moderna, Inc.",,unmatched,0.0
Modern Times Group Mtg AB,,unmatched,0.0
Modine Manufacturing Company,,unmatched,0.0
ModivCare Inc.,,unmatched,0.0
Moelis & Company,,unmatched,0.0
Mogo Inc.,GOGO,fuzzy,75.0
MOGU Inc.,MODG,fuzzy,75.0
"Mohawk Group Holdings, Inc.",,unmatched,0.0
"Mohawk Industries, Inc.",,unmatched,0.0
Mold-Tek Packaging Limited,,unmatched,0.0
Molecular Partners AG,,unmatched,0.0
"Molina Healthcare, Inc.",,unmatched,0.0
Molson Coors Beverage Company,,unmatched,0.0
MOL Magyar Olaj- és Gázipari Nyilvánosan Muködo Részvénytársaság,,unmatched,0.0
Momentum Group AB (publ),,unmatched,0.0
Momentum Metropolitan Holdings Limited,,unmatched,0.0
Momentus Inc.,,unmatched,0.0
Momo Inc.,DOMO,fuzzy,75.0
Monadelphous Group Limited,,unmatched,0.0
Monash IVF Group Limited,,unmatched,0.0
Moncler S.p.A.,,unmatched,0.0
monday.com Ltd.,,unmatched,0.0
"Mondelez International, Inc.",,unmatched,0.0
Mondi plc,MOD,fuzzy,75.0
"MONETA Money Bank, a.s.",,unmatched,0.0
"Monex Group, Inc.",MON,fuzzy,75.0
Money3 Corporation Limited,,unmatched,0.0
MoneyLion Inc.,,unmatched,0.0
MoneyMe Limited,,unmatched,0.0
Moneysupermarket.com Group PLC,,unmatched,0.0
"MongoDB, Inc.",,unmatched,0.0
"Monolithic Power Systems, Inc.",,unmatched,0.0
"Monro, Inc.",MNRO,fuzzy,88.88888888888889
Monroe Capital Corporation,,unmatched,0.0
Monster Beverage Corporation,,unmatched,0.0
"Montauk Renewables, Inc.",,unmatched,0.0
Monte Carlo Fashions Limited,,unmatched,0.0
"Montrose Environmental Group, Inc.",,unmatched,0.0
Moody's Corporation,,unmatched,0.0
Moog Inc.,GOOG,fuzzy,75.0
Moonpig Group PLC,,unmatched,0.0
Morgan Advanced Materials plc,,unmatched,0.0
Morgan Sindall Group plc,,unmatched,0.0
Morgan Stanley,MS,known,100.0
Morguard North American Residential Real Estate Investment Trust,,unmatched,0.0
Morguard Real Estate Investment Trust,,unmatched,0.0
"Morinaga & Co., Ltd.",,unmatched,0.0
MorphoSys AG,,unmatched,0.0
Motherson Sumi Systems Limited,,unmatched,0.0
Motilal Oswal Financial Services Limited,,unmatched,0.0
"Motorcar Parts of America, Inc.",,unmatched,0.0
MotorCycle Holdings Limited,,unmatched,0.0
"Motorola Solutions, Inc.",,unmatched,0.0
Motor Oil (Hellas) Corinth Refineries S.A.,,unmatched,0.0
"Motus GI Holdings, Inc.",,unmatched,0.0
Motus Holdings Limited,MOTS,fuzzy,88.88888888888889
Mountain Province Diamonds Inc.,,unmatched,0.0
Mount Gibson Iron Limited,,unmatched,0.0
Mount Logan Capital Inc.,,unmatched,0.0
"Movado Group, Inc.",,unmatched,0.0
Movida Participações S.A.,,unmatched,0.0
Mowi ASA,,unmatched,0.0
MPC Container Ships ASA,,unmatched,0.0
Mphasis Limited,,unmatched,0.0
MPLX LP,,unmatched,0.0
MPS Limited,AMPS,fuzzy,85.71428571428572
MP Materials Corp.,,unmatched,0.0
Mr. Cooper Group Inc.,,unmatched,0.0
MRC Global Inc.,,unmatched,0.0
MRV Engenharia e Participações S.A.,,unmatched,0.0
Mr Price Group Limited,,unmatched,0.0
MSA Safety Incorporated,,unmatched,0.0
MSCI Inc.,MSCI,exact,100.0
"MSC Industrial Direct Co., Inc.",,unmatched,0.0
MSTC Limited,STC,fuzzy,85.71428571428572
"MTBC, Inc.",MTBC,exact,100.0
MTN Group Limited,MTN,exact,100.0
MTR Corporation Limited,MSTR,fuzzy,85.71428571428572
MTU Aero Engines AG,,unmatched,0.0
MTY Food Group Inc.,,unmatched,0.0
"Mueller Water Products, Inc.",,unmatched,0.0
Mullen Group Ltd.,MULN,fuzzy,80.0
MultiChoice Group Limited,,unmatched,0.0
Multiconsult ASA,,unmatched,0.0
MultiPlan Corporation,,unmatched,0.0
Multiplan Empreendimentos Imobiliários S.A.,,unmatched,0.0
Multitude SE,,unmatched,0.0
Multi Commodity Exchange of India Limited,,unmatched,0.0
Munters Group AB (publ),,unmatched,0.0
Murphy Oil Corporation,,unmatched,0.0
Murphy USA Inc.,,unmatched,0.0
Murray & Roberts Holdings Limited,,unmatched,0.0
MusclePharm Corporation,,unmatched,0.0
Music Broadcast Limited,,unmatched,0.0
Musti Group Oyj,,unmatched,0.0
Mutares SE & Co. KGaA,,unmatched,0.0
Muthoot Capital Services Limited,,unmatched,0.0
Muthoot Finance Limited,,unmatched,0.0
Münchener Rückversicherungs-Gesellschaft Aktiengesellschaft in München,,unmatched,0.0
Mycronic AB (publ),,unmatched,0.0
"Myers Industries, Inc.",,unmatched,0.0
Myer Holdings Limited,MYE,fuzzy,85.71428571428572
"Myomo, Inc.",MYO,fuzzy,75.0
"Myriad Genetics, Inc.",,unmatched,0.0
MYR Group Inc.,MGYR,fuzzy,85.71428571428572
MyState Limited,,unmatched,0.0
MYT Netherlands Parent B.V.,,unmatched,0.0
"M I Homes, Inc.",,unmatched,0.0
"N-able, Inc.",,unmatched,0.0
Nabors Industries Ltd.,,unmatched,0.0
Nabriva Therapeutics plc,,unmatched,0.0
"NACCO Industries, Inc.",,unmatched,0.0
Nagarro SE,,unmatched,0.0
Naked Wines plc,,unmatched,0.0
Nampak Limited,NAPA,fuzzy,80.0
Nano-X Imaging Ltd.,,unmatched,0.0
Nanoco Group plc,,unmatched,0.0
Nanophase Technologies Corporation,,unmatched,0.0
Nanosonics Limited,,unmatched,0.0
Nano Dimension Ltd.,,unmatched,0.0
"NantHealth, Inc.",,unmatched,0.0
Nanya Technology Corporation,NAYA,fuzzy,88.88888888888889
Napatech A S,,unmatched,0.0
"Napco Security Technologies, Inc.",,unmatched,0.0
Napier Port Holdings Limited,,unmatched,0.0
Narayana Hrudayalaya Limited,,unmatched,0.0
"Nasdaq, Inc.",ASAQ,fuzzy,80.0
"Naspers Limited, Prosus N.V.",,unmatched,0.0
NATCO Pharma Limited,,unmatched,0.0
"Natera, Inc.",ATER,fuzzy,80.0
Nath Bio-Genes (India) Limited,,unmatched,0.0
National Australia Bank Limited,,unmatched,0.0
National Bank Holdings Corporation,,unmatched,0.0
National Bank of Canada,,unmatched,0.0
National Bank of Greece S.A.,,unmatched,0.0
National Bank of Kuwait S.A.K.P.,,unmatched,0.0
National Central Cooling Company PJSC,,unmatched,0.0
"National CineMedia, Inc.",,unmatched,0.0
National Energy Services Reunited Corp.,,unmatched,0.0
National Express Group PLC,,unmatched,0.0
National Fuel Gas Company,,unmatched,0.0
National Grid plc,,unmatched,0.0
"National Health Investors, Inc.",,unmatched,0.0
"National Oilwell Varco, Inc.",,unmatched,0.0
"National Retail Properties, Inc.",,unmatched,0.0
National Storage Affiliates Trust,,unmatched,0.0
"National Vision Holdings, Inc.",,unmatched,0.0
Nationwide Building Society,,unmatched,0.0
"Natural Gas Services Group, Inc.",,unmatched,0.0
"Natural Grocers by Vitamin Cottage, Inc.",,unmatched,0.0
Natural Health Trends Corp.,,unmatched,0.0
Natural Resource Partners L.P.,,unmatched,0.0
Natura &Co Holding S.A.,ATRA,fuzzy,80.0
"Nature's Sunshine Products, Inc.",,unmatched,0.0
"Naturgy Energy Group, S.A.",,unmatched,0.0
Natuzzi S.p.A.,,unmatched,0.0
NatWest Group plc,,unmatched,0.0
"Nautilus, Inc.",,unmatched,0.0
Nava Bharat Ventures Limited,,unmatched,0.0
NAVER Corporation,NAV,fuzzy,75.0
"Navidea Biopharmaceuticals, Inc.",,unmatched,0.0
Navient Corporation,,unmatched,0.0
Navigator Global Investments Limited,,unmatched,0.0
Navigator Holdings Ltd.,,unmatched,0.0
Navin Fluorine International Limited,,unmatched,0.0
Navios Maritime Partners L.P.,,unmatched,0.0
Navitas Semiconductor Corporation,,unmatched,0.0
Navkar Corporation Limited,NAKA,fuzzy,80.0
NBCC (India) Limited,,unmatched,0.0
NBT Bancorp Inc.,,unmatched,0.0
NCAB Group AB (publ),,unmatched,0.0
NCC AB (publ),,unmatched,0.0
NCC Group plc,NCAC,fuzzy,85.71428571428572
NCC Limited,NCAC,fuzzy,85.71428571428572
"nCino, Inc.",NCNO,fuzzy,88.88888888888889
NCL Industries Limited,,unmatched,0.0
NCR Corporation,NCR,exact,100.0
Ncsoft Corporation,,unmatched,0.0
"NCS Multistage Holdings, Inc.",,unmatched,0.0
NEC Corporation,NECB,fuzzy,85.71428571428572
NEC Networks & System Integration Corporation,,unmatched,0.0
Nedbank Group Limited,,unmatched,0.0
Nederman Holding AB (publ),,unmatched,0.0
"Neinor Homes, S.A.",,unmatched,0.0
Nektar Therapeutics,,unmatched,0.0
Nelly Group AB (publ),,unmatched,0.0
Nel ASA,,unmatched,0.0
"Nemak, S. A. B. de C. V.",,unmatched,0.0
Nemetschek SE,,unmatched,0.0
Neoenergia S.A.,,unmatched,0.0
Neoen S.A.,NEE,fuzzy,75.0
"NeoGenomics, Inc.",,unmatched,0.0
Neogen Chemicals Limited,,unmatched,0.0
Neogen Corporation,NEOG,fuzzy,80.0
Neonode Inc.,,unmatched,0.0
Neo Performance Materials Inc.,,unmatched,0.0
"Nephros, Inc.",,unmatched,0.0
NEPI Rockcastle plc,,unmatched,0.0
Neptune Wellness Solutions Inc.,,unmatched,0.0
"Nerdy, Inc.",NRDY,fuzzy,88.88888888888889
Neste Oyj,,unmatched,0.0
Nestlé S.A.,ESTE,fuzzy,80.0
"NetApp, Inc.",NTAP,fuzzy,80.0
Netcare Limited,,unmatched,0.0
Netcompany Group A S,,unmatched,0.0
NetDragon Websoft Holdings Limited,,unmatched,0.0
"NetEase, Inc.",,unmatched,0.0
"Netflix, Inc.",NFLX,known,100.0
"NETGEAR, Inc.",,unmatched,0.0
"Netlist, Inc.",,unmatched,0.0
Netmarble Corporation,,unmatched,0.0
"NetScout Systems, Inc.",CSCO,fuzzy,75.86206896551724
"NetSol Technologies, Inc.",,unmatched,0.0
NETSTREIT Corp.,,unmatched,0.0
Netwealth Group Limited,,unmatched,0.0
Network International Holdings plc,,unmatched,0.0
"Net 1 UEPS Technologies, Inc.",,unmatched,0.0
Neuland Laboratories Limited,,unmatched,0.0
"Neurocrine Biosciences, Inc.",,unmatched,0.0
"NeuroMetrix, Inc.",,unmatched,0.0
"Neuronetics, Inc.",,unmatched,0.0
"NeuroPace, Inc.",,unmatched,0.0
Nevro Corp.,NVRO,fuzzy,88.88888888888889
Newell Brands Inc.,,unmatched,0.0
Newgen Software Technologies Limited,,unmatched,0.0
"NewLake Capital Partners, Inc.",,unmatched,0.0
Newlat Food S.p.A.,,unmatched,0.0
NewMarket Corporation,,unmatched,0.0
"Newmark Group, Inc.",,unmatched,0.0
Newmont Corporation,,unmatched,0.0
"Newpark Resources, Inc.",,unmatched,0.0
NewRiver REIT plc,,unmatched,0.0
News Corporation,NES,fuzzy,85.71428571428572
Newtek Business Services Corp.,,unmatched,0.0
New China Life Insurance Company Ltd.,,unmatched,0.0
New Fortress Energy Inc.,,unmatched,0.0
New Gold Inc.,,unmatched,0.0
New Jersey Resources Corporation,,unmatched,0.0
New Mountain Finance Corporation,,unmatched,0.0
New Oriental Education & Technology Group Inc.,,unmatched,0.0
New Residential Investment Corp.,,unmatched,0.0
New Work SE,,unmatched,0.0
New World Development Company Limited,,unmatched,0.0
"New York City REIT, Inc.",,unmatched,0.0
"New York Community Bancorp, Inc.",,unmatched,0.0
"New York Mortgage Trust, Inc.",,unmatched,0.0
New Zealand King Salmon Investments Limited,,unmatched,0.0
Nexans S.A.,EXAS,fuzzy,80.0
Nexa Resources S.A.,,unmatched,0.0
Nexity SA,NEXT,fuzzy,80.0
Nexi S.p.A.,,unmatched,0.0
"NEXON Co., Ltd.",NEN,fuzzy,75.0
"NexPoint Real Estate Finance, Inc.",,unmatched,0.0
"NexPoint Residential Trust, Inc.",,unmatched,0.0
"Nexstar Media Group, Inc.",,unmatched,0.0
Nexstim Plc,,unmatched,0.0
NEXTDC Limited,NETC,fuzzy,80.0
"Nextdoor, Inc.",,unmatched,0.0
NexTech AR Solutions Corp.,,unmatched,0.0
Nexteer Automotive Group Limited,,unmatched,0.0
"NextEra Energy, Inc.",,unmatched,0.0
"NextEra Energy Partners, LP, NextEra Energy, Inc.",,unmatched,0.0
"NextEra Energy Partners, LP",,unmatched,0.0
NEXT Biometrics Group ASA,,unmatched,0.0
NEXT plc,NEXT,exact,100.0
Next Science Limited,,unmatched,0.0
Nexus Real Estate Investment Trust,,unmatched,0.0
NFI Group Inc.,INFI,fuzzy,85.71428571428572
NFON AG,ENFN,fuzzy,75.0
NGL Energy Partners LP,,unmatched,0.0
NGL Fine-Chem Limited,,unmatched,0.0
NHN Corporation,NH,fuzzy,80.0
NHPC Limited,NHC,fuzzy,85.71428571428572
"NH Hotel Group, S.A.",,unmatched,0.0
NIBE Industrier AB (publ),,unmatched,0.0
nib holdings limited,NB,fuzzy,80.0
NICE Ltd.,ICE,fuzzy,85.71428571428572
Nick Scali Limited,,unmatched,0.0
Nidec Corporation,DEC,fuzzy,75.0
"NightFood Holdings, Inc.",,unmatched,0.0
NIIT Limited,NAII,fuzzy,75.0
"NIKE, Inc.",NKE,known,100.0
Nikola Corporation,NKLA,fuzzy,80.0
Nikon Corporation,,unmatched,0.0
Nila Infrastructures Limited,,unmatched,0.0
Nilfisk Holding A S,,unmatched,0.0
Nimbus Group AB (Publ),,unmatched,0.0
"Nine Energy Service, Inc.",,unmatched,0.0
Nine Entertainment Co. Holdings Limited,,unmatched,0.0
NIO Inc.,IO,fuzzy,80.0
NIO Limited,IO,fuzzy,80.0
Nippon Building Fund Incorporation,,unmatched,0.0
Nippon Life India Asset Management Limited,,unmatched,0.0
"Nippon Prologis REIT, Inc.",,unmatched,0.0
Nippon Telegraph and Telephone Corporation,,unmatched,0.0
Nippon Yusen Kabushiki Kaisha,,unmatched,0.0
NiSource Inc.,,unmatched,0.0
"Nissan Motor Co., Ltd.",,unmatched,0.0
Nitro Games Oyj,,unmatched,0.0
Niu Technologies,NI,fuzzy,80.0
NKT A S,,unmatched,0.0
NLC India Limited,,unmatched,0.0
"nLIGHT, Inc.",NLIT,fuzzy,80.0
NMDC Limited,MDC,fuzzy,85.71428571428572
"NMI Holdings, Inc.",NCMI,fuzzy,85.71428571428572
"NN, Inc.",NN,exact,100.0
NNIT A S,,unmatched,0.0
NN Group N.V.,,unmatched,0.0
Noah Holdings Limited,NATH,fuzzy,75.0
Nobia AB (publ),,unmatched,0.0
Noble Corporation,,unmatched,0.0
NOCIL Limited,NCL,fuzzy,75.0
Nokian Renkaat Oyj,,unmatched,0.0
Nokia Corporation,,unmatched,0.0
Nolato AB (publ),,unmatched,0.0
Nomad Foods Limited,,unmatched,0.0
"Nomura Holdings, Inc.",NMRA,fuzzy,80.0
"Nomura Real Estate Holdings, Inc.",,unmatched,0.0
Noodles & Company,,unmatched,0.0
"Norbord Inc., West Fraser Timber Co. Ltd.",,unmatched,0.0
Nordea Bank Abp,,unmatched,0.0
Nordex SE,NRDE,fuzzy,80.0
Nordic Entertainment Group AB (publ),,unmatched,0.0
Nordic Mining ASA,,unmatched,0.0
Nordic Semiconductor ASA,,unmatched,0.0
Nordic Waterproofing Holding AB,,unmatched,0.0
Nordic Waterproofing Holding AB (publ),,unmatched,0.0
Nordnet AB (publ),,unmatched,0.0
Nordson Corporation,,unmatched,0.0
"Nordstrom, Inc.",,unmatched,0.0
Norfolk Southern Corporation,,unmatched,0.0
NORMA Group SE,NOMA,fuzzy,88.88888888888889
Norske Skog ASA,,unmatched,0.0
Norsk Hydro ASA,,unmatched,0.0
Nortech Systems Incorporated,,unmatched,0.0
Northam Platinum Holdings Limited,,unmatched,0.0
Northam Platinum Limited,,unmatched,0.0
Northeast Bank,,unmatched,0.0
"Northern Oil and Gas, Inc.",,unmatched,0.0
Northern Star Resources Limited,,unmatched,0.0
Northern Technologies International Corporation,,unmatched,0.0
Northern Trust Corporation,,unmatched,0.0
Northland Power Inc.,,unmatched,0.0
Northrop Grumman Corporation,,unmatched,0.0
NorthWestern Corporation,,unmatched,0.0
NorthWest Healthcare Properties Real Estate Investment Trust,,unmatched,0.0
Northwest Natural Holding Company,,unmatched,0.0
Northwest Pipe Company,,unmatched,0.0
North American Construction Group Ltd.,,unmatched,0.0
NortonLifeLock Inc.,,unmatched,0.0
Norwegian Air Shuttle ASA,,unmatched,0.0
Norwegian Cruise Line Holdings Ltd.,,unmatched,0.0
Norwegian Energy Company ASA,,unmatched,0.0
"NOS, S.G.P.S., S.A.",,unmatched,0.0
Nostrum Oil & Gas PLC,,unmatched,0.0
NOTE AB (publ),,unmatched,0.0
"Novabase S.G.P.S., S.A.",,unmatched,0.0
"NovaBay Pharmaceuticals, Inc.",,unmatched,0.0
NovaGold Resources Inc.,,unmatched,0.0
Novanta Inc.,,unmatched,0.0
Novartis AG,,unmatched,0.0
Novatek Microelectronics Corp.,,unmatched,0.0
Novaturas AB,,unmatched,0.0
"Novavax, Inc.",,unmatched,0.0
Nova Cannabis Inc.,,unmatched,0.0
Nova Eye Medical Limited,,unmatched,0.0
Nova Ljubljanska Banka d.d.,,unmatched,0.0
Nova Ltd.,NOVA,exact,100.0
Nova Measuring Instruments Ltd.,,unmatched,0.0
NovoCure Limited,,unmatched,0.0
Novozymes A S,,unmatched,0.0
Novo Nordisk A S,,unmatched,0.0
Novus Holdings Limited,NOVTU,fuzzy,80.0
NOV Inc.,NOV,exact,100.0
NOW Inc.,NOW,exact,100.0
NRC Group ASA,,unmatched,0.0
"NRG Energy, Inc.",,unmatched,0.0
NSK Ltd.,NTSK,fuzzy,85.71428571428572
NTG Nordic Transport Group A S,,unmatched,0.0
NTPC Limited,TPC,fuzzy,85.71428571428572
NTT DATA Corporation,,unmatched,0.0
Nucleus Software Exports Limited,,unmatched,0.0
Nucor Corporation,COR,fuzzy,75.0
Nufarm Limited,FARM,fuzzy,80.0
Nuheara Limited,,unmatched,0.0
Nuix Limited,ANIX,fuzzy,75.0
Numinus Wellness Inc.,,unmatched,0.0
"Nutanix, Inc.",,unmatched,0.0
Nutrien Ltd.,,unmatched,0.0
Nuvei Corporation,NUE,fuzzy,75.0
Nuvve Holding Corp.,NVVE,fuzzy,88.88888888888889
"Nuwellis, Inc.",,unmatched,0.0
"Nu Skin Enterprises, Inc.",,unmatched,0.0
"NV5 Global, Inc.",,unmatched,0.0
nVent Electric plc,,unmatched,0.0
NVE Corporation,INVE,fuzzy,85.71428571428572
NVIDIA Corporation,NVDA,known,100.0
NV Bekaert SA,,unmatched,0.0
NWF Group plc,NWFL,fuzzy,85.71428571428572
NWS Holdings Limited,NWS,exact,100.0
NXP Semiconductors N.V.,,unmatched,0.0
"Nxt-ID, Inc.",,unmatched,0.0
NXT Energy Solutions Inc.,,unmatched,0.0
Nyxoah S.A.,,unmatched,0.0
NZME Limited,NUZE,fuzzy,75.0
NZX Limited,NX,fuzzy,80.0
N Brown Group plc,,unmatched,0.0
"O'Reilly Automotive, Inc.",,unmatched,0.0
"O-I Glass, Inc.",,unmatched,0.0
Oakley Capital Investments Limited,,unmatched,0.0
Oaktree Specialty Lending Corporation,,unmatched,0.0
Oasis Petroleum Inc.,,unmatched,0.0
Oasmia Pharmaceutical AB (publ),,unmatched,0.0
Oatly Group AB,,unmatched,0.0
Oberoi Realty Limited,,unmatched,0.0
"Obrascón Huarte Lain, S.A.",,unmatched,0.0
Ocado Group plc,OCA,fuzzy,75.0
Occidental Petroleum Corporation,,unmatched,0.0
OceanaGold Corporation,,unmatched,0.0
"Oceaneering International, Inc.",,unmatched,0.0
OceanFirst Financial Corp.,,unmatched,0.0
"Oceania Healthcare Limited, 10 Months Period Ending Mar 31",,unmatched,0.0
Oceania Healthcare Limited,,unmatched,0.0
"Ocean Power Technologies, Inc.",,unmatched,0.0
OCI N.V.,,unmatched,0.0
Octodec Investments Limited,,unmatched,0.0
"Ocugen, Inc.",OCGN,fuzzy,80.0
"Ocular Therapeutix, Inc.",,unmatched,0.0
Ocwen Financial Corporation,,unmatched,0.0
OC Oerlikon Corporation AG,,unmatched,0.0
Odfjell Drilling Ltd.,,unmatched,0.0
Odfjell SE,,unmatched,0.0
Odontoprev S.A.,,unmatched,0.0
"Odyssey Semiconductor Technologies, Inc.",,unmatched,0.0
"OfferPad, LLC",,unmatched,0.0
Offerpad Solutions Inc.,,unmatched,0.0
Office Properties Income Trust,,unmatched,0.0
OFG Bancorp,,unmatched,0.0
OFS Capital Corporation,,unmatched,0.0
OFX Group Limited,OFIX,fuzzy,85.71428571428572
OGE Energy Corp.,,unmatched,0.0
OHB SE,OB,fuzzy,80.0
Oil-Dri Corporation of America,,unmatched,0.0
Oil and Gas Development Company Limited,,unmatched,0.0
Oil and Natural Gas Corporation Limited,,unmatched,0.0
Oil India Limited,,unmatched,0.0
"Oil States International, Inc.",,unmatched,0.0
Oi S.A.,OI,exact,100.0
Okeanis Eco Tankers Corp.,,unmatched,0.0
OKEA ASA,,unmatched,0.0
"Okta, Inc.",OKTA,exact,100.0
Olam International Limited,,unmatched,0.0
"Olaplex Holdings, Inc.",,unmatched,0.0
"Old Dominion Freight Line, Inc.",,unmatched,0.0
Old Mutual Limited,,unmatched,0.0
Old National Bancorp,,unmatched,0.0
Old Republic International Corporation,,unmatched,0.0
"Old Second Bancorp, Inc.",,unmatched,0.0
Olin Corporation,OLN,fuzzy,85.71428571428572
"Ollie's Bargain Outlet Holdings, Inc.",,unmatched,0.0
Olo Inc.,OLO,exact,100.0
"Olympic Steel, Inc.",,unmatched,0.0
Olympus Corporation,,unmatched,0.0
Omani Qatari Telecommunications Company SAOG,,unmatched,0.0
Omega Diagnostics Group PLC,,unmatched,0.0
"Omega Healthcare Investors, Inc.",,unmatched,0.0
Omeros Corporation,OMER,fuzzy,80.0
Omni-Lite Industries Canada Inc.,,unmatched,0.0
Omnia Holdings Limited,OMI,fuzzy,75.0
"Omnicell, Inc.",,unmatched,0.0
Omnicom Group Inc.,,unmatched,0.0
OMNIQ Corp.,NIQ,fuzzy,75.0
Omni Bridgeway Limited,,unmatched,0.0
OMV Aktiengesellschaft,,unmatched,0.0
OMV Petrom S.A.,,unmatched,0.0
"ON24, Inc.",,unmatched,0.0
Oncoclínicas do Brasil Serviços Médicos S.A.,,unmatched,0.0
OncoCyte Corporation,,unmatched,0.0
Oncolytics Biotech Inc.,,unmatched,0.0
"Onconova Therapeutics, Inc.",,unmatched,0.0
Oncopeptides AB (publ),,unmatched,0.0
"Oncternal Therapeutics, Inc.",,unmatched,0.0
One97 Communications Limited,VZ,fuzzy,80.95238095238095
"OneConnect Financial Technology Co., Ltd.",,unmatched,0.0
"OneMain Holdings, Inc.",,unmatched,0.0
"ONEOK, Inc.",UONEK,fuzzy,80.0
OneSmart International Education Group Limited,,unmatched,0.0
OneSpan Inc.,,unmatched,0.0
OneSpaWorld Holdings Limited,,unmatched,0.0
Oneview Healthcare PLC,,unmatched,0.0
OneWater Marine Inc.,,unmatched,0.0
Onex Corporation,NEX,fuzzy,85.71428571428572
"ONE Gas, Inc.",,unmatched,0.0
"One Stop Systems, Inc.",,unmatched,0.0
OnMobile Global Limited,,unmatched,0.0
Ontex Group NV,ONTX,fuzzy,88.88888888888889
Onto Innovation Inc.,,unmatched,0.0
"Ontrak, Inc.",NTRA,fuzzy,80.0
On Holding AG,ON,exact,100.0
ON Semiconductor Corporation,,unmatched,0.0
oOh!media Limited,,unmatched,0.0
"Ooma, Inc.",OOMA,exact,100.0
Ooredoo Q.P.S.C.,,unmatched,0.0
Opendoor Technologies Inc.,,unmatched,0.0
Open Lending Corporation,,unmatched,0.0
Open Orphan plc,,unmatched,0.0
Open Text Corporation,,unmatched,0.0
Opera Limited,ORA,fuzzy,75.0
"OpGen, Inc.",OGEN,fuzzy,88.88888888888889
OPG Power Ventures Plc,,unmatched,0.0
"OPKO Health, Inc.",,unmatched,0.0
Oportun Financial Corporation,,unmatched,0.0
OppFi Inc.,OPFI,fuzzy,88.88888888888889
Optical Cable Corporation,,unmatched,0.0
OptimizeRx Corporation,,unmatched,0.0
"OptiNose, Inc.",,unmatched,0.0
"Option Care Health, Inc.",,unmatched,0.0
Optiva Inc.,,unmatched,0.0
Optomed Oyj,,unmatched,0.0
Oracle Corporation,ORCL,fuzzy,80.0
Orange Belgium S.A.,,unmatched,0.0
Orange Polska S.A.,,unmatched,0.0
Orange S.A.,RANG,fuzzy,80.0
Orascom Construction PLC,,unmatched,0.0
Orascom Development Egypt (S.A.E),,unmatched,0.0
Orascom Development Holding AG,,unmatched,0.0
"OraSure Technologies, Inc.",,unmatched,0.0
"Orbia Advance Corporation, S.A.B. de C.V.",,unmatched,0.0
Orbital Corporation Limited,,unmatched,0.0
Orbit Garant Drilling Inc.,,unmatched,0.0
"Orchid Island Capital, Inc.",,unmatched,0.0
Orexo AB (publ),,unmatched,0.0
OrganiGram Holdings Inc.,,unmatched,0.0
"Organización Soriana, S. A. B. de C. V.",,unmatched,0.0
Organogenesis Holdings Inc.,,unmatched,0.0
Organon & Co.,,unmatched,0.0
Orgenesis Inc.,,unmatched,0.0
Orica Limited,ORIA,fuzzy,88.88888888888889
Oriental Carbon & Chemicals Limited,,unmatched,0.0
Orient Cement Limited,,unmatched,0.0
"Origin Bancorp, Inc.",,unmatched,0.0
Origin Energy Limited,,unmatched,0.0
Origin Enterprises plc,,unmatched,0.0
"Origin Materials, Inc.",,unmatched,0.0
Oriola Oyj,,unmatched,0.0
"Orion Energy Systems, Inc.",,unmatched,0.0
Orion Engineered Carbons S.A.,,unmatched,0.0
"Orion Group Holdings, Inc.",ORI,fuzzy,75.0
Orion Oyj,,unmatched,0.0
ORIOR AG,IOR,fuzzy,75.0
ORIX Corporation,ORI,fuzzy,85.71428571428572
Orkla ASA,,unmatched,0.0
Orla Mining Ltd.,,unmatched,0.0
"Ormat Technologies, Inc.",MAT,fuzzy,75.0
Orora Limited,ORA,fuzzy,75.0
Orpea SA,ORA,fuzzy,75.0
Orphazyme A S,,unmatched,0.0
Orsero S.p.A.,,unmatched,0.0
Orthofix Medical Inc.,,unmatched,0.0
OrthoPediatrics Corp.,,unmatched,0.0
OSB Group Plc,OSBC,fuzzy,85.71428571428572
"Oscar Health, Inc.",,unmatched,0.0
Oshkosh Corporation,,unmatched,0.0
Osisko Gold Royalties Ltd,,unmatched,0.0
"OSI Systems, Inc.",CSCO,fuzzy,75.0
Osmotica Pharmaceuticals plc,,unmatched,0.0
OSRAM Licht AG,,unmatched,0.0
OTC Markets Group Inc.,,unmatched,0.0
Otis Worldwide Corporation,,unmatched,0.0
Otovo AS,,unmatched,0.0
OTP Bank Nyrt.,,unmatched,0.0
Otter Tail Corporation,,unmatched,0.0
Ouro Fino Saúde Animal Participações S.A.,,unmatched,0.0
"Ouster, Inc.",OSTR,fuzzy,80.0
Outbrain Inc.,,unmatched,0.0
Outfront Media Inc. (REIT),,unmatched,0.0
Outokumpu Oyj,,unmatched,0.0
"Outset Medical, Inc.",,unmatched,0.0
Oversea-Chinese Banking Corporation Limited,,unmatched,0.0
"Overstock.com, Inc.",,unmatched,0.0
Ovintiv Inc.,,unmatched,0.0
OVS S.p.A.,,unmatched,0.0
"Owens & Minor, Inc.",,unmatched,0.0
Owens Corning,,unmatched,0.0
Owl Rock Capital Corporation,,unmatched,0.0
Oxbridge Re Holdings Limited,,unmatched,0.0
Oxford Biomedica plc,,unmatched,0.0
"Oxford Industries, Inc.",,unmatched,0.0
Oxford Instruments plc,,unmatched,0.0
Oxford Lane Capital Corp.,,unmatched,0.0
Oxford Square Capital Corp.,,unmatched,0.0
Össur hf.,,unmatched,0.0
Österreichische Post AG,,unmatched,0.0
"P10, Inc.",,unmatched,0.0
PACCAR Inc,PCAR,fuzzy,80.0
Pacific Basin Shipping Limited,,unmatched,0.0
"Pacific Biosciences of California, Inc.",,unmatched,0.0
Pacific Current Group Limited,,unmatched,0.0
Pacific Edge Limited,,unmatched,0.0
"Pacific Premier Bancorp, Inc.",,unmatched,0.0
Pacific Smiles Group Limited,,unmatched,0.0
"Pacira BioSciences, Inc.",,unmatched,0.0
Packaging Corporation of America,,unmatched,0.0
Pactiv Evergreen Inc.,,unmatched,0.0
Pact Group Holdings Ltd,ACT,fuzzy,85.71428571428572
PageGroup plc,,unmatched,0.0
"PagerDuty, Inc.",,unmatched,0.0
Page Industries Limited,,unmatched,0.0
PagSeguro Digital Ltd.,,unmatched,0.0
Paion AG,AIN,fuzzy,75.0
Palantir Technologies Inc.,,unmatched,0.0
"Palatin Technologies, Inc.",,unmatched,0.0
Palfinger AG,,unmatched,0.0
"Palomar Holdings, Inc.",,unmatched,0.0
"Palo Alto Networks, Inc.",,unmatched,0.0
Pampa Energía S.A.,,unmatched,0.0
Panasonic Corporation,,unmatched,0.0
"Panbela Therapeutics, Inc.",,unmatched,0.0
Pandora A S,,unmatched,0.0
Pandox AB (publ),,unmatched,0.0
"Pangaea Logistics Solutions, Ltd.",,unmatched,0.0
Panoro Energy ASA,,unmatched,0.0
Pan African Resources PLC,,unmatched,0.0
Pan American Silver Corp.,,unmatched,0.0
PAO NOVATEK,,unmatched,0.0
PAO Severstal,,unmatched,0.0
PAO TMK,,unmatched,0.0
"Papa John's International, Inc.",,unmatched,0.0
"Parade Technologies, Ltd.",PARA,fuzzy,80.0
Paradox Interactive AB (publ),,unmatched,0.0
"Paragon 28, Inc.",,unmatched,0.0
Paragon Banking Group PLC,,unmatched,0.0
"Paramount Group, Inc.",,unmatched,0.0
Paranapanema S.A.,,unmatched,0.0
Parex Resources Inc.,,unmatched,0.0
Park-Ohio Holdings Corp.,,unmatched,0.0
"PARK24 Co., Ltd.",PARK,fuzzy,80.0
Parker-Hannifin Corporation,,unmatched,0.0
Parkland Corporation,,unmatched,0.0
Park Aerospace Corp.,,unmatched,0.0
"Park City Group, Inc.",,unmatched,0.0
Park Hotels & Resorts Inc.,,unmatched,0.0
Park Lawn Corporation,,unmatched,0.0
Parque Arauco S.A.,,unmatched,0.0
Parsons Corporation,,unmatched,0.0
Partners Group Holding AG,,unmatched,0.0
Partner Communications Company Ltd.,VZ,fuzzy,77.27272727272727
"Par Pacific Holdings, Inc.",,unmatched,0.0
PAR Technology Corporation,PAR,exact,100.0
Pason Systems Inc.,CSCO,fuzzy,76.92307692307692
"Passage Bio, Inc.",,unmatched,0.0
PatientSky Group AS,,unmatched,0.0
Patria Investments Limited,,unmatched,0.0
"Patrick Industries, Inc.",,unmatched,0.0
Patrizia AG,,unmatched,0.0
"Patterson-UTI Energy, Inc.",,unmatched,0.0
"Patterson Companies, Inc.",,unmatched,0.0
PAVmed Inc.,AMED,fuzzy,80.0
"Paychex, Inc.",,unmatched,0.0
"Paycom Software, Inc.",,unmatched,0.0
"Paycor HCM, Inc.",,unmatched,0.0
Paylocity Holding Corporation,,unmatched,0.0
"Paymentus Holdings, Inc.",,unmatched,0.0
Payoneer Global Inc.,,unmatched,0.0
"PayPal Holdings, Inc.",PAYA,fuzzy,80.0
PayPoint plc,,unmatched,0.0
Paysafe Limited,,unmatched,0.0
"PaySign, Inc.",,unmatched,0.0
PBF Energy Inc.,,unmatched,0.0
PCCW Limited,CSCW,fuzzy,75.0
PCI Biotech Holding ASA,,unmatched,0.0
"PC Connection, Inc.",,unmatched,0.0
"PDF Solutions, Inc.",,unmatched,0.0
PDG Realty S.A. Empreendimentos e Participações,,unmatched,0.0
PDS Biotechnology Corporation,,unmatched,0.0
Peabody Energy Corporation,,unmatched,0.0
Pearl Abyss Corp.,,unmatched,0.0
Pearson plc,,unmatched,0.0
Pebblebrook Hotel Trust,,unmatched,0.0
Pegasystems Inc.,,unmatched,0.0
"Peloton Interactive, Inc.",,unmatched,0.0
Pembina Pipeline Corporation,,unmatched,0.0
Pendragon PLC,,unmatched,0.0
PennantPark Floating Rate Capital Ltd.,,unmatched,0.0
PennantPark Investment Corporation,,unmatched,0.0
Pennar Industries Limited,,unmatched,0.0
Pennon Group Plc,PENN,fuzzy,80.0
"PennyMac Financial Services, Inc.",,unmatched,0.0
PennyMac Mortgage Investment Trust,,unmatched,0.0
"Penn National Gaming, Inc.",,unmatched,0.0
"Penske Automotive Group, Inc.",,unmatched,0.0
Pentair plc,,unmatched,0.0
"Penumbra, Inc.",,unmatched,0.0
Peoples Bancorp Inc.,,unmatched,0.0
People Infrastructure Ltd,,unmatched,0.0
Pepkor Holdings Limited,,unmatched,0.0
"PepsiCo, Inc.",PEP,known,100.0
Perdoceo Education Corporation,,unmatched,0.0
Perella Weinberg Partners,,unmatched,0.0
Perenti Global Limited,,unmatched,0.0
"Perficient, Inc.",,unmatched,0.0
Performance Food Group Company,,unmatched,0.0
Performant Financial Corporation,,unmatched,0.0
"Perimeter Solutions, SA",,unmatched,0.0
Perion Network Ltd.,,unmatched,0.0
"PerkinElmer, Inc.",,unmatched,0.0
"Perma-Fix Environmental Services, Inc.",,unmatched,0.0
Permanent TSB Group Holdings plc,,unmatched,0.0
Pernod Ricard SA,,unmatched,0.0
Perpetual Limited,,unmatched,0.0
Perrigo Company plc,,unmatched,0.0
Perseus Mining Limited,,unmatched,0.0
"Pershing Square Holdings, Ltd.",,unmatched,0.0
Persimmon Plc,,unmatched,0.0
Persistent Systems Limited,,unmatched,0.0
"Persol Holdings Co., Ltd.",PRSO,fuzzy,80.0
"Personalis, Inc.",,unmatched,0.0
Perusahaan Perseroan (Persero) PT Telekomunikasi Indonesia Tbk,,unmatched,0.0
"Petco Health and Wellness Company, Inc.",,unmatched,0.0
"PetIQ, Inc.",PETQ,fuzzy,88.88888888888889
"PetMed Express, Inc.",,unmatched,0.0
Petra Diamonds Limited,,unmatched,0.0
Petrobras Distribuidora S.A.,,unmatched,0.0
PetroChina Company Limited,,unmatched,0.0
Petrofac Limited,,unmatched,0.0
PETRONAS Chemicals Group Berhad,,unmatched,0.0
PETRONAS Gas Berhad,,unmatched,0.0
Petronet LNG Limited,,unmatched,0.0
Petro Rio S.A.,,unmatched,0.0
Petróleo Brasileiro S.A. - Petrobras,,unmatched,0.0
Pets at Home Group Plc,,unmatched,0.0
PEXA Group Limited,AEXA,fuzzy,75.0
Pexip Holding ASA,,unmatched,0.0
Peyto Exploration & Development Corp.,,unmatched,0.0
Pfizer Inc.,PFE,known,100.0
PG&E Corporation,ECPG,fuzzy,75.0
PGE Polska Grupa Energetyczna S.A.,,unmatched,0.0
PGG Wrightson Limited,,unmatched,0.0
Pharmaxis Ltd,,unmatched,0.0
"Pharma Mar, S.A.",,unmatched,0.0
Pharming Group N.V.,,unmatched,0.0
Phibro Animal Health Corporation,,unmatched,0.0
"Philex Mining Corporation, PXP Energy Corporation",,unmatched,0.0
Philip Morris International Inc.,,unmatched,0.0
Phillips 66,,unmatched,0.0
"Phillips Edison & Company, Inc.",,unmatched,0.0
Phison Electronics Corp.,,unmatched,0.0
Phoenix Group Holdings plc,,unmatched,0.0
Phoenix New Media Limited,,unmatched,0.0
Phoslock Environmental Technologies Limited,,unmatched,0.0
Photocure ASA,,unmatched,0.0
Photon Energy N.V.,,unmatched,0.0
"Photronics, Inc.",,unmatched,0.0
"Phreesia, Inc.",,unmatched,0.0
"Phunware, Inc.",,unmatched,0.0
PHX Minerals Inc.,,unmatched,0.0
Piaggio & C. SpA,,unmatched,0.0
Pick n Pay Stores Limited,,unmatched,0.0
Pidilite Industries Limited,,unmatched,0.0
"Piedmont Office Realty Trust, Inc.",,unmatched,0.0
"Pieris Pharmaceuticals, Inc.",,unmatched,0.0
Pilbara Minerals Limited,,unmatched,0.0
Pilgrim's Pride Corporation,,unmatched,0.0
Pinduoduo Inc.,,unmatched,0.0
"Ping An Bank Co., Ltd.",,unmatched,0.0
"Ping An Insurance (Group) Company of China, Ltd.",,unmatched,0.0
"Pinnacle Financial Partners, Inc.",,unmatched,0.0
Pinnacle Investment Management Group Limited,,unmatched,0.0
Pinnacle West Capital Corporation,,unmatched,0.0
Pintec Technology Holdings Limited,INTC,fuzzy,80.0
"Pinterest, Inc.",,unmatched,0.0
"Pioneer Power Solutions, Inc.",,unmatched,0.0
Piper Sandler Companies,,unmatched,0.0
Piraeus Financial Holdings S.A.,,unmatched,0.0
Piramal Enterprises Limited,,unmatched,0.0
Pirelli & C. S.p.A.,,unmatched,0.0
Pitney Bowes Inc.,,unmatched,0.0
"Pixelworks, Inc.",,unmatched,0.0
Pizza Pizza Royalty Corp.,,unmatched,0.0
PI Industries Limited,,unmatched,0.0
PJSC LSR Group,,unmatched,0.0
PJSC LUKOIL,,unmatched,0.0
PJSC Tatneft,,unmatched,0.0
PJT Partners Inc.,,unmatched,0.0
Pkp Cargo S.A.,,unmatched,0.0
"Plains All American Pipeline, L.P., Plains GP Holdings, L.P.",,unmatched,0.0
Planet 13 Holdings Inc.,,unmatched,0.0
"Planet Fitness, Inc.",,unmatched,0.0
Plato Income Maximiser Limited,,unmatched,0.0
"PlayAGS, Inc.",,unmatched,0.0
Playa Hotels & Resorts N.V.,,unmatched,0.0
"PLAYSTUDIOS, Inc.",,unmatched,0.0
Playtech plc,,unmatched,0.0
Playtika Holding Corp.,,unmatched,0.0
Plaza Retail REIT,,unmatched,0.0
"PLBY Group, Inc.",PLBY,exact,100.0
PLDT Inc.,PLD,fuzzy,85.71428571428572
Plexus Corp.,PLUS,fuzzy,80.0
Plover Bay Technologies Limited,,unmatched,0.0
Plug Power Inc.,,unmatched,0.0
"Plus Therapeutics, Inc.",,unmatched,0.0
"Plymouth Industrial REIT, Inc.",,unmatched,0.0
PNB Housing Finance Limited,,unmatched,0.0
PNC Infratech Limited,,unmatched,0.0
PNE AG,PINE,fuzzy,85.71428571428572
PointsBet Holdings Limited,,unmatched,0.0
Pokarna Limited,,unmatched,0.0
Polaris Inc.,,unmatched,0.0
Polaris Infrastructure Inc.,,unmatched,0.0
"PolarityTE, Inc.",,unmatched,0.0
poLight ASA,,unmatched,0.0
Polski Koncern Naftowy ORLEN Spólka Akcyjna,,unmatched,0.0
Polycab India Limited,,unmatched,0.0
Polymetal International plc,,unmatched,0.0
PolyNovo Limited,,unmatched,0.0
PolyPid Ltd.,,unmatched,0.0
Polypipe Group plc,,unmatched,0.0
Pool Corporation,POOL,exact,100.0
Poonawalla Fincorp Limited,,unmatched,0.0
"Popular, Inc.",,unmatched,0.0
"Porch Group, Inc.",PRCH,fuzzy,88.88888888888889
Porch Group Inc.,PRCH,fuzzy,88.88888888888889
Portillo's Inc.,,unmatched,0.0
Portland General Electric Company,GE,fuzzy,78.04878048780488
Portman Ridge Finance Corporation,,unmatched,0.0
Portmeirion Group PLC,,unmatched,0.0
Porto Seguro S.A.,,unmatched,0.0
Porvair plc,,unmatched,0.0
Positivo Tecnologia S.A.,,unmatched,0.0
"Postal Realty Trust, Inc.",,unmatched,0.0
Poste Italiane SpA,,unmatched,0.0
PostNL N.V.,,unmatched,0.0
"Post Holdings, Inc.",POST,exact,100.0
Potbelly Corporation,,unmatched,0.0
PotlatchDeltic Corporation,,unmatched,0.0
"Powell Industries, Inc.",,unmatched,0.0
"PowerFleet, Inc.",,unmatched,0.0
"PowerSchool Holdings, Inc.",,unmatched,0.0
Power Corporation of Canada,,unmatched,0.0
Power Finance Corporation Limited,,unmatched,0.0
Power Grid Corporation of India Limited,,unmatched,0.0
"Power Integrations, Inc.",,unmatched,0.0
Power Mech Projects Limited,,unmatched,0.0
Powszechna Kasa Oszczednosci Bank Polski Spólka Akcyjna,,unmatched,0.0
Powszechny Zaklad Ubezpieczen SA,,unmatched,0.0
Poxel S.A.,POL,fuzzy,75.0
PPAP Automotive Limited,,unmatched,0.0
PPC Ltd,PPC,exact,100.0
"PPG Industries, Inc.",,unmatched,0.0
PPL Corporation,PPL,exact,100.0
PQ Group Holdings Inc.,HPQ,fuzzy,80.0
Prada S.p.A.,,unmatched,0.0
Praemium Limited,,unmatched,0.0
PrairieSky Royalty Ltd.,,unmatched,0.0
Praj Industries Limited,,unmatched,0.0
Prataap Snacks Limited,,unmatched,0.0
"Praxis Precision Medicines, Inc.",,unmatched,0.0
"PRA Group, Inc.",PRA,exact,100.0
"Precigen, Inc.",,unmatched,0.0
Precinct Properties New Zealand Limited,,unmatched,0.0
"Precipio, Inc.",,unmatched,0.0
Precise Biometrics AB (publ),,unmatched,0.0
Precision Camshafts Limited,,unmatched,0.0
Precision Drilling Corporation,,unmatched,0.0
"Precision Optics Corporation, Inc.",,unmatched,0.0
Preferred Bank,,unmatched,0.0
"Premier, Inc.",,unmatched,0.0
Premier Explosives Limited,,unmatched,0.0
Premier Financial Corp.,,unmatched,0.0
Premier Foods plc,,unmatched,0.0
Premium Brands Holdings Corporation,,unmatched,0.0
"Pressure BioSciences, Inc.",,unmatched,0.0
Prestige Consumer Healthcare Inc.,,unmatched,0.0
Prestige Estates Projects Limited,,unmatched,0.0
Pricer AB (publ),,unmatched,0.0
"PriceSmart, Inc.",,unmatched,0.0
Pricol Limited,,unmatched,0.0
Primary Health Properties PLC,,unmatched,0.0
"Primerica, Inc.",,unmatched,0.0
Primis Financial Corp.,,unmatched,0.0
Primoris Services Corporation,,unmatched,0.0
Primo Water Corporation,,unmatched,0.0
Princess Private Equity Holding Limited,,unmatched,0.0
Prince Pipes and Fittings Limited,,unmatched,0.0
"Principal Financial Group, Inc.",,unmatched,0.0
"Priority Technology Holdings, Inc.",,unmatched,0.0
"Privia Health Group, Inc.",,unmatched,0.0
Proact IT Group AB (publ),,unmatched,0.0
ProAssurance Corporation,,unmatched,0.0
Probi AB (publ),,unmatched,0.0
"Procore Technologies, Inc.",,unmatched,0.0
ProCredit Holding AG & Co. KGaA,,unmatched,0.0
Prodways Group SA,,unmatched,0.0
"Profire Energy, Inc.",,unmatched,0.0
Profound Medical Corp.,,unmatched,0.0
"Progressive Care, Inc.",,unmatched,0.0
Progress Software Corporation,,unmatched,0.0
"Progyny, Inc.",,unmatched,0.0
"PROG Holdings, Inc.",PROG,exact,100.0
Projektengagemang Sweden AB (publ),,unmatched,0.0
"Prologis, Inc.",,unmatched,0.0
Promigas S.A. E.S.P.,,unmatched,0.0
"Promotora de Informaciones, S.A.",,unmatched,0.0
Propel Funeral Partners Limited,,unmatched,0.0
Property For Industry Limited,,unmatched,0.0
ProPetro Holding Corp.,,unmatched,0.0
"ProPhase Labs, Inc.",,unmatched,0.0
Prosafe SE,,unmatched,0.0
"Prosegur Cash, S.A.",,unmatched,0.0
"Prosegur Compañía de Seguridad, S.A.",,unmatched,0.0
ProSiebenSat.1 Media SE,,unmatched,0.0
Prospa Group Limited,PROP,fuzzy,80.0
Prospect Capital Corporation,,unmatched,0.0
"Prosperity Bancshares, Inc.",,unmatched,0.0
"PROS Holdings, Inc.",PROS,exact,100.0
"Protagonist Therapeutics, Inc.",,unmatched,0.0
"Protalix BioTherapeutics, Inc.",,unmatched,0.0
Protech Home Medical Corp.,,unmatched,0.0
Protector Forsikring ASA,,unmatched,0.0
Prothena Corporation plc,,unmatched,0.0
"Proto Labs, Inc.",,unmatched,0.0
"Provident Financial Holdings, Inc.",,unmatched,0.0
Provident Financial plc,,unmatched,0.0
"Provident Financial Services, Inc.",,unmatched,0.0
Proximus PLC,,unmatched,0.0
Pro Medicus Limited,,unmatched,0.0
Pro Real Estate Investment Trust,,unmatched,0.0
"Prudential Financial, Inc.",,unmatched,0.0
Prudential plc,,unmatched,0.0
Prysmian S.p.A.,,unmatched,0.0
PSP Projects Limited,,unmatched,0.0
PSP Swiss Property AG,,unmatched,0.0
PTC Inc.,PTC,exact,100.0
PTC India Financial Services Limited,,unmatched,0.0
PTC India Limited,,unmatched,0.0
"PTC Therapeutics, Inc.",,unmatched,0.0
PTT Exploration and Production Public Company Limited,,unmatched,0.0
PTT Public Company Limited,,unmatched,0.0
PT Bank CIMB Niaga Tbk,,unmatched,0.0
PT Bank Danamon Indonesia Tbk,,unmatched,0.0
PT Bank Mandiri (Persero) Tbk,,unmatched,0.0
PT Bank Negara Indonesia (Persero) Tbk,,unmatched,0.0
PT Bumi Resources Tbk,,unmatched,0.0
PT Indosat Tbk,,unmatched,0.0
PT Matahari Department Store Tbk,,unmatched,0.0
PT Vale Indonesia Tbk,,unmatched,0.0
PT XL Axiata Tbk,,unmatched,0.0
Publicis Groupe S.A.,,unmatched,0.0
Public Joint-Stock Company Enel Russia,,unmatched,0.0
Public Joint-Stock Company Federal Grid Company of Unified Energy System,,unmatched,0.0
Public Joint-Stock Company Federal Hydro-Generating Company - RusHydro,,unmatched,0.0
Public Joint-Stock Company Moscow Exchange MICEX-RTS,,unmatched,0.0
Public Joint-Stock Company PhosAgro,,unmatched,0.0
Public Joint-Stock Company Unipro,,unmatched,0.0
Public Joint Stock Company Aeroflot - Russian Airlines,,unmatched,0.0
Public Joint Stock Company ALROSA,,unmatched,0.0
Public Joint Stock Company Detsky Mir,,unmatched,0.0
Public Joint Stock Company Gazprom,,unmatched,0.0
Public Joint Stock Company Gazprom Neft,,unmatched,0.0
Public Joint Stock Company Inter RAO UES,,unmatched,0.0
Public Joint Stock Company Magnit,,unmatched,0.0
Public Joint Stock Company Magnitogorsk Iron & Steel Works,,unmatched,0.0
Public Joint Stock Company Mining and Metallurgical Company Norilsk Nickel,,unmatched,0.0
Public Joint Stock Company Novolipetsk Steel,,unmatched,0.0
Public Joint Stock Company Polyus,,unmatched,0.0
Public Joint Stock Company Raspadskaya,,unmatched,0.0
Public Joint Stock Company Rosneft Oil Company,,unmatched,0.0
Public Joint Stock Company Rostelecom,,unmatched,0.0
Public Joint Stock Company Severstal,,unmatched,0.0
Public Service Enterprise Group Incorporated,,unmatched,0.0
Public Storage,,unmatched,0.0
"PubMatic, Inc.",,unmatched,0.0
Pulmonx Corporation,,unmatched,0.0
"Pulse Biosciences, Inc.",,unmatched,0.0
"PulteGroup, Inc.",,unmatched,0.0
"Puma Biotechnology, Inc.",,unmatched,0.0
Punjab National Bank,,unmatched,0.0
Puravankara Limited,,unmatched,0.0
Purcari Wineries Public Company Limited,,unmatched,0.0
"PureCycle Technologies, Inc.",,unmatched,0.0
PureTech Health plc,,unmatched,0.0
Pure Cycle Corporation,,unmatched,0.0
"Pure Storage, Inc.",,unmatched,0.0
"Purple Innovation, Inc.",,unmatched,0.0
Puyi Inc.,PBYI,fuzzy,75.0
PVH Corp.,PVH,exact,100.0
PVR Limited,PR,fuzzy,80.0
PWR Holdings Limited,PWR,exact,100.0
PXP Energy Corporation,,unmatched,0.0
Pyxis Tankers Inc.,,unmatched,0.0
"Pyxus International, Inc.",,unmatched,0.0
PZ Cussons Plc,,unmatched,0.0
P F Bakkafrost,,unmatched,0.0
Q-linea AB (publ),,unmatched,0.0
q.beyond AG,,unmatched,0.0
"Q.E.P. Co., Inc.",,unmatched,0.0
"Q2 Holdings, Inc.",,unmatched,0.0
Qantas Airways Limited,,unmatched,0.0
QANTM Intellectual Property Limited,,unmatched,0.0
Qatari German Company for Medical Devices (Q.P.S.C.),,unmatched,0.0
Qatari Investors Group Q.S.C.,,unmatched,0.0
Qatar Aluminium Manufacturing Company Q.P.S.C.,,unmatched,0.0
Qatar Cinema and Film Distribution Company - Q.S.C,,unmatched,0.0
Qatar Electricity & Water Company Q.P.S.C.,,unmatched,0.0
Qatar First Bank L.L.C (Public),,unmatched,0.0
Qatar Fuel Company Q.P.S.C.( WOQOD ),,unmatched,0.0
Qatar Gas Transport Company Limited (Nakilat) (QPSC),,unmatched,0.0
Qatar General Insurance & Reinsurance Company Q.P.S.C.,,unmatched,0.0
Qatar Industrial Manufacturing Company Q.P.S.C.,,unmatched,0.0
Qatar Insurance Company Q.S.P.C.,,unmatched,0.0
Qatar International Islamic Bank (Q.P.S.C),,unmatched,0.0
Qatar Islamic Bank (Q.P.S.C.),,unmatched,0.0
Qatar Islamic Insurance Group Q.P.S.C.,,unmatched,0.0
Qatar National Bank (Q.P.S.C.),,unmatched,0.0
Qatar National Cement Company (Q.P.S.C.),,unmatched,0.0
Qatar Navigation Q.P.S.C.,,unmatched,0.0
QBE Insurance Group Limited,,unmatched,0.0
"QCR Holdings, Inc.",QCRH,fuzzy,85.71428571428572
Qeeka Home (Cayman) Inc.,,unmatched,0.0
QIAGEN N.V.,,unmatched,0.0
QinetiQ Group plc,,unmatched,0.0
QIWI plc,,unmatched,0.0
Qiwi plc,,unmatched,0.0
QleanAir AB,,unmatched,0.0
QleanAir Holding AB (publ),,unmatched,0.0
"Qorvo, Inc.",QRVO,fuzzy,88.88888888888889
Quadient S.A.,,unmatched,0.0
Quadrise Fuels International plc,,unmatched,0.0
"Quad Graphics, Inc.",,unmatched,0.0
Quaker Chemical Corporation,,unmatched,0.0
QUALCOMM Incorporated,QCOM,known,100.0
Qualicorp Consultoria e Corretora de Seguros S.A.,,unmatched,0.0
"Qualys, Inc.",QLYS,fuzzy,80.0
Quanex Building Products Corporation,,unmatched,0.0
"Quanta Services, Inc.",,unmatched,0.0
Quanterix Corporation,,unmatched,0.0
QuantumScape Corporation,,unmatched,0.0
Quantum Corporation,,unmatched,0.0
Quarterhill Inc.,,unmatched,0.0
"Quálitas Controladora, S.A.B. de C.V.",,unmatched,0.0
Qube Holdings Limited,CUBE,fuzzy,75.0
Qudian Inc.,,unmatched,0.0
Quebecor Inc.,,unmatched,0.0
Quess Corp Limited,ESS,fuzzy,75.0
Quest Diagnostics Incorporated,,unmatched,0.0
Quest Resource Holding Corporation,,unmatched,0.0
Quhuo Limited,,unmatched,0.0
QuickFee Limited,,unmatched,0.0
QuickLogic Corporation,,unmatched,0.0
Quickstep Holdings Limited,,unmatched,0.0
Quick Heal Technologies Limited,,unmatched,0.0
Quidel Corporation,QDEL,fuzzy,80.0
Quilter plc,,unmatched,0.0
"QuinStreet, Inc.",,unmatched,0.0
Quipt Home Medical Corp.,,unmatched,0.0
"Quisitive Technology Solutions, Inc.",,unmatched,0.0
Quorum Information Technologies Inc.,,unmatched,0.0
"QuoteMedia, Inc.",,unmatched,0.0
"Qurate Retail, Inc.",,unmatched,0.0
"Qurate Retail, Inc., Qurate Retail Group, Inc., GCI Liberty, Inc.",,unmatched,0.0
"Qurate Retail, Inc., Qurate Retail Group, Inc.",,unmatched,0.0
Qutoutiao Inc.,,unmatched,0.0
R.A.K. Ceramics P.J.S.C.,,unmatched,0.0
R. STAHL AG,,unmatched,0.0
R1 RCM Inc.,,unmatched,0.0
"Rackspace Technology, Inc.",,unmatched,0.0
RADCOM Ltd.,AVGO,fuzzy,85.71428571428572
"Radiant Logistics, Inc.",,unmatched,0.0
Radian Group Inc.,RADI,fuzzy,80.0
Radico Khaitan Limited,,unmatched,0.0
"RadNet, Inc.",ANET,fuzzy,80.0
Radware Ltd.,,unmatched,0.0
Raia Drogasil S.A.,,unmatched,0.0
Raiffeisen Bank International AG,,unmatched,0.0
Rain Industries Limited,,unmatched,0.0
Rai Way S.p.A.,,unmatched,0.0
Raketech Group Holding PLC,,unmatched,0.0
Rakon Limited,,unmatched,0.0
"Rakuten, Inc.",,unmatched,0.0
"Rakuten Group, Inc.",,unmatched,0.0
Rallis India Limited,,unmatched,0.0
Ralph Lauren Corporation,,unmatched,0.0
"Ramaco Resources, Inc.",,unmatched,0.0
Rambus Inc.,ABUS,fuzzy,80.0
Ramelius Resources Limited,,unmatched,0.0
Ramkrishna Forgings Limited,,unmatched,0.0
Ramsay Générale de Santé SA,,unmatched,0.0
Ramsay Health Care Limited,,unmatched,0.0
Rana Gruber AS,,unmatched,0.0
Randon S.A. Implementos e Participações,,unmatched,0.0
Randstad N.V.,,unmatched,0.0
Rand Capital Corporation,,unmatched,0.0
Rand Merchant Investment Holdings Limited,,unmatched,0.0
"Rane (Madras) Limited, Rane Brake Lining Limited, Rane Engine Valve Limited, Rane Holdings Limited",,unmatched,0.0
"Ranger Energy Services, Inc.",,unmatched,0.0
Range Resources Corporation,,unmatched,0.0
Ranpak Holdings Corp.,,unmatched,0.0
Rapala VMC Corporation,,unmatched,0.0
"Rapid7, Inc.",RPID,fuzzy,80.0
"Rapid Micro Biosystems, Inc.",,unmatched,0.0
Rathbone Brothers Plc,,unmatched,0.0
Ratnamani Metals & Tubes Limited,,unmatched,0.0
Ratos AB (publ),,unmatched,0.0
Raubex Group Limited,,unmatched,0.0
"Raymond James Financial, Inc.",,unmatched,0.0
Raymond Limited,,unmatched,0.0
Rayonier Advanced Materials Inc.,,unmatched,0.0
Rayonier Inc.,,unmatched,0.0
RaySearch Laboratories AB (publ),,unmatched,0.0
Raytheon Technologies Corporation,,unmatched,0.0
RBB Bancorp,,unmatched,0.0
RBC Bearings Incorporated,,unmatched,0.0
RBG Holdings plc,ARBG,fuzzy,85.71428571428572
RBL Bank Limited,,unmatched,0.0
"RCI Hospitality Holdings, Inc.",,unmatched,0.0
RCL Foods Limited,,unmatched,0.0
"RCM Technologies, Inc.",RCM,exact,100.0
Reach plc,ACH,fuzzy,75.0
"Reading International, Inc.",,unmatched,0.0
Readly International AB (publ),,unmatched,0.0
ReadyTech Holdings Limited,,unmatched,0.0
Ready Capital Corporation,,unmatched,0.0
Realogy Holdings Corp.,,unmatched,0.0
Realtek Semiconductor Corp.,,unmatched,0.0
Realty Income Corporation,,unmatched,0.0
Real Matters Inc.,,unmatched,0.0
REA Group Limited,REAL,fuzzy,85.71428571428572
Rebosis Property Fund Limited,,unmatched,0.0
Reckitt Benckiser Group plc,,unmatched,0.0
Recordati Industria Chimica e Farmaceutica S.p.A.,,unmatched,0.0
"Recruiter.com Group, Inc.",,unmatched,0.0
"Recruit Holdings Co., Ltd.",,unmatched,0.0
REC Limited,AREC,fuzzy,85.71428571428572
REC Silicon ASA,,unmatched,0.0
Redbubble Limited,,unmatched,0.0
Redefine Properties Limited,,unmatched,0.0
Rede D'Or São Luiz S.A.,,unmatched,0.0
Redfin Corporation,DFIN,fuzzy,80.0
RedFlow Limited,,unmatched,0.0
RedHill Biopharma Ltd.,,unmatched,0.0
Redington (India) Limited,,unmatched,0.0
RediShred Capital Corp.,,unmatched,0.0
Redrow plc,,unmatched,0.0
"Redwood Trust, Inc.",,unmatched,0.0
"Red Eléctrica Corporación, S.A.",,unmatched,0.0
"Red Robin Gourmet Burgers, Inc.",,unmatched,0.0
"Red Rock Resorts, Inc.",,unmatched,0.0
"Red Violet, Inc.",,unmatched,0.0
Reece Limited,,unmatched,0.0
"Reed's, Inc.",REED,fuzzy,80.0
Regal Beloit Corporation,,unmatched,0.0
Regal Rexnord Corporation,,unmatched,0.0
Regency Centers Corporation,,unmatched,0.0
"Regeneron Pharmaceuticals, Inc.",,unmatched,0.0
REGENXBIO Inc.,,unmatched,0.0
Regional Management Corp.,,unmatched,0.0
Regional S.A.B. de C.V.,,unmatched,0.0
Regions Financial Corporation,,unmatched,0.0
Regis Corporation,REGI,fuzzy,88.88888888888889
Regis Healthcare Limited,,unmatched,0.0
Regis Resources Limited,,unmatched,0.0
Regulus Therapeutics Inc.,,unmatched,0.0
"Reinsurance Group of America, Incorporated",,unmatched,0.0
"Rekor Systems, Inc.",,unmatched,0.0
Relais Group Oyj,,unmatched,0.0
Relaxo Footwears Limited,,unmatched,0.0
Reliance Industries Limited,,unmatched,0.0
Reliance Steel & Aluminum Co.,,unmatched,0.0
Reliance Worldwide Corporation Limited,,unmatched,0.0
Reliq Health Technologies Inc.,,unmatched,0.0
"Relmada Therapeutics, Inc.",,unmatched,0.0
RELX PLC,REX,fuzzy,85.71428571428572
"Remark Holdings, Inc.",,unmatched,0.0
Remedy Entertainment Oyj,,unmatched,0.0
"Remitly Global, Inc.",,unmatched,0.0
RenaissanceRe Holdings Ltd.,,unmatched,0.0
Renaissance Global Limited,,unmatched,0.0
Renaissance Services SAOG,,unmatched,0.0
Renasant Corporation,,unmatched,0.0
Renault SA,,unmatched,0.0
Renesas Electronics Corporation,,unmatched,0.0
ReneSola Ltd,,unmatched,0.0
ReNeuron Group plc,,unmatched,0.0
Renewi plc,RENE,fuzzy,80.0
Renishaw plc,,unmatched,0.0
"Rent-A-Center, Inc.",,unmatched,0.0
Rentokil Initial plc,,unmatched,0.0
"Rent the Runway, Inc.",,unmatched,0.0
"REN - Redes Energéticas Nacionais, SGPS, S.A.",,unmatched,0.0
Repay Holdings Corporation,EPAY,fuzzy,88.88888888888889
Repco Home Finance Limited,,unmatched,0.0
Repligen Corporation,,unmatched,0.0
"Repro Med Systems, Inc.",,unmatched,0.0
"Repsol, S.A.",REPL,fuzzy,80.0
"Republic First Bancorp, Inc.",,unmatched,0.0
"Republic Services, Inc.",,unmatched,0.0
Research Frontiers Incorporated,,unmatched,0.0
"Research Solutions, Inc.",,unmatched,0.0
"Reservoir Media, Inc.",,unmatched,0.0
ReShape Lifesciences Inc.,,unmatched,0.0
Residential Secure Income plc,,unmatched,0.0
"Resideo Technologies, Inc.",,unmatched,0.0
Resimac Group Limited,,unmatched,0.0
ResMed Inc.,REED,fuzzy,80.0
Resolute Mining Limited,,unmatched,0.0
"Resona Holdings, Inc.",ESOA,fuzzy,80.0
"Resources Connection, Inc.",,unmatched,0.0
Restaurant Brands International Inc.,,unmatched,0.0
Restoque Comércio e Confecções de Roupas S.A.,,unmatched,0.0
Resurs Holding AB (publ),,unmatched,0.0
Retail Opportunity Investments Corp.,,unmatched,0.0
Reunert Limited,,unmatched,0.0
"Revance Therapeutics, Inc.",,unmatched,0.0
"Revasum, Inc.",,unmatched,0.0
Revenio Group Oyj,,unmatched,0.0
"Revolution Medicines, Inc.",,unmatched,0.0
"Revolve Group, Inc.",,unmatched,0.0
"REV Group, Inc.",REV,exact,100.0
ReWalk Robotics Ltd.,,unmatched,0.0
Rexel S.A.,EXEL,fuzzy,88.88888888888889
"Rexford Industrial Realty, Inc.",,unmatched,0.0
Rexnord Corporation,,unmatched,0.0
REX American Resources Corporation,,unmatched,0.0
Reynolds Consumer Products Inc.,,unmatched,0.0
"RE MAX Holdings, Inc.",MAXR,fuzzy,80.0
Rémy Cointreau SA,,unmatched,0.0
RFG Holdings Limited,FG,fuzzy,80.0
RF Capital Group Inc.,,unmatched,0.0
"RF Industries, Ltd.",,unmatched,0.0
"RGC Resources, Inc.",,unmatched,0.0
RH,RH,exact,100.0
RHI Magnesita N.V.,,unmatched,0.0
RHÖN-KLINIKUM Aktiengesellschaft,,unmatched,0.0
"Rhythm Pharmaceuticals, Inc.",,unmatched,0.0
Ribbon Communications Inc.,VZ,fuzzy,88.37209302325581
RiceBran Technologies,,unmatched,0.0
Ricegrowers Limited,,unmatched,0.0
"Richardson Electronics, Ltd.",,unmatched,0.0
Richelieu Hardware Ltd.,,unmatched,0.0
Rico Auto Industries Limited,,unmatched,0.0
Ridley Corporation Limited,RIDE,fuzzy,80.0
Rieter Holding AG,,unmatched,0.0
"Rigel Pharmaceuticals, Inc.",,unmatched,0.0
Rightmove plc,,unmatched,0.0
"Rimini Street, Inc.",,unmatched,0.0
"RingCentral, Inc.",,unmatched,0.0
Ringmetall AG,,unmatched,0.0
Ringmetall SE,,unmatched,0.0
"Ring Energy, Inc.",,unmatched,0.0
RioCan Real Estate Investment Trust,,unmatched,0.0
Rio Tinto Group,,unmatched,0.0
Riskified Ltd.,,unmatched,0.0
Ritchie Bros. Auctioneers Incorporated,,unmatched,0.0
RITES Limited,RES,fuzzy,75.0
Rite Aid Corporation,,unmatched,0.0
RIV Capital Inc.,,unmatched,0.0
RLI Corp.,RLI,exact,100.0
RLJ Lodging Trust,,unmatched,0.0
RLX Technology Inc.,RBLX,fuzzy,85.71428571428572
RM plc,RM,exact,100.0
RNI Negócios Imobiliários S.A.,,unmatched,0.0
Robert Half International Inc.,,unmatched,0.0
"Robinhood Markets, Inc.",,unmatched,0.0
Robit Oyj,,unmatched,0.0
Roblox Corporation,OLOX,fuzzy,80.0
Roche Holding AG,CHE,fuzzy,75.0
"Rocket Companies, Inc.",,unmatched,0.0
"Rocket Lab USA, Inc.",,unmatched,0.0
"Rocket Pharmaceuticals, Inc.",,unmatched,0.0
"Rockwell Automation, Inc.",,unmatched,0.0
"Rockwell Medical, Inc.",,unmatched,0.0
ROCKWOOL International A S,,unmatched,0.0
"Rocky Brands, Inc.",,unmatched,0.0
Rogers Communications Inc.,VZ,fuzzy,79.06976744186046
Rogers Corporation,,unmatched,0.0
Rogers Sugar Inc.,,unmatched,0.0
"Roku, Inc.",ROKU,exact,100.0
"Rollins, Inc.",,unmatched,0.0
Rolls-Royce Holdings plc,,unmatched,0.0
RomReal Limited,,unmatched,0.0
"Root, Inc.",ROOT,exact,100.0
Roots Corporation,ROOT,fuzzy,88.88888888888889
"Roper Technologies, Inc.",ROP,fuzzy,75.0
"Rosseti, Public Joint Stock Company",,unmatched,0.0
Rossi Residencial S.A.,,unmatched,0.0
"Ross Stores, Inc.",,unmatched,0.0
Ros Agro PLC,,unmatched,0.0
Rotork plc,OTRK,fuzzy,80.0
Route1 Inc.,,unmatched,0.0
Royalty Pharma plc,,unmatched,0.0
Royal Bank of Canada,,unmatched,0.0
Royal Caribbean Cruises Ltd.,,unmatched,0.0
Royal Caribbean Group,,unmatched,0.0
Royal Dutch Shell plc,,unmatched,0.0
"Royal Gold, Inc.",,unmatched,0.0
Royal Mail plc,,unmatched,0.0
Royal Unibrew A S,,unmatched,0.0
Royal Vopak N.V.,,unmatched,0.0
"RPC, Inc.",RPC,exact,100.0
RPM International Inc.,,unmatched,0.0
RTL Group S.A.,RTL,exact,100.0
Rubicon Organics Inc.,,unmatched,0.0
Rubis,UIS,fuzzy,75.0
"RumbleON, Inc.",,unmatched,0.0
Rumo S.A.,RMO,fuzzy,85.71428571428572
Rupa & Company Limited,RPAI,fuzzy,75.0
Rural Funds Group,,unmatched,0.0
"Rush Enterprises, Inc.",,unmatched,0.0
"Rush Street Interactive, Inc.",,unmatched,0.0
Russel Metals Inc.,,unmatched,0.0
RWE Aktiengesellschaft,,unmatched,0.0
"RxSight, Inc.",,unmatched,0.0
Ryanair Holdings plc,,unmatched,0.0
"Ryan Specialty Group Holdings, Inc.",,unmatched,0.0
"Ryder System, Inc.",,unmatched,0.0
Ryerson Holding Corporation,,unmatched,0.0
Ryman Healthcare Limited,,unmatched,0.0
"Ryman Hospitality Properties, Inc.",,unmatched,0.0
R Systems International Limited,,unmatched,0.0
S&P Global Inc.,,unmatched,0.0
"S&T Bancorp, Inc.",,unmatched,0.0
S&U plc,,unmatched,0.0
S&W Seed Company,,unmatched,0.0
S-Oil Corporation,OIS,fuzzy,75.0
S.N. Nuclearelectrica S.A.,,unmatched,0.0
S.P. Apparels Limited,,unmatched,0.0
S4 Capital plc,,unmatched,0.0
Saab AB (publ),,unmatched,0.0
"Sabra Health Care REIT, Inc.",,unmatched,0.0
Sabre Corporation,SABR,fuzzy,88.88888888888889
Sabre Insurance Group plc,,unmatched,0.0
Sachem Capital Corp.,,unmatched,0.0
"Sacyr, S.A.",ACR,fuzzy,75.0
"Sadbhav Engineering Limited, Sadbhav Infrastructure Project Limited",,unmatched,0.0
SAF-Holland SE,,unmatched,0.0
Safaricom PLC,,unmatched,0.0
"Safeguard Scientifics, Inc.",,unmatched,0.0
Safehold Inc.,,unmatched,0.0
"Safe Bulkers, Inc.",,unmatched,0.0
Safilo Group S.p.A.,,unmatched,0.0
Safran SA,,unmatched,0.0
Sagar Cements Limited,,unmatched,0.0
"Saga Communications, Inc.",,unmatched,0.0
Saga plc,SAGA,exact,100.0
"Sage Therapeutics, Inc.",,unmatched,0.0
Sagicor Financial Company Ltd.,,unmatched,0.0
"Saia, Inc.",SAIA,exact,100.0
Saipem SpA,,unmatched,0.0
Saksoft Limited,,unmatched,0.0
"Salarius Pharmaceuticals, Inc.",,unmatched,0.0
Salasar Techno Engineering Limited,,unmatched,0.0
"Salem Media Group, Inc.",,unmatched,0.0
"salesforce.com, inc.",CRM,fuzzy,83.33333333333334
"Sally Beauty Holdings, Inc.",,unmatched,0.0
SalMar ASA,,unmatched,0.0
Salmones Camanchaca S.A.,,unmatched,0.0
SaltX Technology Holding AB,,unmatched,0.0
Salvatore Ferragamo S.p.A.,,unmatched,0.0
Salzer Electronics Limited,,unmatched,0.0
Salzgitter AG,,unmatched,0.0
Samhällsbyggnadsbolaget i Norden AB (publ),,unmatched,0.0
Sampo Oyj,,unmatched,0.0
Samsonite International S.A.,,unmatched,0.0
"Samsung Electro-Mechanics Co., Ltd.",,unmatched,0.0
"Samsung Electronics Co., Ltd.",,unmatched,0.0
"Samsung Fire & Marine Insurance Co., Ltd.",,unmatched,0.0
"Samsung Life Insurance Co., Ltd.",,unmatched,0.0
"Samsung SDI Co., Ltd.",,unmatched,0.0
Sanara MedTech Inc.,,unmatched,0.0
SanBio Company Limited,ABIO,fuzzy,80.0
Sandfire Resources Limited,,unmatched,0.0
Sandhar Technologies Limited,,unmatched,0.0
"SandRidge Energy, Inc.",,unmatched,0.0
Sandstorm Gold Ltd.,,unmatched,0.0
Sandvik AB,,unmatched,0.0
Sandvik AB (publ),,unmatched,0.0
"Sandy Spring Bancorp, Inc.",,unmatched,0.0
"Sangamo Therapeutics, Inc.",,unmatched,0.0
Sanghi Industries Limited,,unmatched,0.0
Sangoma Technologies Corporation,,unmatched,0.0
Sanlam Limited,SALM,fuzzy,80.0
Sanmina Corporation,,unmatched,0.0
Sanofi,SOFI,fuzzy,80.0
Sanoma Oyj,,unmatched,0.0
Santander Bank Polska S.A.,,unmatched,0.0
Santhera Pharmaceuticals Holding AG,,unmatched,0.0
Santos Brasil Participações S.A.,,unmatched,0.0
Santos Limited,ATOS,fuzzy,80.0
Sapiens International Corporation N.V.,,unmatched,0.0
Sappi Limited,SPPI,fuzzy,88.88888888888889
Saputo Inc.,AUTO,fuzzy,80.0
SAP SE,ASAP,fuzzy,85.71428571428572
Saras S.p.A.,,unmatched,0.0
Saratoga Investment Corp.,,unmatched,0.0
Sarda Energy & Minerals Limited,,unmatched,0.0
Saregama India Limited,,unmatched,0.0
"Sarepta Therapeutics, Inc.",,unmatched,0.0
Sareum Holdings plc,,unmatched,0.0
Sartorius Aktiengesellschaft,,unmatched,0.0
Sartorius Stedim Biotech S.A.,,unmatched,0.0
Sasol Limited,ASO,fuzzy,75.0
SAS AB (publ),,unmatched,0.0
Satia Industries Limited,,unmatched,0.0
Satin Creditcare Network Limited,,unmatched,0.0
Sats ASA,,unmatched,0.0
SATS Ltd.,SATS,exact,100.0
Saudi Arabian Mining Company (Ma'aden),,unmatched,0.0
Saudi Arabian Oil Company,,unmatched,0.0
Savaria Corporation,,unmatched,0.0
Savills plc,,unmatched,0.0
"Sawai Group Holdings Co., Ltd.",AWI,fuzzy,75.0
Sa Sa International Holdings Limited,,unmatched,0.0
São Carlos Empreendimentos e Participações S.A.,,unmatched,0.0
São Martinho S.A.,,unmatched,0.0
SBA Communications Corporation,VZ,fuzzy,75.0
Sberbank of Russia,,unmatched,0.0
SBI Cards and Payment Services Limited,,unmatched,0.0
"SBI Holdings, Inc.",MSBI,fuzzy,85.71428571428572
SBI Life Insurance Company Limited,,unmatched,0.0
SBM Offshore N.V.,,unmatched,0.0
"SB Financial Group, Inc.",,unmatched,0.0
Scales Corporation Limited,SCLE,fuzzy,80.0
Scandic Hotels Group AB (publ),,unmatched,0.0
Scandinavian Tobacco Group A S,,unmatched,0.0
Scandi Standard AB (publ),,unmatched,0.0
"ScanSource, Inc.",,unmatched,0.0
Scatec ASA,,unmatched,0.0
Scentre Group,,unmatched,0.0
Schaeffler AG,,unmatched,0.0
Schaeffler India Limited,,unmatched,0.0
Schaltbau Holding AG,,unmatched,0.0
Schibsted ASA,,unmatched,0.0
Schindler Holding AG,,unmatched,0.0
Schlumberger Limited,,unmatched,0.0
Schneider Electric Infrastructure Limited,,unmatched,0.0
Schneider Electric S.E.,,unmatched,0.0
"Schneider National, Inc.",,unmatched,0.0
"Schnitzer Steel Industries, Inc.",,unmatched,0.0
Scholastic Corporation,,unmatched,0.0
Schroders plc,,unmatched,0.0
Schroder European Real Estate Investment Trust Plc,,unmatched,0.0
"Schrödinger, Inc.",,unmatched,0.0
"Schweitzer-Mauduit International, Inc.",,unmatched,0.0
Science Applications International Corporation,,unmatched,0.0
Scientific Games Corporation,,unmatched,0.0
Scorpio Tankers Inc.,,unmatched,0.0
SCOR SE,SCOR,exact,100.0
Scout24 AG,,unmatched,0.0
"SCYNEXIS, Inc.",,unmatched,0.0
Sdiptech AB (publ),,unmatched,0.0
SDI Group plc,SDHI,fuzzy,85.71428571428572
SDI Limited,SDHI,fuzzy,85.71428571428572
SeaBird Exploration Plc,,unmatched,0.0
"SeaChange International, Inc.",,unmatched,0.0
Seacoast Banking Corporation of Florida,,unmatched,0.0
Seagate Technology Holdings plc,,unmatched,0.0
Seagate Technology plc,,unmatched,0.0
Sealed Air Corporation,,unmatched,0.0
Seanergy Maritime Holdings Corp.,,unmatched,0.0
"SeaWorld Entertainment, Inc.",,unmatched,0.0
Sea Limited,FSEA,fuzzy,85.71428571428572
SEB SA,SEB,exact,100.0
Sectra AB (publ),,unmatched,0.0
SecureWorks Corp.,,unmatched,0.0
Secure Energy Services Inc.,,unmatched,0.0
Securitas AB,,unmatched,0.0
Sedana Medical AB (publ),,unmatched,0.0
Seeing Machines Limited,,unmatched,0.0
"Seer, Inc.",SEER,exact,100.0
SEGRO Plc,SPEGR,fuzzy,80.0
Seibu Holdings Inc.,SEB,fuzzy,75.0
SEI Investments Company,,unmatched,0.0
"Sekisui Chemical Co., Ltd.",,unmatched,0.0
"Selectis Health, Inc.",,unmatched,0.0
"Selective Insurance Group, Inc.",,unmatched,0.0
"SelectQuote, Inc.",,unmatched,0.0
"Select Energy Services, Inc.",,unmatched,0.0
Select Harvests Limited,,unmatched,0.0
Select Medical Holdings Corporation,,unmatched,0.0
Select Sands Corp.,,unmatched,0.0
Sema4 Holdings Corp.,SEM,fuzzy,75.0
Sembcorp Industries Ltd,,unmatched,0.0
Sembcorp Marine Ltd,,unmatched,0.0
Semiconductor Manufacturing International Corporation,,unmatched,0.0
"Semler Scientific, Inc.",,unmatched,0.0
Semperit Aktiengesellschaft Holding,,unmatched,0.0
Sempra,MPRA,fuzzy,80.0
Sempra Energy,,unmatched,0.0
"SEMrush Holdings, Inc.",,unmatched,0.0
Semtech Corporation,,unmatched,0.0
"SenesTech, Inc.",,unmatched,0.0
Senior plc,,unmatched,0.0
Sensata Technologies Holding plc,,unmatched,0.0
"Senseonics Holdings, Inc.",,unmatched,0.0
Sensient Technologies Corporation,,unmatched,0.0
Sensirion Holding AG,,unmatched,0.0
Senstar Technologies Ltd.,,unmatched,0.0
"Sensus Healthcare, Inc.",,unmatched,0.0
Sensys Gatso Group AB (publ),,unmatched,0.0
"SentinelOne, Inc.",,unmatched,0.0
SenzaGen AB,,unmatched,0.0
Sephaku Holdings Limited,SPHAU,fuzzy,83.33333333333334
Seplat Petroleum Development Company Plc,,unmatched,0.0
"Septeni Holdings Co., Ltd.",,unmatched,0.0
Sequana Medical NV,,unmatched,0.0
Sequans Communications S.A.,VZ,fuzzy,77.27272727272727
Sequent Scientific Limited,,unmatched,0.0
Sequoia Logística e Transportes S.A.,,unmatched,0.0
Serabi Gold plc,,unmatched,0.0
Serco Group plc,SER,fuzzy,75.0
"Seres Therapeutics, Inc.",,unmatched,0.0
Serko Limited,SER,fuzzy,75.0
Servcorp Limited,,unmatched,0.0
"ServiceNow, Inc.",,unmatched,0.0
Service Corporation International,,unmatched,0.0
Service Properties Trust,,unmatched,0.0
Service Stream Limited,,unmatched,0.0
"ServisFirst Bancshares, Inc.",,unmatched,0.0
Ser Educacional S.A.,,unmatched,0.0
SES-imagotag Société Anonyme,,unmatched,0.0
SeSa S.p.A.,,unmatched,0.0
SES S.A.,SES,exact,100.0
Setco Automotive Limited,,unmatched,0.0
"Seven & i Holdings Co., Ltd.",,unmatched,0.0
Seven West Media Limited,,unmatched,0.0
Severn Trent Plc,,unmatched,0.0
Sezzle Inc.,SEZL,fuzzy,80.0
Séché Environnement SA,,unmatched,0.0
SFC Energy AG,,unmatched,0.0
SFL Corporation Ltd.,FL,fuzzy,80.0
SFS Group AG,SFBS,fuzzy,85.71428571428572
SGL Carbon SE,,unmatched,0.0
SGS SA,CSGS,fuzzy,85.71428571428572
"SG Blocks, Inc.",,unmatched,0.0
SG Fleet Group Limited,,unmatched,0.0
Shaily Engineering Plastics Limited,,unmatched,0.0
Shake Shack Inc.,,unmatched,0.0
Shakti Pumps (India) Limited,,unmatched,0.0
Shalby Limited,,unmatched,0.0
Shalimar Paints Limited,,unmatched,0.0
Shankara Building Products Limited,,unmatched,0.0
Sharda Cropchem Limited,,unmatched,0.0
"Sharecare, Inc.",,unmatched,0.0
"Shattuck Labs, Inc.",,unmatched,0.0
Shaver Shop Group Limited,,unmatched,0.0
Shawcor Ltd.,,unmatched,0.0
Sheela Foam Limited,,unmatched,0.0
"Shelf Drilling, Ltd.",,unmatched,0.0
Shemaroo Entertainment Limited,,unmatched,0.0
Shenandoah Telecommunications Company,,unmatched,0.0
Sherritt International Corporation,,unmatched,0.0
"Shift4 Payments, Inc.",,unmatched,0.0
"Shift Technologies, Inc.",HIT,fuzzy,75.0
Shimao Group Holdings Limited,SHIM,fuzzy,80.0
Shine Justice Ltd,,unmatched,0.0
"Shinhan Financial Group Co., Ltd.",,unmatched,0.0
"Shin Kong Financial Holding Co., Ltd.",,unmatched,0.0
"Shiseido Company, Limited",,unmatched,0.0
"Shoals Technologies Group, Inc.",SHLS,fuzzy,80.0
"Shoe Carnival, Inc.",,unmatched,0.0
Shopify Inc.,,unmatched,0.0
Shoppers Stop Limited,,unmatched,0.0
Shopping Centres Australasia Property Group,,unmatched,0.0
Shoprite Holdings Limited,,unmatched,0.0
Shop Apotheke Europe N.V.,,unmatched,0.0
"ShotSpotter, Inc.",,unmatched,0.0
Showa Denko K.K.,,unmatched,0.0
Shree Pushkar Chemicals & Fertilisers Limited,,unmatched,0.0
Shriram Transport Finance Company Limited,,unmatched,0.0
Shui On Land Limited,,unmatched,0.0
Shurgard Self Storage S.A.,,unmatched,0.0
"Shutterstock, Inc.",,unmatched,0.0
"SI-BONE, Inc.",,unmatched,0.0
Sibanye Stillwater Limited,,unmatched,0.0
Siegfried Holding AG,,unmatched,0.0
Siemens (Pakistan) Engineering Co. Ltd.,,unmatched,0.0
Siemens Aktiengesellschaft,,unmatched,0.0
Siemens Energy AG,,unmatched,0.0
Siemens Healthineers AG,,unmatched,0.0
Siem Offshore Inc.,,unmatched,0.0
Sienna Senior Living Inc.,,unmatched,0.0
Sierra Metals Inc.,,unmatched,0.0
Sify Technologies Limited,SIF,fuzzy,85.71428571428572
Sif Holding N.V.,,unmatched,0.0
"SIGA Technologies, Inc.",SIGA,exact,100.0
"Sight Sciences, Inc.",,unmatched,0.0
Sigma Healthcare Limited,,unmatched,0.0
Signature Bank,,unmatched,0.0
Signet Jewelers Limited,,unmatched,0.0
Signify N.V.,,unmatched,0.0
SIG Combibloc Group AG,,unmatched,0.0
SIG plc,BSIG,fuzzy,85.71428571428572
Sika AG,HSKA,fuzzy,75.0
Silence Therapeutics plc,,unmatched,0.0
Silgan Holdings Inc.,SIGA,fuzzy,80.0
Silicom Ltd.,,unmatched,0.0
Silicon Laboratories Inc.,,unmatched,0.0
Silicon Motion Technology Corporation,,unmatched,0.0
"Silk Road Medical, Inc",,unmatched,0.0
Siltronic AG,,unmatched,0.0
"SilverBow Resources, Inc.",,unmatched,0.0
Silvercrest Asset Management Group Inc.,,unmatched,0.0
Silvergate Capital Corporation,,unmatched,0.0
Sime Darby Berhad,,unmatched,0.0
Similarweb Ltd.,,unmatched,0.0
Simmons First National Corporation,,unmatched,0.0
"Simon Property Group, Inc.",,unmatched,0.0
"Simpson Manufacturing Co., Inc.",,unmatched,0.0
Sims Limited,HIMS,fuzzy,75.0
"Simulations Plus, Inc.",,unmatched,0.0
Sinch AB (publ),,unmatched,0.0
"Sinclair Broadcast Group, Inc.",,unmatched,0.0
Singapore Airlines Limited,,unmatched,0.0
Singapore Exchange Limited,,unmatched,0.0
Singapore Post Limited,,unmatched,0.0
Singapore Technologies Engineering Ltd,,unmatched,0.0
Singapore Telecommunications Limited,,unmatched,0.0
"Singular Genomics Systems, Inc.",,unmatched,0.0
Sino-American Silicon Products Inc.,,unmatched,0.0
"SINOPEC Engineering (Group) Co., Ltd.",,unmatched,0.0
SiriusPoint Ltd.,,unmatched,0.0
Sirius Real Estate Limited,,unmatched,0.0
Sirius XM Holdings Inc.,,unmatched,0.0
Sistema Public Joint Stock Financial Corporation,,unmatched,0.0
SIS Limited,OSIS,fuzzy,85.71428571428572
"SiteOne Landscape Supply, Inc.",,unmatched,0.0
SITE Centers Corp.,,unmatched,0.0
SiTime Corporation,SITE,fuzzy,80.0
Sivers Semiconductors AB,,unmatched,0.0
Sixth of October for Development and Investment Company SODIC (S.A.E.),,unmatched,0.0
"Sixth Street Specialty Lending, Inc.",,unmatched,0.0
Siyata Mobile Inc.,,unmatched,0.0
SJW Group,SJW,exact,100.0
Skandinaviska Enskilda Banken AB (publ.),,unmatched,0.0
Skanska AB (publ),,unmatched,0.0
"Skechers U.S.A., Inc.",,unmatched,0.0
Skellerup Holdings Limited,,unmatched,0.0
SKF India Limited,,unmatched,0.0
Skillsoft Corp.,,unmatched,0.0
Skillz Inc.,SKIL,fuzzy,80.0
SkyCity Entertainment Group Limited,,unmatched,0.0
Skyfii Limited,KFII,fuzzy,80.0
Skylight Health Group Inc.,,unmatched,0.0
Skyline Champion Corporation,,unmatched,0.0
"SkyWater Technology, Inc.",,unmatched,0.0
"SkyWest, Inc.",,unmatched,0.0
"Skyworks Solutions, Inc.",,unmatched,0.0
SKY Network Television Limited,,unmatched,0.0
"SK hynix, Inc.",,unmatched,0.0
SK hynix Inc.,,unmatched,0.0
"SK Innovation Co., Ltd.",,unmatched,0.0
"SK Telecom Co.,Ltd",,unmatched,0.0
SLANG Worldwide Inc.,,unmatched,0.0
Slate Grocery REIT,,unmatched,0.0
Slate Office REIT,,unmatched,0.0
SLC Agrícola S.A.,,unmatched,0.0
Sleep Country Canada Holdings Inc.,,unmatched,0.0
Sleep Number Corporation,,unmatched,0.0
Sligro Food Group N.V.,,unmatched,0.0
SLM Corporation,SLM,exact,100.0
SLR Investment Corp.,,unmatched,0.0
SL Green Realty Corp.,,unmatched,0.0
SmartCentres Real Estate Investment Trust,,unmatched,0.0
"SmartFinancial, Inc.",,unmatched,0.0
Smartgroup Corporation Ltd,,unmatched,0.0
SmarTone Telecommunications Holdings Limited,,unmatched,0.0
"SmartRent, Inc.",,unmatched,0.0
"SmartRent.com, Inc.",,unmatched,0.0
Smartsheet Inc.,,unmatched,0.0
"SMART Global Holdings, Inc.",,unmatched,0.0
Smart Parking Limited,,unmatched,0.0
"Smart Sand, Inc.",,unmatched,0.0
Smart Share Global Limited,,unmatched,0.0
SMA Solar Technology AG,,unmatched,0.0
SMCP S.A.,SMC,fuzzy,85.71428571428572
"SmileDirectClub, Inc.",,unmatched,0.0
Smiths Group plc,,unmatched,0.0
Smiths News plc,,unmatched,0.0
Smith & Nephew plc,,unmatched,0.0
"Smith & Wesson Brands, Inc.",,unmatched,0.0
"Smith Micro Software, Inc.",,unmatched,0.0
Smurfit Kappa Group Plc,,unmatched,0.0
SMU S.A.,MU,fuzzy,80.0
SM Energy Company,,unmatched,0.0
Snam S.p.A.,,unmatched,0.0
Snap-on Incorporated,,unmatched,0.0
Snap Inc.,SNAP,exact,100.0
SNC-Lavalin Group Inc.,,unmatched,0.0
SNGN Romgaz SA,,unmatched,0.0
Snowflake Inc.,,unmatched,0.0
So-Young International Inc.,,unmatched,0.0
Sobha Limited,BHA,fuzzy,75.0
Sociedad Matriz SAAM S.A.,,unmatched,0.0
Sociedad Química y Minera de Chile S.A.,,unmatched,0.0
Societatea Energetica Electrica S.A.,,unmatched,0.0
Société BIC SA,,unmatched,0.0
Société Générale Société anonyme,,unmatched,0.0
"Socket Mobile, Inc.",,unmatched,0.0
Sodexo S.A.,,unmatched,0.0
"SoFi Technologies, Inc.",SOFI,exact,100.0
SoftBank Corp.,,unmatched,0.0
SoftBank Group Corp.,,unmatched,0.0
Softcat plc,,unmatched,0.0
Softchoice Corporation,,unmatched,0.0
SoftwareONE Holding AG,,unmatched,0.0
Software Aktiengesellschaft,,unmatched,0.0
Sogefi S.p.A.,,unmatched,0.0
Sohu.com Limited,,unmatched,0.0
Soitec S.A.,OTEC,fuzzy,80.0
Sojitz Corporation,,unmatched,0.0
Solara Active Pharma Sciences Limited,,unmatched,0.0
"SolarEdge Technologies, Inc.",,unmatched,0.0
"Solaris Oilfield Infrastructure, Inc.",,unmatched,0.0
SolarWinds Corporation,,unmatched,0.0
Solar A S,,unmatched,0.0
Solar Capital Ltd.,,unmatched,0.0
Solar Industries India Limited,,unmatched,0.0
Solid Biosciences Inc.,,unmatched,0.0
Solocal Group S.A.,,unmatched,0.0
Solutions 30 SE,,unmatched,0.0
Solvay SA,SOLV,fuzzy,80.0
Somany Ceramics Limited,,unmatched,0.0
Somany Home Innovation Limited,,unmatched,0.0
SomnoMed Limited,,unmatched,0.0
"Sompo Holdings, Inc.",OMP,fuzzy,75.0
Som Distilleries & Breweries Limited,,unmatched,0.0
"Sonae, SGPS, S.A.",,unmatched,0.0
Sonata Software Limited,,unmatched,0.0
Sonda S.A.,SNDA,fuzzy,88.88888888888889
"Sonic Automotive, Inc.",,unmatched,0.0
Sonic Healthcare Limited,,unmatched,0.0
"Sonim Technologies, Inc.",SONM,fuzzy,88.88888888888889
Sono-Tek Corporation,,unmatched,0.0
Sonoco Products Company,,unmatched,0.0
"Sonos, Inc.",SONO,fuzzy,88.88888888888889
Sonova Holding AG,NOVA,fuzzy,80.0
Sony Group Corporation,SON,fuzzy,85.71428571428572
Sopra Steria Group SA,,unmatched,0.0
Sosei Group Corporation,OSI,fuzzy,75.0
Sotera Health Company,,unmatched,0.0
Sotherly Hotels Inc.,,unmatched,0.0
Source Energy Services Ltd.,,unmatched,0.0
South32 Limited,,unmatched,0.0
Southern Copper Corporation,,unmatched,0.0
Southern Cross Media Group Limited,,unmatched,0.0
"Southern Missouri Bancorp, Inc.",,unmatched,0.0
"Southside Bancshares, Inc.",,unmatched,0.0
SouthState Corporation,,unmatched,0.0
Southwestern Energy Company,,unmatched,0.0
Southwest Airlines Co.,,unmatched,0.0
"Southwest Gas Holdings, Inc.",,unmatched,0.0
"South Plains Financial, Inc.",,unmatched,0.0
South State Corporation,,unmatched,0.0
Spandana Sphoorty Financial Limited,,unmatched,0.0
"Spanish Broadcasting System, Inc.",,unmatched,0.0
SpareBank 1 SMN,,unmatched,0.0
SpareBank 1 SR-Bank ASA,,unmatched,0.0
SpareBank 1 Østlandet,,unmatched,0.0
Spark New Zealand Limited,,unmatched,0.0
SpartanNash Company,,unmatched,0.0
Spear Reit Limited,,unmatched,0.0
Spectris plc,,unmatched,0.0
"Spectrum Brands Holdings, Inc.",,unmatched,0.0
"Spero Therapeutics, Inc.",,unmatched,0.0
Sphera Franchise Group S.A.,,unmatched,0.0
Spheria Emerging Companies Limited,,unmatched,0.0
SPIE SA,SPI,fuzzy,85.71428571428572
Spin Master Corp.,,unmatched,0.0
Spirax-Sarco Engineering plc,,unmatched,0.0
Spirent Communications plc,VZ,fuzzy,77.27272727272727
Spire Healthcare Group plc,,unmatched,0.0
Spire Inc.,SIRE,fuzzy,88.88888888888889
"Spirit AeroSystems Holdings, Inc.",,unmatched,0.0
"Spirit Airlines, Inc.",,unmatched,0.0
Splitit Payments Ltd,,unmatched,0.0
"Spok Holdings, Inc.",SPOK,exact,100.0
Spotify Technology S.A.,,unmatched,0.0
Springs Global Participações S.A.,,unmatched,0.0
"Sprinklr, Inc.",,unmatched,0.0
Sprott Inc.,SPRO,fuzzy,80.0
"Sprouts Farmers Market, Inc.",,unmatched,0.0
"Sprout Social, Inc.",,unmatched,0.0
"SPS Commerce, Inc.",,unmatched,0.0
Spur Corporation Ltd,SPR,fuzzy,85.71428571428572
SPX Corporation,SNPX,fuzzy,85.71428571428572
"Square, Inc.",,unmatched,0.0
"Squarespace, Inc.",,unmatched,0.0
"SRAX, Inc.",ASAX,fuzzy,75.0
SRF Limited,GSRF,fuzzy,85.71428571428572
SRG Global Limited,,unmatched,0.0
SRG Housing Finance Limited,,unmatched,0.0
"SS&C Technologies Holdings, Inc.",BCSS,fuzzy,75.0
SSAB AB (publ),,unmatched,0.0
SSE plc,CSSE,fuzzy,85.71428571428572
SSP Group plc,SSP,exact,100.0
SSR Mining Inc.,,unmatched,0.0
St. James's Place plc,,unmatched,0.0
STAAR Surgical Company,,unmatched,0.0
"Stabilis Solutions, Inc.",,unmatched,0.0
Stabilus S.A.,,unmatched,0.0
"Staffing 360 Solutions, Inc.",,unmatched,0.0
Staffline Group plc,,unmatched,0.0
StageZero Life Sciences Ltd.,,unmatched,0.0
Stagwell Inc.,,unmatched,0.0
"STAG Industrial, Inc.",,unmatched,0.0
Standard Bank Group Limited,,unmatched,0.0
Standard Chartered PLC,,unmatched,0.0
Standard Life Aberdeen plc,,unmatched,0.0
"Standard Motor Products, Inc.",,unmatched,0.0
Standex International Corporation,,unmatched,0.0
"Stanley Black & Decker, Inc.",,unmatched,0.0
Stantec Inc.,,unmatched,0.0
Starbucks Corporation,SBUX,known,100.0
StarHub Ltd,,unmatched,0.0
"Starwood Property Trust, Inc.",,unmatched,0.0
Star Bulk Carriers Corp.,,unmatched,0.0
Star Cement Limited,,unmatched,0.0
"Star Equity Holdings, Inc.",,unmatched,0.0
"Star Group, L.P.",,unmatched,0.0
Star Petroleum Refining Public Company Limited,,unmatched,0.0
State Bank of India,,unmatched,0.0
State Street Corporation,,unmatched,0.0
Steadfast Group Limited,,unmatched,0.0
StealthGas Inc.,,unmatched,0.0
Steelcase Inc.,,unmatched,0.0
Steel & Tube Holdings Limited,,unmatched,0.0
Steel Authority of India Limited,,unmatched,0.0
"Steel Dynamics, Inc.",,unmatched,0.0
Stelco Holdings Inc.,STEL,fuzzy,80.0
Stella-Jones Inc.,,unmatched,0.0
Stellantis N.V.,,unmatched,0.0
Stellus Capital Investment Corporation,,unmatched,0.0
"Stem, Inc.",STEM,exact,100.0
"Stem Holdings, Inc.",STEM,exact,100.0
Stepan Company,SEPA,fuzzy,80.0
StepStone Group Inc.,,unmatched,0.0
"Stereotaxis, Inc.",,unmatched,0.0
"Stericycle, Inc.",,unmatched,0.0
STERIS plc,STER,fuzzy,80.0
Sterling and Wilson Solar Limited,,unmatched,0.0
"Sterling Bancorp, Inc. (Southfield, MI)",,unmatched,0.0
Sterling Check Corp.,,unmatched,0.0
"Sterling Construction Company, Inc.",,unmatched,0.0
Sterlite Technologies Limited,,unmatched,0.0
Stevanato Group S.p.A.,,unmatched,0.0
"Steven Madden, Ltd.",,unmatched,0.0
Stewart Information Services Corporation,,unmatched,0.0
SThree plc,STRE,fuzzy,80.0
Stifel Financial Corp.,,unmatched,0.0
Stillfront Group AB (publ),,unmatched,0.0
Stingray Group Inc.,,unmatched,0.0
"Stitch Fix, Inc.",,unmatched,0.0
STMicroelectronics N.V.,,unmatched,0.0
Stockland,,unmatched,0.0
Stockmann Oyj Abp,,unmatched,0.0
Stolt-Nielsen Limited,,unmatched,0.0
StoneCastle Financial Corp.,,unmatched,0.0
StoneCo Ltd.,,unmatched,0.0
"Stoneridge, Inc.",,unmatched,0.0
StoneX Group Inc.,SNEX,fuzzy,80.0
Stora Enso Oyj,,unmatched,0.0
Storebrand ASA,,unmatched,0.0
Storskogen Group AB (publ),,unmatched,0.0
Storytel AB (publ),,unmatched,0.0
Strabag SE,,unmatched,0.0
Straker Translations Limited,,unmatched,0.0
Stratasys Ltd.,,unmatched,0.0
"STRATA Skin Sciences, Inc.",,unmatched,0.0
Stratec SE,,unmatched,0.0
"Strategic Education, Inc.",,unmatched,0.0
Stratus Properties Inc.,,unmatched,0.0
Straumann Holding AG,,unmatched,0.0
Strauss Group Ltd.,,unmatched,0.0
"Streamline Health Solutions, Inc.",,unmatched,0.0
"Stride, Inc.",RIDE,fuzzy,80.0
Strides Pharma Science Limited,,unmatched,0.0
"Stronghold Digital Mining, Inc.",,unmatched,0.0
StrongPoint ASA,,unmatched,0.0
Ströer SE & Co. KGaA,,unmatched,0.0
Stryker Corporation,,unmatched,0.0
"Stryve Foods, Inc.",,unmatched,0.0
Studio Dragon Corporation,,unmatched,0.0
Studsvik AB (publ),,unmatched,0.0
"Sturm, Ruger & Company, Inc.",,unmatched,0.0
St Barbara Limited,,unmatched,0.0
Subex Limited,UBX,fuzzy,75.0
Subros Limited,BROS,fuzzy,80.0
Subsea 7 S.A.,,unmatched,0.0
"Suburban Propane Partners, L.P.",,unmatched,0.0
Sudarshan Chemical Industries Limited,,unmatched,0.0
Sulzer Ltd,,unmatched,0.0
Sumco Corporation,SUMO,fuzzy,88.88888888888889
"Sumitomo Chemical Company, Limited",,unmatched,0.0
"Sumitomo Dainippon Pharma Co., Ltd.",,unmatched,0.0
"Sumitomo Heavy Industries, Ltd.",,unmatched,0.0
"Sumitomo Metal Mining Co., Ltd.",,unmatched,0.0
Summerset Group Holdings Limited,,unmatched,0.0
"Summit Hotel Properties, Inc.",,unmatched,0.0
"Summit Materials, Inc.",,unmatched,0.0
"Summit Midstream Partners, LP",,unmatched,0.0
"Summit Wireless Technologies, Inc.",,unmatched,0.0
Suncity Group Holdings Limited,,unmatched,0.0
"Suncity Group Holdings Limited, Summit Ascent Holdings Limited",,unmatched,0.0
"SunCoke Energy, Inc.",,unmatched,0.0
Suncorp Group Limited,,unmatched,0.0
Suncor Energy Inc.,,unmatched,0.0
Sundial Growers Inc.,,unmatched,0.0
Sunlands Technology Group,,unmatched,0.0
Sunnova Energy International Inc.,,unmatched,0.0
Sunny Optical Technology (Group) Company Limited,,unmatched,0.0
Sunoco LP,,unmatched,0.0
SunOpta Inc.,,unmatched,0.0
SunPower Corporation,,unmatched,0.0
Sunrun Inc.,,unmatched,0.0
"Sunstone Hotel Investors, Inc.",,unmatched,0.0
Sunteck Realty Limited,,unmatched,0.0
"Sunworks, Inc.",,unmatched,0.0
"Sun Art Retail Group Limited, 15 Months Period Ending Mar 31",,unmatched,0.0
Sun Art Retail Group Limited,,unmatched,0.0
"Sun Communities, Inc.",,unmatched,0.0
"Sun Country Airlines Holdings, Inc.",,unmatched,0.0
Sun Hung Kai & Co. Limited,,unmatched,0.0
Sun Hung Kai Properties Limited,,unmatched,0.0
Sun Life Financial Inc.,,unmatched,0.0
Sun Pharmaceutical Industries Limited,,unmatched,0.0
Sun TV Network Limited,,unmatched,0.0
Suominen Oyj,,unmatched,0.0
SuperCom Ltd.,,unmatched,0.0
Superdry plc,,unmatched,0.0
"Superior Drilling Products, Inc.",,unmatched,0.0
"Superior Group of Companies, Inc.",,unmatched,0.0
"Superior Industries International, Inc.",,unmatched,0.0
Superior Plus Corp.,,unmatched,0.0
Supermarket Income REIT plc,,unmatched,0.0
"Supernus Pharmaceuticals, Inc.",,unmatched,0.0
"Super League Gaming, Inc.",,unmatched,0.0
"Super Micro Computer, Inc.",,unmatched,0.0
Super Retail Group Limited,,unmatched,0.0
Suprajit Engineering Limited,,unmatched,0.0
Supremex Inc.,,unmatched,0.0
"Surgery Partners, Inc.",,unmatched,0.0
"Surmodics, Inc.",,unmatched,0.0
Surna Inc.,RNA,fuzzy,75.0
SuRo Capital Corp.,,unmatched,0.0
Surya Roshni Limited,,unmatched,0.0
Sutlej Textiles and Industries Limited,,unmatched,0.0
Suven Life Sciences Limited,,unmatched,0.0
Suven Pharmaceuticals Limited,,unmatched,0.0
Suzano S.A.,,unmatched,0.0
Südzucker AG,,unmatched,0.0
SÜSS MicroTec SE,,unmatched,0.0
SVB Financial Group,,unmatched,0.0
Svenska Cellulosa Aktiebolaget SCA (publ),,unmatched,0.0
Svenska Handelsbanken AB (publ),,unmatched,0.0
Sweco AB (publ),,unmatched,0.0
Swedbank AB (publ),,unmatched,0.0
Swedish Orphan Biovitrum AB (publ),,unmatched,0.0
Swire Pacific Limited,,unmatched,0.0
Swire Properties Limited,,unmatched,0.0
Swisscom AG,,unmatched,0.0
Swissquote Group Holding Ltd,,unmatched,0.0
Swiss Life Holding AG,,unmatched,0.0
Swiss Prime Site AG,,unmatched,0.0
Swiss Re AG,,unmatched,0.0
Swiss Steel Holding AG,,unmatched,0.0
Swiss Water Decaffeinated Coffee Inc.,,unmatched,0.0
SWK Holdings Corporation,SWK,exact,100.0
Sword Group S.E.,,unmatched,0.0
Sylvamo Corporation,,unmatched,0.0
Symphony Limited,,unmatched,0.0
Symrise AG,,unmatched,0.0
Synalloy Corporation,,unmatched,0.0
Synaptics Incorporated,,unmatched,0.0
"Synchronoss Technologies, Inc.",,unmatched,0.0
Synchrony Financial,,unmatched,0.0
Syncona Limited,,unmatched,0.0
"Syndax Pharmaceuticals, Inc.",,unmatched,0.0
Syngene International Limited,,unmatched,0.0
Synlait Milk Limited,,unmatched,0.0
"Synlogic, Inc.",,unmatched,0.0
SYNNEX Corporation,SNEX,fuzzy,80.0
"Synopsys, Inc.",,unmatched,0.0
Synovus Financial Corp.,,unmatched,0.0
"Synthetic Biologics, Inc.",,unmatched,0.0
Synthomer plc,,unmatched,0.0
"Sypris Solutions, Inc.",,unmatched,0.0
Syrah Resources Limited,,unmatched,0.0
"Syros Pharmaceuticals, Inc.",,unmatched,0.0
Sysco Corporation,,unmatched,0.0
Systemair AB (publ),,unmatched,0.0
Systemax Inc.,,unmatched,0.0
S Chand and Company Limited,,unmatched,0.0
S H Kelkar and Company Limited,,unmatched,0.0
S IMMO AG,,unmatched,0.0
"T-Mobile US, Inc.",,unmatched,0.0
"T2 Biosystems, Inc.",,unmatched,0.0
T4F Entretenimento S.A.,,unmatched,0.0
Tabcorp Holdings Limited,,unmatched,0.0
"Taboola.com, Ltd.",,unmatched,0.0
Taboola.com Ltd.,,unmatched,0.0
"Tactile Systems Technology, Inc.",,unmatched,0.0
TAG Immobilien AG,,unmatched,0.0
"Taiwan Mobile Co., Ltd.",,unmatched,0.0
Taiwan Semiconductor Manufacturing Company Limited,,unmatched,0.0
"Take-Two Interactive Software, Inc.",,unmatched,0.0
Takeda Pharmaceutical Company Limited,,unmatched,0.0
TAKE Solutions Limited,,unmatched,0.0
TAKKT AG,,unmatched,0.0
Talanx AG,TALN,fuzzy,80.0
Talbros Automotive Components Limited,,unmatched,0.0
Talenom Oyj,,unmatched,0.0
"Talgo, S.A.",TALO,fuzzy,88.88888888888889
Talis Biomedical Corporation,,unmatched,0.0
"Talkspace, Inc.",,unmatched,0.0
Talos Energy Inc.,,unmatched,0.0
TAL Education Group,,unmatched,0.0
Tamarack Valley Energy Ltd.,,unmatched,0.0
"Tandem Diabetes Care, Inc.",,unmatched,0.0
"Tanger Factory Outlet Centers, Inc.",,unmatched,0.0
Tanla Platforms Limited,,unmatched,0.0
"Tapestry, Inc.",,unmatched,0.0
"Tarena International, Inc.",,unmatched,0.0
Targa Resources Corp.,,unmatched,0.0
Target Corporation,TGT,known,100.0
Target Hospitality Corp.,,unmatched,0.0
Targovax ASA,,unmatched,0.0
Tarkett S.A.,TGT,fuzzy,76.92307692307692
Taseko Mines Limited,,unmatched,0.0
"TaskUs, Inc.",AKUS,fuzzy,80.0
Tata Chemicals Limited,,unmatched,0.0
Tata Coffee Limited,,unmatched,0.0
Tata Communications Limited,,unmatched,0.0
Tata Consultancy Services Limited,,unmatched,0.0
Tata Consumer Products Limited,,unmatched,0.0
Tata Elxsi Limited,,unmatched,0.0
Tata Motors Limited,,unmatched,0.0
Tata Steel Limited,,unmatched,0.0
Tate & Lyle plc,,unmatched,0.0
Tatton Asset Management plc,,unmatched,0.0
"Tattooed Chef, Inc.",,unmatched,0.0
TAURON Polska Energia S.A.,,unmatched,0.0
Taylor Morrison Home Corporation,,unmatched,0.0
Taylor Wimpey plc,,unmatched,0.0
"Taysha Gene Therapies, Inc.",,unmatched,0.0
TBC Bank Group PLC,,unmatched,0.0
"TCG BDC, Inc.",,unmatched,0.0
TCI Express Limited,,unmatched,0.0
TCM Group A S,,unmatched,0.0
TCNS Clothing Co. Limited,,unmatched,0.0
TCPL Packaging Limited,,unmatched,0.0
TCS Group Holding PLC,TCS,exact,100.0
TC Energy Corporation,,unmatched,0.0
TDK Corporation,DK,fuzzy,80.0
TD Power Systems Limited,,unmatched,0.0
TD SYNNEX,,unmatched,0.0
"Team, Inc.",TEM,fuzzy,85.71428571428572
TeamLease Services Limited,,unmatched,0.0
TeamViewer AG,,unmatched,0.0
Tecan Group Ltd.,,unmatched,0.0
Technicolor SA,,unmatched,0.0
TechnipFMC plc,,unmatched,0.0
Technip Energies N.V.,,unmatched,0.0
Technology One Limited,AONE,fuzzy,85.71428571428572
"TechnoPro Holdings, Inc.",,unmatched,0.0
Techno Electric & Engineering Company Limited,,unmatched,0.0
TechPrecision Corporation,,unmatched,0.0
Techstep ASA,,unmatched,0.0
"TechTarget, Inc.",TGT,fuzzy,75.0
Techtronic Industries Company Limited,,unmatched,0.0
Tech Mahindra Limited,,unmatched,0.0
Teck Resources Limited,,unmatched,0.0
Tecnisa S.A.,,unmatched,0.0
Tecnoglass Inc.,,unmatched,0.0
Tecogen Inc.,,unmatched,0.0
Tecsys Inc.,TESS,fuzzy,80.0
Teekay Corporation,,unmatched,0.0
Teekay Tankers Ltd.,,unmatched,0.0
Tegma Gestão Logística S.A.,,unmatched,0.0
TEGNA Inc.,TGNA,fuzzy,88.88888888888889
Teijin Limited,,unmatched,0.0
Tejas Networks Limited,,unmatched,0.0
Tekfen Holding Anonim Sirketi,,unmatched,0.0
"Teladoc Health, Inc.",,unmatched,0.0
"TELA Bio, Inc.",,unmatched,0.0
Tele2 AB (publ),,unmatched,0.0
Telecom Argentina S.A.,,unmatched,0.0
Telecom Egypt Company,,unmatched,0.0
Telecom Egypt Company S.A.E.,,unmatched,0.0
Telecom Italia S.p.A.,,unmatched,0.0
Teledyne Technologies Incorporated,,unmatched,0.0
Teleflex Incorporated,,unmatched,0.0
Telefonaktiebolaget LM Ericsson (publ),,unmatched,0.0
"Telefónica, S.A.",,unmatched,0.0
Telefónica Deutschland Holding AG,,unmatched,0.0
Telefônica Brasil S.A.,,unmatched,0.0
Telekom Malaysia Berhad,,unmatched,0.0
Telenor ASA,,unmatched,0.0
Teleperformance SE,,unmatched,0.0
"Telephone and Data Systems, Inc.",,unmatched,0.0
"Telephone and Data Systems, Inc., United States Cellular Corporation",,unmatched,0.0
Telesat Canada,,unmatched,0.0
Tele Columbus AG,,unmatched,0.0
Telia Company AB (publ),,unmatched,0.0
Telix Pharmaceuticals Limited,,unmatched,0.0
Telkom SA SOC Limited,,unmatched,0.0
"Telkonet, Inc.",,unmatched,0.0
Telos Corporation,TELO,fuzzy,88.88888888888889
Telstra Corporation Limited,,unmatched,0.0
TELUS Corporation,ELS,fuzzy,75.0
TELUS International (Cda) Inc.,,unmatched,0.0
Temenos AG,,unmatched,0.0
Temple & Webster Group Ltd,,unmatched,0.0
"Tempur Sealy International, Inc.",,unmatched,0.0
"Tenable Holdings, Inc.",,unmatched,0.0
Tenaris S.A.,,unmatched,0.0
Tencent Holdings Limited,,unmatched,0.0
Tencent Music Entertainment Group,,unmatched,0.0
Tenet Healthcare Corporation,,unmatched,0.0
Tennant Company,,unmatched,0.0
Ten Lifestyle Group Plc,,unmatched,0.0
Ten Square Games S.A.,,unmatched,0.0
Teradata Corporation,,unmatched,0.0
"Teradyne, Inc.",,unmatched,0.0
TeraGo Inc.,,unmatched,0.0
Terex Corporation,TREX,fuzzy,88.88888888888889
Terna - Rete Elettrica Nazionale Società per Azioni,,unmatched,0.0
Ternium S.A.,,unmatched,0.0
TerrAscend Corp.,,unmatched,0.0
Terra Tech Corp.,,unmatched,0.0
Terumo Corporation,,unmatched,0.0
Terveystalo Oyj,,unmatched,0.0
Tesco PLC,TSCO,fuzzy,88.88888888888889
"Tesla, Inc.",TSLA,known,100.0
Tesmec S.p.A.,,unmatched,0.0
Tessenderlo Group NV,,unmatched,0.0
Tethys Oil AB (publ),,unmatched,0.0
Tetragon Financial Group Limited,,unmatched,0.0
"Tetra Tech, Inc.",,unmatched,0.0
"TETRA Technologies, Inc.",ETR,fuzzy,75.0
Teva Pharmaceutical Industries Limited,,unmatched,0.0
"Texas Capital Bancshares, Inc.",,unmatched,0.0
Texas Instruments Incorporated,TXN,known,100.0
Texas Pacific Land Corporation,,unmatched,0.0
"Texas Roadhouse, Inc.",,unmatched,0.0
Texmaco Rail & Engineering Limited,,unmatched,0.0
Textron Inc.,,unmatched,0.0
TE Connectivity Ltd.,,unmatched,0.0
"Técnicas Reunidas, S.A.",,unmatched,0.0
Télévision Française 1 Société anonyme,,unmatched,0.0
"TFF Pharmaceuticals, Inc.",,unmatched,0.0
TFI International Inc.,,unmatched,0.0
TGS-NOPEC Geophysical Company ASA,,unmatched,0.0
TGS ASA,,unmatched,0.0
"TG Therapeutics, Inc.",,unmatched,0.0
Thai Beverage Public Company Limited,,unmatched,0.0
Thai Oil Public Company Limited,,unmatched,0.0
Thai Union Group Public Company Limited,,unmatched,0.0
Thales S.A.,TALS,fuzzy,80.0
Tharisa plc,,unmatched,0.0
"TherapeuticsMD, Inc.",,unmatched,0.0
Theratechnologies Inc.,,unmatched,0.0
"Theravance Biopharma, Inc.",,unmatched,0.0
Thermax Limited,,unmatched,0.0
"ThermoGenesis Holdings, Inc.",,unmatched,0.0
"Thermon Group Holdings, Inc.",,unmatched,0.0
Thermo Fisher Scientific Inc.,,unmatched,0.0
The a2 Milk Company Limited,,unmatched,0.0
"The Aaron's Company, Inc.",,unmatched,0.0
The AES Corporation,,unmatched,0.0
The Alkaline Water Company Inc.,,unmatched,0.0
The Allstate Corporation,,unmatched,0.0
"The Andersons, Inc.",,unmatched,0.0
The Anup Engineering Limited,,unmatched,0.0
The AZEK Company Inc.,,unmatched,0.0
"The Bancorp, Inc.",,unmatched,0.0
The Bank of N.T. Butterfield & Son Limited,,unmatched,0.0
The Bank of New York Mellon Corporation,,unmatched,0.0
The Bank of Nova Scotia,,unmatched,0.0
"The Beachbody Company, Inc.",,unmatched,0.0
The Beauty Health Company,,unmatched,0.0
The Berkeley Group Holdings plc,,unmatched,0.0
The Bidvest Group Limited,,unmatched,0.0
The Blackstone Group Inc.,,unmatched,0.0
The Boeing Company,BA,fuzzy,75.0
"The Boston Beer Company, Inc.",,unmatched,0.0
The Brink's Company,,unmatched,0.0
"The Buckle, Inc.",,unmatched,0.0
The Carlyle Group Inc.,,unmatched,0.0
The Cheesecake Factory Incorporated,,unmatched,0.0
"The Chefs' Warehouse, Inc.",,unmatched,0.0
The Chemours Company,,unmatched,0.0
"The Children's Place, Inc.",,unmatched,0.0
The Clorox Company,,unmatched,0.0
The Coca-Cola Company,KO,fuzzy,81.81818181818181
The Commercial Bank (P.S.Q.C.),,unmatched,0.0
"The Container Store Group, Inc.",,unmatched,0.0
"The Cooper Companies, Inc.",,unmatched,0.0
The Descartes Systems Group Inc,,unmatched,0.0
"The Dixie Group, Inc.",,unmatched,0.0
"The Duckhorn Portfolio, Inc.",,unmatched,0.0
The E.W. Scripps Company,,unmatched,0.0
The Eastern Company,,unmatched,0.0
"The Ensign Group, Inc.",,unmatched,0.0
The Estée Lauder Companies Inc.,,unmatched,0.0
The Federal Bank Limited,,unmatched,0.0
The Flowr Corporation,,unmatched,0.0
The Foschini Group Limited,,unmatched,0.0
"The Gap, Inc.",,unmatched,0.0
"The GEO Group, Inc.",,unmatched,0.0
"The Glimpse Group, Inc.",,unmatched,0.0
"The Goldman Sachs Group, Inc.",GS,fuzzy,86.66666666666667
The Goodyear Tire & Rubber Company,,unmatched,0.0
The Great Eastern Shipping Company Limited,,unmatched,0.0
"The Greenbrier Companies, Inc.",,unmatched,0.0
The Green Organic Dutchman Holdings Ltd.,,unmatched,0.0
The Gym Group plc,,unmatched,0.0
"The Hackett Group, Inc.",,unmatched,0.0
"The Hain Celestial Group, Inc.",,unmatched,0.0
"The Hanover Insurance Group, Inc.",,unmatched,0.0
"The Hartford Financial Services Group, Inc.",,unmatched,0.0
The Hershey Company,,unmatched,0.0
"The Home Depot, Inc.",HD,fuzzy,83.33333333333334
"The Honest Company, Inc.",,unmatched,0.0
"The Hongkong and Shanghai Hotels, Limited",,unmatched,0.0
The Howard Hughes Corporation,,unmatched,0.0
The Indian Hotels Company Limited,,unmatched,0.0
"The Interpublic Group of Companies, Inc.",,unmatched,0.0
The J. M. Smucker Company,,unmatched,0.0
The Jammu and Kashmir Bank Limited,,unmatched,0.0
The Joint Corp.,,unmatched,0.0
The Karnataka Bank Limited,,unmatched,0.0
The Karur Vysya Bank Limited,,unmatched,0.0
The Kraft Heinz Company,,unmatched,0.0
The Kroger Co.,,unmatched,0.0
"The LGL Group, Inc.",,unmatched,0.0
The Lion Electric Company,,unmatched,0.0
The Lovesac Company,,unmatched,0.0
The Macerich Company,,unmatched,0.0
"The Manitowoc Company, Inc.",,unmatched,0.0
The Marcus Corporation,,unmatched,0.0
The Middleby Corporation,,unmatched,0.0
The Mosaic Company,,unmatched,0.0
"The Navigator Company, S.A.",,unmatched,0.0
The New York Times Company,,unmatched,0.0
The New Zealand Refining Company Limited,,unmatched,0.0
The North West Company Inc.,,unmatched,0.0
The ODP Corporation,,unmatched,0.0
"The ONE Group Hospitality, Inc.",,unmatched,0.0
The Original BARK Company,,unmatched,0.0
"The Pennant Group, Inc.",,unmatched,0.0
The Phoenix Mills Limited,,unmatched,0.0
"The PNC Financial Services Group, Inc.",,unmatched,0.0
The Procter & Gamble Company,PG,fuzzy,87.5
The Progressive Corporation,,unmatched,0.0
The Rank Group Plc,,unmatched,0.0
"The RealReal, Inc.",,unmatched,0.0
The Reject Shop Limited,,unmatched,0.0
The Renewables Infrastructure Group Limited,,unmatched,0.0
The RMR Group Inc.,,unmatched,0.0
The Sage Group plc,,unmatched,0.0
The Scotts Miracle-Gro Company,,unmatched,0.0
The Sherwin-Williams Company,,unmatched,0.0
"The Shyft Group, Inc.",,unmatched,0.0
The Siam Cement Public Company Limited,,unmatched,0.0
The Siam Commercial Bank Public Company Limited,,unmatched,0.0
The Simply Good Foods Company,,unmatched,0.0
"The Singing Machine Company, Inc.",,unmatched,0.0
The Southern Company,,unmatched,0.0
The South Indian Bank Limited,,unmatched,0.0
The SPAR Group Ltd,,unmatched,0.0
The Star Entertainment Group Limited,,unmatched,0.0
The Supreme Industries Limited,,unmatched,0.0
The Swatch Group AG,,unmatched,0.0
The Tata Power Company Limited,,unmatched,0.0
The Tel-Aviv Stock Exchange Ltd.,,unmatched,0.0
The Timken Company,,unmatched,0.0
"The TJX Companies, Inc.",,unmatched,0.0
The Toronto-Dominion Bank,,unmatched,0.0
The Toro Company,,unmatched,0.0
"The Trade Desk, Inc.",,unmatched,0.0
"The Travelers Companies, Inc.",,unmatched,0.0
The Trendlines Group Ltd.,,unmatched,0.0
The Unite Group plc,,unmatched,0.0
The Very Good Food Company Inc.,,unmatched,0.0
"The Vita Coco Company, Inc.",,unmatched,0.0
The Vitec Group plc,,unmatched,0.0
The Walt Disney Company,DIS,fuzzy,84.61538461538461
The Warehouse Group Limited,,unmatched,0.0
The Weir Group PLC,,unmatched,0.0
The Wendy's Company,,unmatched,0.0
The Western Union Company,,unmatched,0.0
"The Williams Companies, Inc.",,unmatched,0.0
THG Plc,THG,exact,100.0
Thinkific Labs Inc.,,unmatched,0.0
Third Point Reinsurance Ltd.,,unmatched,0.0
"THK Co., Ltd.",TH,fuzzy,80.0
Thomson Reuters Corporation,,unmatched,0.0
ThredUp Inc.,,unmatched,0.0
"Thryv Holdings, Inc.",THRY,fuzzy,88.88888888888889
Thule Group AB (publ),,unmatched,0.0
Thunderbird Entertainment Group Inc.,,unmatched,0.0
Thungela Resources Limited,,unmatched,0.0
Thyrocare Technologies Limited,,unmatched,0.0
thyssenkrupp AG,,unmatched,0.0
Tidewater Inc.,,unmatched,0.0
Tidewater Midstream and Infrastructure Ltd.,,unmatched,0.0
TietoEVRY Oyj,,unmatched,0.0
Tiger Brands Limited,,unmatched,0.0
Tikehau Capital,,unmatched,0.0
"Tile Shop Holdings, Inc.",,unmatched,0.0
"Tilly's, Inc.",,unmatched,0.0
"Tilray, Inc.",,unmatched,0.0
TILT Holdings Inc.,TILT,exact,100.0
Timbercreek Financial Corp.,,unmatched,0.0
Time Technoplast Limited,,unmatched,0.0
TimkenSteel Corporation,,unmatched,0.0
TIM S.A.,GTIM,fuzzy,85.71428571428572
Tinybeans Group Limited,,unmatched,0.0
Tips Industries Limited,,unmatched,0.0
Tiptree Inc.,,unmatched,0.0
Titagarh Wagons Limited,,unmatched,0.0
Titanium Transportation Group Inc.,,unmatched,0.0
Titan Cement International S.A.,,unmatched,0.0
Titan Company Limited,TITN,fuzzy,88.88888888888889
"Titan International, Inc.",,unmatched,0.0
Titan Machinery Inc.,,unmatched,0.0
Titan Medical Inc.,,unmatched,0.0
TI Fluid Systems plc,,unmatched,0.0
TKH Group N.V.,,unmatched,0.0
TMBThanachart Bank Public Company Limited,,unmatched,0.0
TMB Bank Public Company Limited,,unmatched,0.0
TMC the metals company Inc.,,unmatched,0.0
TMX Group Limited,TMX,exact,100.0
"Toast, Inc.",TAST,fuzzy,88.88888888888889
Tobii AB (publ),,unmatched,0.0
Tofas Türk Otomobil Fabrikasi A.S.,,unmatched,0.0
"Tokio Marine Holdings, Inc.",,unmatched,0.0
Tokmanni Group Oyj,,unmatched,0.0
Tokyo Electron Limited,,unmatched,0.0
"Toll Brothers, Inc.",,unmatched,0.0
"TOMI Environmental Solutions, Inc.",,unmatched,0.0
Tomra Systems ASA,,unmatched,0.0
TomTom N.V.,,unmatched,0.0
Tongaat Hulett Limited,,unmatched,0.0
Tongcheng-Elong Holdings Limited,,unmatched,0.0
Tongdao Liepin Group,,unmatched,0.0
TopBuild Corp.,,unmatched,0.0
Topdanmark A S,,unmatched,0.0
"Toray Industries, Inc.",,unmatched,0.0
Torex Gold Resources Inc.,,unmatched,0.0
TORM plc,TORM,exact,100.0
Toromont Industries Ltd.,,unmatched,0.0
Torrent Pharmaceuticals Limited,,unmatched,0.0
Torrent Power Limited,,unmatched,0.0
Torrid Holdings Inc.,,unmatched,0.0
Tosei Corporation,OSI,fuzzy,75.0
TotalEnergies SE,,unmatched,0.0
Total Energy Services Inc.,,unmatched,0.0
TOTAL SE,TAL,fuzzy,75.0
TOTVS S.A.,,unmatched,0.0
"ToughBuilt Industries, Inc.",,unmatched,0.0
Tourmaline Oil Corp.,,unmatched,0.0
Tower Limited,TWER,fuzzy,88.88888888888889
Tower Semiconductor Ltd.,,unmatched,0.0
"Townsquare Media, Inc.",,unmatched,0.0
Toyota Boshoku Corporation,,unmatched,0.0
Toyota Motor Corporation,,unmatched,0.0
Toyota Tsusho Corporation,,unmatched,0.0
"TPG RE Finance Trust, Inc.",,unmatched,0.0
TPG Telecom Limited,,unmatched,0.0
"TPI Composites, Inc.",,unmatched,0.0
TP ICAP Group PLC,,unmatched,0.0
"TRACON Pharmaceuticals, Inc.",,unmatched,0.0
Tractor Supply Company,,unmatched,0.0
Tradeweb Markets Inc.,,unmatched,0.0
"Traeger, Inc.",,unmatched,0.0
Trainline Plc,,unmatched,0.0
Trane Technologies plc,TRN,fuzzy,75.0
Transaction Capital Limited,,unmatched,0.0
TransAct Technologies Incorporated,,unmatched,0.0
TransAlta Corporation,,unmatched,0.0
"TransAlta Corporation, TransAlta Renewables Inc.",,unmatched,0.0
Transat A.T. Inc.,,unmatched,0.0
"Transcat, Inc.",,unmatched,0.0
Transcontinental Inc.,,unmatched,0.0
TransDigm Group Incorporated,,unmatched,0.0
Transgene SA,,unmatched,0.0
"TransMedics Group, Inc.",,unmatched,0.0
Transmissora Aliança de Energia Elétrica S.A.,,unmatched,0.0
Transocean Ltd.,,unmatched,0.0
Transportadora de Gas del Sur S.A.,,unmatched,0.0
Transport Corporation of India Limited,,unmatched,0.0
TransUnion,,unmatched,0.0
Transurban Group,,unmatched,0.0
Traton SE,ATON,fuzzy,80.0
Travelzoo,,unmatched,0.0
Travel + Leisure Co.,,unmatched,0.0
"Travere Therapeutics, Inc.",,unmatched,0.0
Travis Perkins plc,,unmatched,0.0
"Treace Medical Concepts, Inc.",,unmatched,0.0
Treasury Wine Estates Limited,,unmatched,0.0
"TreeHouse Foods, Inc.",,unmatched,0.0
Trelleborg AB (publ),,unmatched,0.0
Trellidor Holdings Limited,,unmatched,0.0
Tremor International Ltd,,unmatched,0.0
Trend Micro Incorporated,,unmatched,0.0
Trevali Mining Corporation,,unmatched,0.0
"Trevena, Inc.",,unmatched,0.0
"Trevi Therapeutics, Inc.",,unmatched,0.0
"Trex Company, Inc.",TREX,exact,100.0
Tribal Group plc,,unmatched,0.0
Tribhovandas Bhimji Zaveri Limited,,unmatched,0.0
Trican Well Service Ltd.,,unmatched,0.0
Trifast plc,,unmatched,0.0
TriMas Corporation,TRIS,fuzzy,80.0
Trimble Inc.,,unmatched,0.0
"TriNet Group, Inc.",TNET,fuzzy,80.0
Trinity Biotech plc,,unmatched,0.0
Trinity Capital Inc.,,unmatched,0.0
"Trinity Industries, Inc.",,unmatched,0.0
Trinseo PLC,,unmatched,0.0
Trinseo S.A.,,unmatched,0.0
Trip.com Group Limited,,unmatched,0.0
"TripAdvisor, Inc.",,unmatched,0.0
TriplePoint Venture Growth BDC Corp.,,unmatched,0.0
Triple Flag Precious Metals Corp.,,unmatched,0.0
Triple Point Social Housing REIT plc,,unmatched,0.0
Trisura Group Ltd.,,unmatched,0.0
Tritax Big Box REIT plc,,unmatched,0.0
Tritax EuroBox plc,,unmatched,0.0
"Triumph Bancorp, Inc.",,unmatched,0.0
"Triumph Group, Inc.",,unmatched,0.0
Triunfo Participações e Investimentos S.A.,,unmatched,0.0
trivago N.V.,,unmatched,0.0
Triveni Engineering & Industries Limited,,unmatched,0.0
Triveni Turbine Limited,,unmatched,0.0
"TRI Pointe Group, Inc.",,unmatched,0.0
"Tri Pointe Homes, Inc.",,unmatched,0.0
Troax Group AB (publ),,unmatched,0.0
Tronox Holdings plc,TONX,fuzzy,80.0
"TrueBlue, Inc.",,unmatched,0.0
Truecaller AB (publ),,unmatched,0.0
"TrueCar, Inc.",,unmatched,0.0
True Corporation Public Company Limited,,unmatched,0.0
Truist Financial Corporation,,unmatched,0.0
Trulieve Cannabis Corp.,,unmatched,0.0
"Trupanion, Inc.",,unmatched,0.0
TrustCo Bank Corp NY,,unmatched,0.0
Trustmark Corporation,,unmatched,0.0
Trustpilot Group plc,,unmatched,0.0
Trustpower Limited,,unmatched,0.0
Truworths International Limited,,unmatched,0.0
"Trxade Group, Inc.",,unmatched,0.0
"TRxADE HEALTH, Inc.",,unmatched,0.0
Tryg A S,,unmatched,0.0
Tsakos Energy Navigation Limited,,unmatched,0.0
"TSS, Inc.",STSS,fuzzy,85.71428571428572
"TTEC Holdings, Inc.",TTEC,exact,100.0
TTK Prestige Limited,,unmatched,0.0
"TTM Technologies, Inc.",TTMI,fuzzy,85.71428571428572
TT Electronics plc,,unmatched,0.0
TuanChe Limited,,unmatched,0.0
Tuas Limited,ATUS,fuzzy,75.0
Tube Investments of India Limited,,unmatched,0.0
Tucows Inc.,,unmatched,0.0
Tuesday Morning Corporation,,unmatched,0.0
TUI AG,UI,fuzzy,80.0
Tullow Oil plc,,unmatched,0.0
Tuniu Corporation,,unmatched,0.0
Tupperware Brands Corporation,,unmatched,0.0
Tupy S.A.,TUP,fuzzy,85.71428571428572
Turkcell Iletisim Hizmetleri A.S.,,unmatched,0.0
Turkiye Garanti Bankasi A.S.,,unmatched,0.0
Turners Automotive Group Limited,,unmatched,0.0
"Turning Point Brands, Inc.",,unmatched,0.0
Turtle Beach Corporation,,unmatched,0.0
TuSimple Holdings Inc.,,unmatched,0.0
Tutor Perini Corporation,,unmatched,0.0
Tuya Inc.,TNYA,fuzzy,75.0
Türkiye Halk Bankasi A.S.,,unmatched,0.0
Türkiye Is Bankasi A.S.,,unmatched,0.0
Türkiye Petrol Rafinerileri A.S.,,unmatched,0.0
Türkiye Sise Ve Cam Fabrikalari A.S.,,unmatched,0.0
Türkiye Vakiflar Bankasi Türk Anonim Ortakligi,,unmatched,0.0
Türk Hava Yollari Anonim Ortakligi,,unmatched,0.0
Türk Telekomünikasyon Anonim Sirketi,,unmatched,0.0
TVA Group Inc.,TVA,exact,100.0
TVS Motor Company Limited,,unmatched,0.0
Twilio Inc.,TWLO,fuzzy,80.0
"Twin Disc, Incorporated",,unmatched,0.0
Twist Bioscience Corporation,,unmatched,0.0
Two Harbors Investment Corp.,,unmatched,0.0
TX Group AG,MTX,fuzzy,80.0
"Tyler Technologies, Inc.",TER,fuzzy,75.0
Tyman plc,MAN,fuzzy,75.0
Tyro Payments Limited,,unmatched,0.0
"Tyson Foods, Inc.",,unmatched,0.0
u-blox Holding AG,,unmatched,0.0
U.S. Bancorp,,unmatched,0.0
"U.S. Global Investors, Inc.",,unmatched,0.0
"U.S. Physical Therapy, Inc.",,unmatched,0.0
"U.S. Silica Holdings, Inc.",,unmatched,0.0
UACJ Corporation,UMAC,fuzzy,75.0
UAC of Nigeria Plc,,unmatched,0.0
UAC of Nigeria PLC,,unmatched,0.0
"Uber Technologies, Inc.",UBER,exact,100.0
Ubisoft Entertainment SA,,unmatched,0.0
UBS Group AG,HUBS,fuzzy,85.71428571428572
UCB SA,UCB,exact,100.0
"Udemy, Inc.",UDMY,fuzzy,88.88888888888889
"UDR, Inc.",UDR,exact,100.0
Uflex Limited,FLEX,fuzzy,88.88888888888889
UFO Moviez India Limited,,unmatched,0.0
"UFP Industries, Inc.",,unmatched,0.0
UGI Corporation,UGI,exact,100.0
UGRO Capital Limited,,unmatched,0.0
Ugro Capital Limited,,unmatched,0.0
UiPath Inc.,PATH,fuzzy,80.0
Ujjivan Small Finance Bank Limited,,unmatched,0.0
"Ulta Beauty, Inc.",,unmatched,0.0
Ultimovacs ASA,,unmatched,0.0
Ultragenyx Pharmaceutical Inc.,,unmatched,0.0
Ultralife Corporation,,unmatched,0.0
Ultrapar Participações S.A.,,unmatched,0.0
UltraTech Cement Limited,,unmatched,0.0
"Ultra Clean Holdings, Inc.",,unmatched,0.0
UMB Financial Corporation,,unmatched,0.0
"UMH Properties, Inc.",,unmatched,0.0
Umicore SA,,unmatched,0.0
Umpqua Holdings Corporation,UMPQ,fuzzy,80.0
"Under Armour, Inc.",,unmatched,0.0
Uni-President China Holdings Ltd,,unmatched,0.0
Unibail-Rodamco-Westfield SE,,unmatched,0.0
"Unicaja Banco, S.A.",,unmatched,0.0
Unicasa Indústria de Móveis S.A.,,unmatched,0.0
UniCredit S.p.A.,,unmatched,0.0
Unieuro S.p.A.,,unmatched,0.0
"Unifi, Inc.",UNFI,fuzzy,88.88888888888889
"Unifin Financiera, S. A. B. de C. V.",,unmatched,0.0
UniFirst Corporation,,unmatched,0.0
Unilever PLC,,unmatched,0.0
Union Bank of India,,unmatched,0.0
Union Pacific Corporation,,unmatched,0.0
Unión Andina de Cementos S.A.A.,,unmatched,0.0
Unipar Carbocloro S.A.,,unmatched,0.0
Uniper SE,,unmatched,0.0
Uniphar plc,,unmatched,0.0
"Unipol Gruppo S.p.A., UnipolSai Assicurazioni S.p.A.",,unmatched,0.0
UNIQA Insurance Group AG,,unmatched,0.0
"Unique Fabricating, Inc.",,unmatched,0.0
Unisys Corporation,NSYS,fuzzy,80.0
UnitedHealth Group Incorporated,UNH,known,100.0
"United Airlines Holdings, Inc.",,unmatched,0.0
United Bank Limited,,unmatched,0.0
United Breweries Limited,,unmatched,0.0
"United Community Banks, Inc.",,unmatched,0.0
United Development Company Q.P.S.C.,,unmatched,0.0
"United Fire Group, Inc.",,unmatched,0.0
United Insurance Holdings Corp.,,unmatched,0.0
United Internet AG,,unmatched,0.0
United Microelectronics Corporation,,unmatched,0.0
"United Natural Foods, Inc.",,unmatched,0.0
United Oil & Gas Plc,,unmatched,0.0
United Overseas Bank Limited,,unmatched,0.0
"United Parcel Service, Inc.",UPS,known,100.0
"United Rentals, Inc.",,unmatched,0.0
United Spirits Limited,,unmatched,0.0
United States Cellular Corporation,,unmatched,0.0
United States Steel Corporation,,unmatched,0.0
United Therapeutics Corporation,,unmatched,0.0
United Utilities Group PLC,,unmatched,0.0
Unitil Corporation,UNIT,fuzzy,80.0
Uniti Group Inc.,UNIT,fuzzy,88.88888888888889
Unity Software Inc.,,unmatched,0.0
Universal Corporation,,unmatched,0.0
Universal Display Corporation,,unmatched,0.0
Universal Electronics Inc.,GE,fuzzy,75.67567567567568
"Universal Health Services, Inc.",,unmatched,0.0
"Universal Insurance Holdings, Inc.",,unmatched,0.0
"Universal Logistics Holdings, Inc.",,unmatched,0.0
Universal Music Group N.V.,,unmatched,0.0
"Universal Stainless & Alloy Products, Inc.",,unmatched,0.0
"Universal Technical Institute, Inc.",,unmatched,0.0
Univest Financial Corporation,,unmatched,0.0
"Unrivaled Brands, Inc.",,unmatched,0.0
Unum Group,UNM,fuzzy,85.71428571428572
"UpHealth, Inc.",,unmatched,0.0
"Upland Software, Inc.",,unmatched,0.0
UPL Limited,UPHL,fuzzy,85.71428571428572
UPM-Kymmene Oyj,,unmatched,0.0
"Upstart Holdings, Inc.",,unmatched,0.0
Upwork Inc.,UPWK,fuzzy,80.0
UP Fintech Holding Limited,,unmatched,0.0
"urban-gro, Inc.",,unmatched,0.0
Urbanimmersive Inc.,,unmatched,0.0
Urbanise.com Limited,,unmatched,0.0
Urban Edge Properties,,unmatched,0.0
"Urban One, Inc.",,unmatched,0.0
"Urban Outfitters, Inc.",,unmatched,0.0
UroGen Pharma Ltd.,,unmatched,0.0
"USANA Health Sciences, Inc.",,unmatched,0.0
"USA Compression Partners, LP",,unmatched,0.0
"USA Technologies, Inc.",HUSA,fuzzy,85.71428571428572
USD Partners LP,,unmatched,0.0
Usinas Siderúrgicas de Minas Gerais S.A.,,unmatched,0.0
"Usio, Inc.",USIO,exact,100.0
US Foods Holding Corp.,,unmatched,0.0
"Utz Brands, Inc.",,unmatched,0.0
"UT Group Co., Ltd.",HUT,fuzzy,80.0
UWM Holdings Corporation,UWMC,fuzzy,85.71428571428572
Uxin Limited,UPXI,fuzzy,75.0
Ülker Bisküvi Sanayi A.S.,,unmatched,0.0
V-Guard Industries Limited,,unmatched,0.0
V-Mart Retail Limited,,unmatched,0.0
V.F. Corporation,,unmatched,0.0
V.S.T. Tillers Tractors Limited,,unmatched,0.0
V2 Retail Limited,,unmatched,0.0
va-Q-tec AG,,unmatched,0.0
"VAALCO Energy, Inc.",,unmatched,0.0
Vaibhav Global Limited,,unmatched,0.0
"Vail Resorts, Inc.",,unmatched,0.0
Vaisala Oyj,,unmatched,0.0
Vakrangee Limited,,unmatched,0.0
Valaris Limited,,unmatched,0.0
Valens Semiconductor Ltd.,,unmatched,0.0
Valeo Pharma Inc.,,unmatched,0.0
Valeo SE,AEO,fuzzy,75.0
Valero Energy Corporation,,unmatched,0.0
Vale S.A.,ALE,fuzzy,85.71428571428572
Valid Soluções S.A.,,unmatched,0.0
Valley National Bancorp,,unmatched,0.0
Vallourec S.A.,,unmatched,0.0
Valmet Oyj,,unmatched,0.0
"Valmont Industries, Inc.",,unmatched,0.0
Valneva SE,,unmatched,0.0
Value Partners Group Limited,,unmatched,0.0
Valvoline Inc.,,unmatched,0.0
Vanda Pharmaceuticals Inc.,,unmatched,0.0
Vantage Drilling International,,unmatched,0.0
Vantage Towers GmbH,,unmatched,0.0
Van Lanschot Kempen NV,,unmatched,0.0
"Vapotherm, Inc.",,unmatched,0.0
Vardhman Special Steels Limited,,unmatched,0.0
Vardhman Textiles Limited,,unmatched,0.0
Varex Imaging Corporation,,unmatched,0.0
"Varonis Systems, Inc.",,unmatched,0.0
Varroc Engineering Limited,,unmatched,0.0
Varun Beverages Limited,,unmatched,0.0
Vascon Engineers Limited,,unmatched,0.0
Vasta Platform Limited,,unmatched,0.0
Vastned Retail N.V.,,unmatched,0.0
VAT Group AG,VATE,fuzzy,85.71428571428572
VA Tech Wabag Limited,,unmatched,0.0
VCREDIT Holdings Limited,,unmatched,0.0
Vecima Networks Inc.,,unmatched,0.0
Vection Technologies Limited,,unmatched,0.0
Vector Group Ltd.,CTOR,fuzzy,80.0
Vector Limited,CTOR,fuzzy,80.0
"Vectrus, Inc.",,unmatched,0.0
Vedanta Limited,,unmatched,0.0
Veeco Instruments Inc.,TXN,fuzzy,76.47058823529412
Veeva Systems Inc.,,unmatched,0.0
VEF Ltd.,,unmatched,0.0
Velan Inc.,ELAN,fuzzy,88.88888888888889
"Velocity Financial, Inc.",,unmatched,0.0
Venator Materials PLC,,unmatched,0.0
"Ventas, Inc.",ENTA,fuzzy,80.0
Venus Concept Inc.,,unmatched,0.0
Venzee Technologies Inc.,VEEE,fuzzy,80.0
Veolia Environnement S.A.,,unmatched,0.0
VEON Ltd.,AEON,fuzzy,75.0
"Veracyte, Inc.",,unmatched,0.0
Verallia Société Anonyme,,unmatched,0.0
Verano Holdings Corp.,VERA,fuzzy,80.0
"Vera Bradley, Inc.",,unmatched,0.0
VERBIO Vereinigte BioEnergie AG,,unmatched,0.0
VERBUND AG,,unmatched,0.0
"Verb Technology Company, Inc.",VERB,exact,100.0
Verde Agritech Plc,,unmatched,0.0
Vericel Corporation,,unmatched,0.0
Verimatrix Société anonyme,,unmatched,0.0
Verint Systems Inc.,,unmatched,0.0
"VeriSign, Inc.",,unmatched,0.0
"Verisk Analytics, Inc.",,unmatched,0.0
"Veritex Holdings, Inc.",,unmatched,0.0
"Veritone, Inc.",,unmatched,0.0
Verizon Communications Inc.,VZ,known,100.0
Verkkokauppa.com Oyj,,unmatched,0.0
Vermilion Energy Inc.,,unmatched,0.0
Verona Pharma plc,,unmatched,0.0
Verra Mobility Corporation,,unmatched,0.0
VersaBank,,unmatched,0.0
"Vertex, Inc.",VERX,fuzzy,80.0
"Vertex Energy, Inc.",,unmatched,0.0
Vertex Pharmaceuticals Incorporated,,unmatched,0.0
VerticalScope Holdings Inc.,,unmatched,0.0
Vertiv Holdings Co,VERI,fuzzy,80.0
Vertiv Holdings Co.,VERI,fuzzy,80.0
Vertu Motors plc,,unmatched,0.0
Veru Inc.,VERU,exact,100.0
Vestas Wind Systems A S,,unmatched,0.0
Vesuvius plc,,unmatched,0.0
"VGI Partners Asian Investments Limited, VGI Partners Global Investments Limited",,unmatched,0.0
VGP NV,VG,fuzzy,80.0
ViacomCBS Inc.,,unmatched,0.0
Viad Corp,VIA,fuzzy,85.71428571428572
Viad Corp.,VIA,fuzzy,85.71428571428572
Viant Technology Inc.,INT,fuzzy,75.0
"Viasat, Inc.",VSAT,fuzzy,80.0
Viatris Inc.,,unmatched,0.0
Viavi Solutions Inc.,,unmatched,0.0
VIA optronics AG,,unmatched,0.0
Via Varejo S.A.,,unmatched,0.0
Vicarious Surgical Inc.,,unmatched,0.0
Vicat SA,VIACA,fuzzy,80.0
Vicinity Centres,,unmatched,0.0
Vicinity Motor Corp.,,unmatched,0.0
VICI Properties Inc.,,unmatched,0.0
Vicor Corporation,VICR,fuzzy,88.88888888888889
Victoria's Secret & Co.,,unmatched,0.0
Victoria Gold Corp.,,unmatched,0.0
Victoria plc,,unmatched,0.0
"Victory Capital Holdings, Inc.",,unmatched,0.0
Victrex plc,,unmatched,0.0
"Vidrala, S.A.",,unmatched,0.0
"Viemed Healthcare, Inc.",,unmatched,0.0
Vienna Insurance Group AG,,unmatched,0.0
Vietnam Technological and Commercial Joint Stock Bank,,unmatched,0.0
"ViewRay, Inc.",,unmatched,0.0
"Viking Therapeutics, Inc.",,unmatched,0.0
"Village Farms International, Inc.",,unmatched,0.0
"Vimeo, Inc.",VMEO,fuzzy,88.88888888888889
Vimta Labs Limited,,unmatched,0.0
Vince Holding Corp.,VINC,fuzzy,88.88888888888889
Vinci Partners Investments Ltd.,,unmatched,0.0
VINCI SA,VICI,fuzzy,88.88888888888889
Vinda International Holdings Limited,,unmatched,0.0
"Vintage Wine Estates, Inc.",,unmatched,0.0
"Viomi Technology Co., Ltd",OMI,fuzzy,75.0
Viper Energy Partners LP,,unmatched,0.0
Vipshop Holdings Limited,,unmatched,0.0
VIP Industries Limited,,unmatched,0.0
VIQ Solutions Inc.,,unmatched,0.0
Virbac SA,IBAC,fuzzy,80.0
"Vireo Health International, Inc.",,unmatched,0.0
"Virgin Galactic Holdings, Inc.",,unmatched,0.0
Virgin Money UK PLC,,unmatched,0.0
"Viridian Therapeutics, Inc.",,unmatched,0.0
"VirTra, Inc.",VIRT,fuzzy,80.0
"Virtus Investment Partners, Inc.",,unmatched,0.0
"Virtu Financial, Inc.",,unmatched,0.0
Visaka Industries Limited,,unmatched,0.0
Visa Inc.,V,known,100.0
"Vishay Intertechnology, Inc.",,unmatched,0.0
"Vishay Precision Group, Inc.",,unmatched,0.0
"Visioneering Technologies, Inc.",,unmatched,0.0
"Vislink Technologies, Inc.",,unmatched,0.0
Vista Gold Corp.,,unmatched,0.0
"Vista Oil & Gas, S.A.B. de C.V.",,unmatched,0.0
Vista Outdoor Inc.,,unmatched,0.0
Visteon Corporation,,unmatched,0.0
Vistin Pharma ASA,,unmatched,0.0
Vistra Corp.,ISTR,fuzzy,80.0
Vistry Group PLC,ISTR,fuzzy,80.0
"Vital Farms, Inc.",,unmatched,0.0
Vital Healthcare Property Trust,,unmatched,0.0
Vitrolife AB (publ),,unmatched,0.0
Vitru Limited,TRU,fuzzy,75.0
Vivara Participações S.A.,,unmatched,0.0
Viva Energy Group Limited,,unmatched,0.0
Viva Leisure Limited,,unmatched,0.0
Vivendi SA,,unmatched,0.0
Vivendi SE,,unmatched,0.0
"Viveve Medical, Inc.",,unmatched,0.0
Vivid Seats Inc.,,unmatched,0.0
VivoPower International PLC,,unmatched,0.0
Vivoryon Therapeutics N.V.,,unmatched,0.0
"Vivos Therapeutics, Inc.",,unmatched,0.0
VIZIO Holding Corp.,VZIO,fuzzy,88.88888888888889
"VNET Group, Inc.",NET,fuzzy,85.71428571428572
VNV Global AB (publ),,unmatched,0.0
Vodacom Group Limited,,unmatched,0.0
Vodafone Group Plc,,unmatched,0.0
Vodafone Idea Limited,,unmatched,0.0
Vodafone Qatar P.Q.S.C.,,unmatched,0.0
Voestalpine AG,,unmatched,0.0
VolitionRx Limited,,unmatched,0.0
Volkswagen AG,,unmatched,0.0
Voltas Limited,VLTA,fuzzy,80.0
Volution Group plc,,unmatched,0.0
Volvo Car AB (publ.),,unmatched,0.0
Vonovia SE,,unmatched,0.0
Vontier Corporation,,unmatched,0.0
Vontobel Holding AG,,unmatched,0.0
Vornado Realty Trust,,unmatched,0.0
VOTI Detection Inc.,,unmatched,0.0
voxeljet AG,,unmatched,0.0
Voxtur Analytics Corp.,,unmatched,0.0
VOXX International Corporation,,unmatched,0.0
Voyager Digital Ltd.,,unmatched,0.0
"Voyager Therapeutics, Inc.",,unmatched,0.0
"Voya Financial, Inc.",,unmatched,0.0
Vp plc,GVP,fuzzy,80.0
VRL Logistics Limited,,unmatched,0.0
"Vroom, Inc.",VRM,fuzzy,75.0
VR Education Holdings Plc,,unmatched,0.0
VSE Corporation,VSEC,fuzzy,85.71428571428572
VTB Bank (public joint-stock company),,unmatched,0.0
Vtech Holdings Limited,TECH,fuzzy,88.88888888888889
VTEX,TEX,fuzzy,85.71428571428572
Vulcan Materials Company,,unmatched,0.0
Vunani Limited,VANI,fuzzy,80.0
Vuzix Corporation,VUZI,fuzzy,88.88888888888889
VYNE Therapeutics Inc.,,unmatched,0.0
"W&T Offshore, Inc.",,unmatched,0.0
"W.W. Grainger, Inc.",,unmatched,0.0
W. P. Carey Inc.,,unmatched,0.0
W. R. Berkley Corporation,,unmatched,0.0
Wabash National Corporation,,unmatched,0.0
Wabtec Corporation,ABTC,fuzzy,80.0
Wacker Chemie AG,,unmatched,0.0
Wacker Neuson SE,,unmatched,0.0
Wagners Holding Company Limited,,unmatched,0.0
Waitr Holdings Inc.,AITR,fuzzy,88.88888888888889
Wajax Corporation,AJAX,fuzzy,88.88888888888889
"Wal-Mart de México, S.A.B. de C.V.",,unmatched,0.0
"Walgreens Boots Alliance, Inc.",,unmatched,0.0
"Walker & Dunlop, Inc.",,unmatched,0.0
WalkMe Ltd.,,unmatched,0.0
Wallenius Wilhelmsen ASA,,unmatched,0.0
Wallenstam AB (publ),,unmatched,0.0
Wall Street Finance Limited,,unmatched,0.0
Walmart Inc.,WMT,known,100.0
WAM Capital Limited,,unmatched,0.0
WAM Research Limited,,unmatched,0.0
WANdisco plc,,unmatched,0.0
Warby Parker Inc.,,unmatched,0.0
Warehouses De Pauw NV,,unmatched,0.0
Warehouse REIT plc,,unmatched,0.0
Warimpex Finanz- und Beteiligungs AG,,unmatched,0.0
Warner Music Group Corp.,,unmatched,0.0
"Warrior Met Coal, Inc.",,unmatched,0.0
Washington Real Estate Investment Trust,,unmatched,0.0
"Washington Trust Bancorp, Inc.",,unmatched,0.0
WashTec AG,,unmatched,0.0
"Waste Connections, Inc.",,unmatched,0.0
"Waste Management, Inc.",,unmatched,0.0
Watches of Switzerland Group plc,,unmatched,0.0
Waterdrop Inc.,,unmatched,0.0
Waters Corporation,ATER,fuzzy,80.0
Watkin Jones Plc,,unmatched,0.0
"Watsco, Inc.",TSCO,fuzzy,80.0
"Watts Water Technologies, Inc.",,unmatched,0.0
Wavestone SA,,unmatched,0.0
Wave Life Sciences Ltd.,,unmatched,0.0
Wayfair Inc.,,unmatched,0.0
Waypoint REIT Limited,,unmatched,0.0
"Wayside Technology Group, Inc.",,unmatched,0.0
Wärtsilä Oyj Abp,,unmatched,0.0
WD-40 Company,,unmatched,0.0
Weatherford International plc,,unmatched,0.0
"Weave Communications, Inc.",VZ,fuzzy,80.95238095238095
Webjet Limited,EBET,fuzzy,80.0
Webstep ASA,,unmatched,0.0
Webster Financial Corporation,,unmatched,0.0
Webuild S.p.A.,,unmatched,0.0
"WEC Energy Group, Inc.",,unmatched,0.0
WeedMD Inc.,,unmatched,0.0
WEG S.A.,WE,fuzzy,80.0
Weibo Corporation,IBO,fuzzy,75.0
"Weichai Power Co., Ltd.",,unmatched,0.0
Weimob Inc.,,unmatched,0.0
Wells Fargo & Company,WFC,known,100.0
Welltower Inc.,,unmatched,0.0
WELL Health Technologies Corp.,,unmatched,0.0
Welspun Corp Limited,,unmatched,0.0
Welspun Enterprises Limited,,unmatched,0.0
Welspun India Limited,,unmatched,0.0
"Wemade Co.,Ltd.",,unmatched,0.0
"Wemade Co.,Ltd., Wemade Max Co., Ltd.",,unmatched,0.0
Wendel,,unmatched,0.0
Wereldhave N.V.,,unmatched,0.0
"Werner Enterprises, Inc.",,unmatched,0.0
"WesBanco, Inc.",,unmatched,0.0
"WESCO International, Inc.",,unmatched,0.0
Wesdome Gold Mines Ltd.,,unmatched,0.0
Wesfarmers Limited,,unmatched,0.0
Western Alliance Bancorporation,,unmatched,0.0
Western Digital Corporation,,unmatched,0.0
Western Forest Products Inc.,,unmatched,0.0
"Western Midstream Partners, LP",,unmatched,0.0
Westinghouse Air Brake Technologies Corporation,,unmatched,0.0
Westlake Chemical Corporation,,unmatched,0.0
Westlake Chemical Partners LP,,unmatched,0.0
Westlife Development Limited,,unmatched,0.0
Westpac Banking Corporation,,unmatched,0.0
Westport Fuel Systems Inc.,,unmatched,0.0
"Westwater Resources, Inc.",,unmatched,0.0
Westwing Group AG,,unmatched,0.0
"Westwood Holdings Group, Inc.",,unmatched,0.0
West African Resources Limited,,unmatched,0.0
"West Bancorporation, Inc.",,unmatched,0.0
West Fraser Timber Co. Ltd.,,unmatched,0.0
"West Pharmaceutical Services, Inc.",,unmatched,0.0
WEX Inc.,WEX,exact,100.0
"Weyco Group, Inc.",WEC,fuzzy,75.0
Weyerhaeuser Company,,unmatched,0.0
Wharf (Holdings) Limited,WHF,fuzzy,75.0
Wharf Real Estate Investment Company Limited,,unmatched,0.0
Wheaton Precious Metals Corp.,,unmatched,0.0
Wheels Up Experience Inc.,,unmatched,0.0
"Where Food Comes From, Inc.",,unmatched,0.0
Whirlpool Corporation,,unmatched,0.0
Whitbread PLC,,unmatched,0.0
Whitbread plc,,unmatched,0.0
Whitecap Resources Inc.,,unmatched,0.0
Whitehaven Coal Limited,,unmatched,0.0
"WhiteHorse Finance, Inc.",,unmatched,0.0
Whitestone REIT,,unmatched,0.0
"Whole Earth Brands, Inc.",,unmatched,0.0
WH Group Limited,WH,exact,100.0
WH Smith PLC,,unmatched,0.0
Wickes Group plc,,unmatched,0.0
Widam Food Company Q.P.S.C.,,unmatched,0.0
"WideOpenWest, Inc.",,unmatched,0.0
WidePoint Corporation,,unmatched,0.0
Wienerberger AG,,unmatched,0.0
Wihlborgs Fastigheter AB (publ),,unmatched,0.0
Wiit S.p.A.,,unmatched,0.0
"Wilcon Depot, Inc.",,unmatched,0.0
WildBrain Ltd.,,unmatched,0.0
Wildpack Beverage Inc.,,unmatched,0.0
Wilh. Wilhelmsen Holding ASA,,unmatched,0.0
"Willdan Group, Inc.",,unmatched,0.0
"Williams-Sonoma, Inc.",,unmatched,0.0
Williams Industrial Services Group Inc.,,unmatched,0.0
Willis Towers Watson Public Limited Company,,unmatched,0.0
WillScot Mobile Mini Holdings Corp.,,unmatched,0.0
Wilson Sons Limited,,unmatched,0.0
windeln.de SE,,unmatched,0.0
Wingstop Inc.,,unmatched,0.0
"Winnebago Industries, Inc.",,unmatched,0.0
Wintrust Financial Corporation,,unmatched,0.0
WIN Semiconductors Corp.,,unmatched,0.0
Wipro Limited,PRO,fuzzy,75.0
"WisdomTree Investments, Inc.",,unmatched,0.0
WISeKey International Holding AG,,unmatched,0.0
WiseTech Global Limited,,unmatched,0.0
Wise plc,INSE,fuzzy,75.0
Wisr Limited,ISR,fuzzy,85.71428571428572
Wix.com Ltd.,,unmatched,0.0
Wizz Air Holdings Plc,,unmatched,0.0
Wiz Soluções e Corretagem de Seguros S.A.,,unmatched,0.0
"WM Technology, Inc.",WM,exact,100.0
WNS (Holdings) Limited,NS,fuzzy,80.0
"Wolfspeed, Inc.",,unmatched,0.0
Wolters Kluwer N.V.,,unmatched,0.0
"Wolverine World Wide, Inc.",,unmatched,0.0
Wonderla Holidays Limited,,unmatched,0.0
Woodside Petroleum Ltd,,unmatched,0.0
"Woodward, Inc.",,unmatched,0.0
Woolworths Group Limited,,unmatched,0.0
Woolworths Holdings Limited,,unmatched,0.0
Woori Financial Group Inc.,,unmatched,0.0
"Workday, Inc.",,unmatched,0.0
Workhorse Group Inc.,,unmatched,0.0
Workiva Inc.,,unmatched,0.0
Workspace Group plc,,unmatched,0.0
Worldline S.A.,,unmatched,0.0
Worldline SA,,unmatched,0.0
World Acceptance Corporation,,unmatched,0.0
World Fuel Services Corporation,,unmatched,0.0
Worley Limited,ORLY,fuzzy,80.0
"Worthington Industries, Inc.",,unmatched,0.0
WPP plc,,unmatched,0.0
"Wrap Technologies, Inc.",WRAP,exact,100.0
WSFS Financial Corporation,,unmatched,0.0
WSP Global Inc.,,unmatched,0.0
WuXi Biologics (Cayman) Inc.,,unmatched,0.0
"WW International, Inc.",,unmatched,0.0
"Wyndham Destinations, Inc.",,unmatched,0.0
"Wyndham Hotels & Resorts, Inc.",,unmatched,0.0
Wynnstay Group Plc,,unmatched,0.0
"Wynn Resorts, Limited",,unmatched,0.0
X-FAB Silicon Foundries SE,,unmatched,0.0
"X4 Pharmaceuticals, Inc.",,unmatched,0.0
X5 Retail Group N.V.,,unmatched,0.0
Xaar plc,AARD,fuzzy,75.0
Xbrane Biopharma AB (publ),,unmatched,0.0
"Xcel Brands, Inc.",,unmatched,0.0
Xcel Energy Inc.,,unmatched,0.0
Xebec Adsorption Inc.,,unmatched,0.0
Xelpmoc Design and Tech Limited,,unmatched,0.0
"Xencor, Inc.",ECOR,fuzzy,80.0
"Xenia Hotels & Resorts, Inc.",,unmatched,0.0
Xenon Pharmaceuticals Inc.,,unmatched,0.0
"Xeris Biopharma Holdings, Inc.",,unmatched,0.0
"Xeris Pharmaceuticals, Inc.",,unmatched,0.0
Xerox Holdings Corporation,XRX,fuzzy,75.0
Xero Limited,LXEO,fuzzy,75.0
Xiaomi Corporation,,unmatched,0.0
"Xinjiang Goldwind Science & Technology Co., Ltd.",,unmatched,0.0
XLMedia PLC,,unmatched,0.0
XL Fleet Corp.,,unmatched,0.0
"Xometry, Inc.",,unmatched,0.0
"XPEL, Inc.",XPEL,exact,100.0
XPeng Inc.,PENG,fuzzy,88.88888888888889
Xperi Holding Corporation,XPER,fuzzy,88.88888888888889
"Xponential Fitness, Inc.",,unmatched,0.0
"XPO Logistics, Inc.",,unmatched,0.0
"XpresSpa Group, Inc.",,unmatched,0.0
XP Inc.,AXP,fuzzy,80.0
Xref Limited,KREF,fuzzy,75.0
XS Financial Inc.,,unmatched,0.0
"Xtant Medical Holdings, Inc.",,unmatched,0.0
Xtep International Holdings Limited,,unmatched,0.0
Xunlei Limited,,unmatched,0.0
Xvivo Perfusion AB (publ),,unmatched,0.0
XXL ASA,,unmatched,0.0
Xylem Inc.,XYL,fuzzy,75.0
X Financial,,unmatched,0.0
"Y-mAbs Therapeutics, Inc.",,unmatched,0.0
Yalla Group Limited,ALL,fuzzy,75.0
Yamaha Corporation,,unmatched,0.0
"Yamaha Motor Co., Ltd.",,unmatched,0.0
Yandex N.V.,,unmatched,0.0
YANGAROO Inc.,,unmatched,0.0
Yapi ve Kredi Bankasi A.S.,,unmatched,0.0
Yara International ASA,,unmatched,0.0
"Yatra Online, Inc.",,unmatched,0.0
Yatsen Holding Limited,ATEN,fuzzy,80.0
Yduqs Participações S.A.,,unmatched,0.0
Yellow Corporation,YELL,fuzzy,80.0
Yellow Pages Limited,,unmatched,0.0
Yelp Inc.,YELP,exact,100.0
Yes Bank Limited,,unmatched,0.0
"YETI Holdings, Inc.",YETI,exact,100.0
"Yext, Inc.",YEXT,exact,100.0
"Yield10 Bioscience, Inc.",,unmatched,0.0
Yiren Digital Ltd.,,unmatched,0.0
YIT Oyj,,unmatched,0.0
Yixin Group Limited,IIN,fuzzy,75.0
"Youdao, Inc.",,unmatched,0.0
YouGov plc,,unmatched,0.0
YPF Sociedad Anónima,,unmatched,0.0
Ypsomed Holding AG,,unmatched,0.0
YRC Worldwide Inc.,,unmatched,0.0
"Yum! Brands, Inc.",,unmatched,0.0
"Yum China Holdings, Inc.",,unmatched,0.0
Yunji Inc.,,unmatched,0.0
Zad Holding Company Q.P.S.C.,,unmatched,0.0
Zai Lab Limited,,unmatched,0.0
Zalando SE,,unmatched,0.0
Zalaris ASA,,unmatched,0.0
Zealand Pharma A S,,unmatched,0.0
ZEAL Network SE,,unmatched,0.0
Zebra Technologies Corporation,ZBRA,fuzzy,88.88888888888889
Zeder Investments Ltd.,,unmatched,0.0
"Zedge, Inc.",ZDGE,fuzzy,88.88888888888889
Zee Entertainment Enterprises Limited,,unmatched,0.0
Zenith Bank Plc,,unmatched,0.0
Zensar Technologies Limited,,unmatched,0.0
Zepp Health Corporation,,unmatched,0.0
Zeta Global Holdings Corp.,,unmatched,0.0
Zevia PBC,,unmatched,0.0
Zhihu Inc.,,unmatched,0.0
Zhongsheng Group Holdings Limited,,unmatched,0.0
"Ziff Davis, Inc.",,unmatched,0.0
"Zillow Group, Inc.",,unmatched,0.0
"Zimmer Biomet Holdings, Inc.",,unmatched,0.0
ZIM Integrated Shipping Services Ltd.,,unmatched,0.0
"Zions Bancorporation, National Association",,unmatched,0.0
"ZIOPHARM Oncology, Inc.",,unmatched,0.0
"ZipRecruiter, Inc.",,unmatched,0.0
Zip Co Limited,ZIP,exact,100.0
Zoetis Inc.,OTIS,fuzzy,80.0
ZoomInfo Technologies Inc.,,unmatched,0.0
"Zoom Telephonics, Inc.",,unmatched,0.0
"Zoom Video Communications, Inc.",VZ,fuzzy,80.85106382978724
zooplus AG,,unmatched,0.0
Zovio Inc,ZVO,fuzzy,75.0
"ZOZO, Inc.",TZOO,fuzzy,75.0
"Zscaler, Inc.",,unmatched,0.0
ZTO Express (Cayman) Inc.,,unmatched,0.0
Zumiez Inc.,ZUMZ,fuzzy,80.0
Zumtobel Group AG,,unmatched,0.0
"Zuora, Inc.",ZURA,fuzzy,88.88888888888889
Zurich Insurance Group AG,,unmatched,0.0
Zurn Water Solutions Corporation,,unmatched,0.0
Zur Rose Group AG,,unmatched,0.0
Zydus Wellness Limited,,unmatched,0.0
"Zynex, Inc.",ZYNE,fuzzy,88.88888888888889
Z Holdings Corporation,Z,exact,100.0
Ørsted A S,,unmatched,0.0
1Spatial Plc,,unmatched,0.0
2020 Bulkers Ltd.,,unmatched,0.0
29Metals Limited,,unmatched,0.0
2cureX AB (publ),,unmatched,0.0
"2seventy bio, Inc.",,unmatched,0.0
"360 Capital Enhanced Income Fund, 360 Capital Group Limited, 360 Capital REIT",,unmatched,0.0
3i Infrastructure plc,,unmatched,0.0
5paisa Capital Limited,,unmatched,0.0
5th Planet Games A S,,unmatched,0.0
"Aadi Bioscience, Inc.",,unmatched,0.0
ABL Group ASA,,unmatched,0.0
"Aboitiz Equity Ventures, Inc., Aboitiz Power Corporation",,unmatched,0.0
abrdn plc,ABR,fuzzy,75.0
AB Fagerhult,,unmatched,0.0
AB Fagerhult (publ.),,unmatched,0.0
Acast AB (publ),,unmatched,0.0
ActiveOps Plc,,unmatched,0.0
"Acumen Pharmaceuticals, Inc.",,unmatched,0.0
"Acurx Pharmaceuticals, Inc.",,unmatched,0.0
ACWA POWER Company,,unmatched,0.0
Adani Enterprises Limited,,unmatched,0.0
Adani Total Gas Limited,,unmatched,0.0
Adani Transmission Limited,,unmatched,0.0
Adeia Inc.,ADEA,fuzzy,88.88888888888889
Adeka Corporation,ADEA,fuzzy,88.88888888888889
Aditya Birla Sun Life AMC Limited,,unmatched,0.0
Adriatic Metals PLC,,unmatched,0.0
"ADTRAN Holdings, Inc.",ADRA,fuzzy,80.0
Aeffe S.p.A.,,unmatched,0.0
Aether Industries Limited,,unmatched,0.0
AEW UK REIT plc,,unmatched,0.0
Aferian Plc,,unmatched,0.0
Africa Oil Corp.,,unmatched,0.0
Agarwal Industrial Corporation Limited,,unmatched,0.0
"AgileThought, Inc.",,unmatched,0.0
Agilyx ASA,,unmatched,0.0
AGI Greenpac Limited,,unmatched,0.0
Agricultural Bank of China Limited,,unmatched,0.0
Agro Tech Foods Limited,,unmatched,0.0
Ai-Media Technologies Limited,,unmatched,0.0
Airspan Networks Holdings Inc.,,unmatched,0.0
AirTAC International Group,,unmatched,0.0
Airtasker Limited,,unmatched,0.0
Airthings ASA,,unmatched,0.0
Ajanta Pharma Limited,,unmatched,0.0
Akelius Residential Property AB (publ),,unmatched,0.0
Aker Horizons ASA,,unmatched,0.0
AKVA group ASA,,unmatched,0.0
Akzo Nobel India Limited,,unmatched,0.0
"Alaunos Therapeutics, Inc.",,unmatched,0.0
Alfa Laval Corporate AB,,unmatched,0.0
Alijarah Holding (Q.P.S.C.),,unmatched,0.0
Alinma Bank,,unmatched,0.0
"Alliance Global Group, Inc.",,unmatched,0.0
Alligo AB (publ),,unmatched,0.0
"Alpha Teknova, Inc.",,unmatched,0.0
Altamira Therapeutics Ltd.,,unmatched,0.0
Altisource Asset Management Corporation,,unmatched,0.0
"Altri, SGPS, S.A.",,unmatched,0.0
"Altus Power, Inc.",,unmatched,0.0
Al Yah Satellite Communication Company PJSC,,unmatched,0.0
Amcil Limited,AMCI,fuzzy,88.88888888888889
American Resources Corporation,,unmatched,0.0
American Tower Corporation,,unmatched,0.0
"Americold Realty Trust, Inc.",,unmatched,0.0
"Amprius Technologies, Inc.",,unmatched,0.0
ams-OSRAM AG,,unmatched,0.0
"Amylyx Pharmaceuticals, Inc.",,unmatched,0.0
Anand Rathi Wealth Limited,,unmatched,0.0
Andes Technology Corporation,ADES,fuzzy,88.88888888888889
"Angel Oak Mortgage, Inc.",,unmatched,0.0
Angel One Limited,,unmatched,0.0
"Angi Inc., IAC Inc.",,unmatched,0.0
Anima Holding SpA,,unmatched,0.0
Ansarada Group Limited,,unmatched,0.0
Anywhere Real Estate Inc.,,unmatched,0.0
"Applied UV, Inc.",,unmatched,0.0
Aprila Bank ASA,,unmatched,0.0
Aquaporin A S,,unmatched,0.0
Arbe Robotics Ltd.,,unmatched,0.0
ARB Corporation Limited,AMRB,fuzzy,85.71428571428572
ArcelorMittal S.A.,,unmatched,0.0
Archer Aviation Inc.,,unmatched,0.0
archTIS Limited,,unmatched,0.0
"Arcutis Biotherapeutics, Inc.",,unmatched,0.0
"Ardelyx, Inc.",,unmatched,0.0
Argentex Group Plc,,unmatched,0.0
Argentex Group PLC,,unmatched,0.0
Argeo AS,,unmatched,0.0
Argo Blockchain plc,,unmatched,0.0
"Aris Water Solutions, Inc.",,unmatched,0.0
Aroa Biosurgery Limited,,unmatched,0.0
Aroundtown SA,,unmatched,0.0
Arribatec Solutions ASA,,unmatched,0.0
ArrowMark Financial Corp.,,unmatched,0.0
"Artivion, Inc.",,unmatched,0.0
"ASAP, Inc.",ASAP,exact,100.0
Ashland Inc.,,unmatched,0.0
Asian Energy Services Limited,,unmatched,0.0
ASMPT Limited,ATSPT,fuzzy,80.0
"Aspen Technology, Inc.",APEN,fuzzy,88.88888888888889
Aspo Oyj,,unmatched,0.0
Asteria Corporation,,unmatched,0.0
AS MADARA Cosmetics,,unmatched,0.0
Atal S.A.,AAL,fuzzy,85.71428571428572
ATCO Ltd.,ATO,fuzzy,85.71428571428572
ATI Inc.,ATI,exact,100.0
Atlantic Sapphire ASA,,unmatched,0.0
Atomos Limited,ATOM,fuzzy,80.0
ATRenew Inc.,,unmatched,0.0
"Augmedix, Inc.",,unmatched,0.0
AUO Corporation,AUGO,fuzzy,85.71428571428572
Auren Energia S.A.,,unmatched,0.0
Aurionpro Solutions Limited,,unmatched,0.0
"Aurora Innovation, Inc.",,unmatched,0.0
Aurora Spine Corporation,,unmatched,0.0
Aussie Broadband Limited,,unmatched,0.0
Australian Clinical Labs Limited,,unmatched,0.0
authID Inc.,AUID,fuzzy,80.0
Avant Brands Inc.,,unmatched,0.0
Ava Risk Group Limited,,unmatched,0.0
Avgol Industries 1953 Ltd,,unmatched,0.0
"AVITA Medical, Inc.",,unmatched,0.0
Axactor ASA,,unmatched,0.0
Axiscades Technologies Limited,,unmatched,0.0
"Ayala Land, Inc.",,unmatched,0.0
"Aytu BioPharma, Inc.",,unmatched,0.0
"Azenta, Inc.",AENT,fuzzy,80.0
B.P. Marsh & Partners PLC,,unmatched,0.0
Baladna Q.P.S.C.,,unmatched,0.0
Bambuser AB (publ),,unmatched,0.0
"Banco Latinoamericano de Comercio Exterior, S.A.",,unmatched,0.0
"Banco Latinoamericano de Comercio Exterior, S. A.",,unmatched,0.0
Bank Leumi Le-Israel B.M.,,unmatched,0.0
Bank Leumi le-Israel B.M.,,unmatched,0.0
Bank of Maharashtra,,unmatched,0.0
Banpu Public Company Limited,,unmatched,0.0
Barbeque Nation Hospitality Ltd.,,unmatched,0.0
"BARK, Inc.",BARK,exact,100.0
"Bath & Body Works, Inc.",,unmatched,0.0
Bausch + Lomb Corporation,,unmatched,0.0
Bear Creek Mining Corporation,,unmatched,0.0
Begbies Traynor Group plc,,unmatched,0.0
Believe S.A.,,unmatched,0.0
Bemobi Mobile Tech S.A.,,unmatched,0.0
"Benson Hill, Inc.",,unmatched,0.0
Bergen Carbon Solutions AS,,unmatched,0.0
Betmakers Technology Group Ltd,,unmatched,0.0
"Betterware de México, S.A.P.I. de C.V.",,unmatched,0.0
BEWi ASA,,unmatched,0.0
BFF Bank S.p.A.,,unmatched,0.0
BHP Group Limited,BH,fuzzy,80.0
BICO Group AB (publ),,unmatched,0.0
"BigBear.ai Holdings, Inc.",,unmatched,0.0
Bike24 Holding AG,,unmatched,0.0
"BioAtla, Inc.",,unmatched,0.0
"BioCardia, Inc.",,unmatched,0.0
"Biodesix, Inc.",,unmatched,0.0
Biofrontera Inc.,,unmatched,0.0
"BioLargo, Inc.",,unmatched,0.0
"Biora Therapeutics, Inc.",,unmatched,0.0
"Biostage, Inc.",,unmatched,0.0
"BioStem Technologies, Inc.",,unmatched,0.0
Biotage AB (publ),,unmatched,0.0
Biotalys NV,,unmatched,0.0
"Bird Global, Inc.",,unmatched,0.0
Blackboxstocks Inc.,,unmatched,0.0
Blackline Safety Corp.,,unmatched,0.0
"Blade Air Mobility, Inc.",,unmatched,0.0
"Block, Inc.",BLK,fuzzy,75.0
BluMetric Environmental Inc.,,unmatched,0.0
BMO Capital and Income Investment Trust PLC,,unmatched,0.0
"BM Technologies, Inc.",ABM,fuzzy,80.0
Boart Longyear Group Ltd.,,unmatched,0.0
Boat Rocker Media Inc.,,unmatched,0.0
Booktopia Group Limited,,unmatched,0.0
Boqii Holding Limited,OII,fuzzy,75.0
Borouge plc,,unmatched,0.0
Bossard Holding AG,,unmatched,0.0
Bowlero Corp.,,unmatched,0.0
Bowman Consulting Group Ltd.,,unmatched,0.0
bpost NV SA,POST,fuzzy,88.88888888888889
BQE Water Inc.,,unmatched,0.0
Braemar Hotels & Resorts Inc.,,unmatched,0.0
Brait PLC,AIT,fuzzy,75.0
BRC Inc.,BRC,exact,100.0
"Bread Financial Holdings, Inc.",,unmatched,0.0
Brickworks Limited,,unmatched,0.0
Bridgepoint Group plc,,unmatched,0.0
Brii Biosciences Limited,,unmatched,0.0
"Brookfield Renewable Corporation, Brookfield Renewable Partners L.P.",,unmatched,0.0
Brookfield Renewable Corporation,,unmatched,0.0
"Brookfield Renewable Partners L.P., Brookfield Renewable Corporation",,unmatched,0.0
"BTS Group Holdings Public Company Limited, BTS Rail Mass Transit Growth Infrastructure Fund",,unmatched,0.0
BUA Cement Plc,,unmatched,0.0
Bubs Australia Limited,,unmatched,0.0
BuildDirect.com Technologies Inc.,,unmatched,0.0
Burcon NutraScience Corporation,,unmatched,0.0
Burgan Bank K.P.S.C.,,unmatched,0.0
Burger King India Limited,,unmatched,0.0
"Business First Bancshares, Inc.",,unmatched,0.0
"BuzzFeed, Inc.",,unmatched,0.0
Bytes Technology Group plc,BYTS,fuzzy,88.88888888888889
C&A Modas S.A.,,unmatched,0.0
C. E. Info Systems Limited,CSCO,fuzzy,75.86206896551724
Cadeler A S,,unmatched,0.0
Cadence Bank,,unmatched,0.0
Calnex Solutions Plc,,unmatched,0.0
Calnex Solutions plc,,unmatched,0.0
Cambi ASA,,unmatched,0.0
Campus Activewear Limited,,unmatched,0.0
Canadian Net Real Estate Investment Trust,,unmatched,0.0
Canopy Holdings AS,,unmatched,0.0
CapitaLand Investment Limited,,unmatched,0.0
Capricorn Energy PLC,,unmatched,0.0
Capstone Copper Corp.,,unmatched,0.0
Carasent ASA,,unmatched,0.0
Careium AB (Publ),,unmatched,0.0
"Carlyle Secured Lending, Inc.",,unmatched,0.0
CarTrade Tech Limited,,unmatched,0.0
"Casino, Guichard-Perrachon S.A.",,unmatched,0.0
CA Immobilien Anlagen AG,,unmatched,0.0
CEA Industries Inc.,,unmatched,0.0
"Cebu Landmasters, Inc.",,unmatched,0.0
"Celldex Therapeutics, Inc.",,unmatched,0.0
Cellebrite DI Ltd.,,unmatched,0.0
"Cemtrex, Inc.",,unmatched,0.0
Cenntro Electric Group Limited,,unmatched,0.0
Century Textiles and Industries Limited,,unmatched,0.0
CE Info Systems Ltd.,CSCO,fuzzy,78.57142857142857
Channel Infrastructure NZ Limited,,unmatched,0.0
Charter Hall Retail REIT,,unmatched,0.0
Checkit plc,,unmatched,0.0
"Cheniere Energy Partners, L.P., Cheniere Energy, Inc.",,unmatched,0.0
"Cheniere Energy Partners, L.P.",,unmatched,0.0
Chesnara plc,,unmatched,0.0
"Chicago Atlantic Real Estate Finance, Inc.",,unmatched,0.0
China Coal Energy Company Limited,,unmatched,0.0
China Gas Holdings Limited,,unmatched,0.0
Chord Energy Corporation,,unmatched,0.0
CI&T Inc,CIT,fuzzy,85.71428571428572
Cimpress plc,,unmatched,0.0
CIM Commercial Trust Corporation,,unmatched,0.0
Cint Group AB (publ),,unmatched,0.0
Cipher Mining Inc.,,unmatched,0.0
Circa Group AS,,unmatched,0.0
CIR S.p.A. - Compagnie Industriali Riunite,,unmatched,0.0
"Civitas Resources, Inc.",,unmatched,0.0
"Claros Mortgage Trust, Inc.",,unmatched,0.0
Clean Science and Technology Limited,,unmatched,0.0
Clinuvel Pharmaceuticals Limited,,unmatched,0.0
Cliq Digital AG,,unmatched,0.0
Cloudberry Clean Energy ASA,,unmatched,0.0
Cloud DX Inc.,,unmatched,0.0
Cluey Ltd,CLE,fuzzy,75.0
CMS Info Systems Limited,CSCO,fuzzy,75.86206896551724
Cobram Estate Olives Limited,,unmatched,0.0
Coherent Corp.,,unmatched,0.0
Collins Foods Limited,,unmatched,0.0
"Colony Bankcorp, Inc.",,unmatched,0.0
Commercial International Bank (Egypt) S.A.E,,unmatched,0.0
Compagnie Plastic Omnium SE,,unmatched,0.0
"CompoSecure, Inc.",,unmatched,0.0
Computer Age Management Services Limited,,unmatched,0.0
Comstock Inc.,,unmatched,0.0
Conduit Holdings Limited,,unmatched,0.0
"Consorcio ARA, S. A. B. de C. V.",,unmatched,0.0
Constellation Energy Corporation,,unmatched,0.0
Copper Property CTL Pass Through Trust,,unmatched,0.0
"Corebridge Financial, Inc.",,unmatched,0.0
CoreCard Corporation,,unmatched,0.0
"Core Molding Technologies, Inc.",,unmatched,0.0
"Core Scientific, Inc.",,unmatched,0.0
"Corporación Acciona Energías Renovables, S.A.",,unmatched,0.0
"Corvus Pharmaceuticals, Inc.",,unmatched,0.0
Cosmo First Limited,,unmatched,0.0
Coveo Solutions Inc.,,unmatched,0.0
"Cox Energy América, S.A.B. de C.V.",,unmatched,0.0
"Cox Energy América, S.A.B de C.V.",,unmatched,0.0
Craftsman Automation Limited,,unmatched,0.0
"Crane Holdings, Co.",CRAN,fuzzy,88.88888888888889
Crealogix Holding AG,,unmatched,0.0
Creative Media & Community Trust Corporation,,unmatched,0.0
Credo Technology Group Holding Ltd,CRDO,fuzzy,88.88888888888889
Crescent Energy Company,,unmatched,0.0
"Cresud Sociedad Anónima, Comercial, Inmobiliaria, Financiera y Agropecuaria",,unmatched,0.0
CropEnergies AG,,unmatched,0.0
Crown Castle Inc.,,unmatched,0.0
Crown Castle International Corp.,,unmatched,0.0
Crown ElectroKinetics Corp.,,unmatched,0.0
Cruzeiro do Sul Educacional S.A.,,unmatched,0.0
CSAM Health Group AS,,unmatched,0.0
CSN Mineração S.A.,,unmatched,0.0
CTEK AB (publ),,unmatched,0.0
CTT Systems AB (publ),,unmatched,0.0
Currys plc,,unmatched,0.0
"CVRx, Inc.",CVRX,exact,100.0
CV Check Ltd,,unmatched,0.0
Cybin Inc.,CYN,fuzzy,75.0
Cyngn Inc.,CYN,fuzzy,75.0
"Cytek Biosciences, Inc.",,unmatched,0.0
D-Market Elektronik Hizmetler ve Ticaret A.S.,,unmatched,0.0
D-MARKET Elektronik Hizmetler ve Ticaret Anonim Sirketi,,unmatched,0.0
D2L Inc.,,unmatched,0.0
Daimler Truck Holding AG,,unmatched,0.0
Dassault Aviation Société anonyme,,unmatched,0.0
Datalex plc,,unmatched,0.0
Data Storage Corporation,,unmatched,0.0
Dave Inc.,DAVE,exact,100.0
Definity Financial Corporation,,unmatched,0.0
Delhivery Limited,,unmatched,0.0
Derichebourg SA,,unmatched,0.0
Detection Technology Oyj,,unmatched,0.0
Deterra Royalties Limited,,unmatched,0.0
Deveron Corp.,,unmatched,0.0
Devyani International Limited,,unmatched,0.0
Dexco S.A.,DCO,fuzzy,75.0
Dexus Convenience Retail REIT,,unmatched,0.0
DGL Group Limited,DGLY,fuzzy,85.71428571428572
Diaceutics PLC,,unmatched,0.0
Diagnósticos da América S.A.,,unmatched,0.0
"Diamond Offshore Drilling, Inc.",,unmatched,0.0
"Diamond Sports Intermediate Holdings LLC, Sinclair Broadcast Group, Inc.",,unmatched,0.0
"Digital Brands Group, Inc.",,unmatched,0.0
Direct Marketing MiX Inc.,,unmatched,0.0
"Distribution Solutions Group, Inc.",,unmatched,0.0
DNB Bank ASA,,unmatched,0.0
DocGo Inc.,DCGO,fuzzy,88.88888888888889
Douglas Elliman Inc.,,unmatched,0.0
Dream Residential Real Estate Investment Trust,,unmatched,0.0
DRI Healthcare Trust,,unmatched,0.0
Dusk Group Limited,DUK,fuzzy,85.71428571428572
DXN Limited,DXYN,fuzzy,85.71428571428572
East 33 Limited,,unmatched,0.0
East Side Games Group Inc.,,unmatched,0.0
Easy Trip Planners Limited,,unmatched,0.0
Ebiquity plc,,unmatched,0.0
Echo Investment S.A.,,unmatched,0.0
Eckert & Ziegler Strahlen- und Medizintechnik AG,,unmatched,0.0
"Edgio, Inc.",EGIO,fuzzy,88.88888888888889
Eguana Technologies Inc.,EGAN,fuzzy,80.0
"Eiger BioPharmaceuticals, Inc.",,unmatched,0.0
Elanor Commercial Property Fund,,unmatched,0.0
Electra Battery Materials Corporation,,unmatched,0.0
Elektroimportøren AS,,unmatched,0.0
Elevance Health Inc.,,unmatched,0.0
Elliptic Laboratories ASA,,unmatched,0.0
Elmera Group ASA,,unmatched,0.0
Elopak ASA,,unmatched,0.0
Else Nutrition Holdings Inc.,,unmatched,0.0
Embecta Corp.,,unmatched,0.0
Emerge Commerce Ltd.,,unmatched,0.0
Empire Petroleum Corporation,,unmatched,0.0
Empresaria Group plc,,unmatched,0.0
Endeavour Group Limited,,unmatched,0.0
"Energy Vault Holdings, Inc.",,unmatched,0.0
Enero Group Limited,ENER,fuzzy,88.88888888888889
ENGAGE XR Holdings plc,,unmatched,0.0
engcon AB (publ),,unmatched,0.0
Engie SA,ENG,fuzzy,75.0
"Enhabit, Inc.",,unmatched,0.0
Enovis Corporation,ENOV,fuzzy,80.0
Enovix Corporation,ENOV,fuzzy,80.0
Enstar Group Limited,ENTA,fuzzy,80.0
Enteq Technologies Plc,,unmatched,0.0
"Envirotech Vehicles, Inc.",,unmatched,0.0
Enviva Inc.,ENVA,fuzzy,80.0
EPH European Property Holdings Limited,,unmatched,0.0
EQB Inc.,EQBK,fuzzy,85.71428571428572
"Equinix, Inc.",,unmatched,0.0
ESAB Corporation,ESAB,exact,100.0
"Escalade, Incorporated",,unmatched,0.0
Escorts Kubota Limited,,unmatched,0.0
"Esports Technologies, Inc.",,unmatched,0.0
ESR Group Limited,ESPR,fuzzy,85.71428571428572
Euro Manganese Inc.,,unmatched,0.0
Evaxion Biotech A S,,unmatched,0.0
Eveready Industries India Limited,,unmatched,0.0
EverGen Infrastructure Corp.,,unmatched,0.0
"EVgo, Inc.",EVGO,exact,100.0
"EVmo, Inc.",EVCM,fuzzy,75.0
Evolution AB (publ),,unmatched,0.0
"Excelerate Energy, Inc.",,unmatched,0.0
Exclusive Networks SA,,unmatched,0.0
Exide Industries Limited,,unmatched,0.0
"Exodus Movement, Inc.",,unmatched,0.0
Exscientia plc,,unmatched,0.0
EZFill Holdings Inc.,EZFL,fuzzy,80.0
E Automotive Inc.,,unmatched,0.0
F&C Investment Trust PLC,,unmatched,0.0
"F5, Inc.",,unmatched,0.0
FansUnite Entertainment Inc.,,unmatched,0.0
Fasadgruppen Group AB (publ),,unmatched,0.0
Ferreycorp S.A.A.,,unmatched,0.0
Fevertree Drinks PLC,,unmatched,0.0
Fiducian Group Ltd,,unmatched,0.0
Fino Payments Bank Limited,,unmatched,0.0
Fintel Plc,INTC,fuzzy,90.9090909090909
FinWise Bancorp,,unmatched,0.0
First Majestic Silver Corp.,,unmatched,0.0
Five Star Bancorp,,unmatched,0.0
"Flexible Solutions International, Inc.",,unmatched,0.0
Flow Beverage Corp.,,unmatched,0.0
FL Entertainment N.V.,,unmatched,0.0
FNM S.p.A.,,unmatched,0.0
Fobi AI Inc.,,unmatched,0.0
Fondul Proprietatea SA,,unmatched,0.0
Ford Motor Company,F,known,100.0
Foresight Group Holdings Limited,,unmatched,0.0
"Forge Global Holdings, Inc.",,unmatched,0.0
Forian Inc.,FORA,fuzzy,80.0
"Formula One Group, Liberty Media Corporation, The Liberty Braves Group, The Liberty SiriusXM Group",,unmatched,0.0
Fractal Gaming Group AB (publ),,unmatched,0.0
Fragbite Group AB (publ),,unmatched,0.0
"Franklin BSP Realty Trust, Inc.",,unmatched,0.0
Frasers Centrepoint Trust,,unmatched,0.0
"Fresh Tracks Therapeutics, Inc.",,unmatched,0.0
Frontier Real Estate Investment Corporation,,unmatched,0.0
FTAI Infrastructure Inc.,,unmatched,0.0
Full Truck Alliance Co. Ltd.,,unmatched,0.0
Fusion Fuel Green PLC,,unmatched,0.0
Fusion Micro Finance Limited,,unmatched,0.0
Future Generation Global Investment Company Limited,,unmatched,0.0
"Galaxy Next Generation, Inc.",,unmatched,0.0
GameSquare Esports Inc.,,unmatched,0.0
Gamma Communications plc,,unmatched,0.0
"GCC, S.A.B. de C.V.",,unmatched,0.0
GCM Mining Corp.,,unmatched,0.0
Gecina,,unmatched,0.0
"GEE Group, Inc.",GEEX,fuzzy,85.71428571428572
"Gelesis Holdings, Inc.",,unmatched,0.0
Gelion plc,LION,fuzzy,80.0
Genex Power Limited,,unmatched,0.0
"Genius Brands International, Inc.",,unmatched,0.0
Genscript Biotech Corporation,,unmatched,0.0
Gentian Diagnostics AS,,unmatched,0.0
Gentian Diagnostics ASA,,unmatched,0.0
"GeoVax Labs, Inc.",,unmatched,0.0
GetBusy plc,,unmatched,0.0
Getinge AB (publ),,unmatched,0.0
"Getty Images Holdings, Inc.",,unmatched,0.0
"Global Business Travel Group, Inc.",,unmatched,0.0
"GMO internet group, Inc.",,unmatched,0.0
GMR Airports Infrastructure Limited,,unmatched,0.0
Goldiam International Limited,,unmatched,0.0
Gold Royalty Corp.,,unmatched,0.0
Grab Holdings Limited,GRA,fuzzy,85.71428571428572
Grand City Properties S.A.,,unmatched,0.0
"Granite Ridge Resources, Inc.",,unmatched,0.0
Great Elm Capital Corp.,,unmatched,0.0
GreenFirst Forest Products Inc.,,unmatched,0.0
Greenland Technologies Holding Corporation,,unmatched,0.0
Greenlane Renewables Inc.,,unmatched,0.0
Green Hydrogen Systems A S,,unmatched,0.0
"Green Minerals AS, SeaBird Exploration Plc",,unmatched,0.0
"Grenergy Renovables, S.A.",,unmatched,0.0
"Grifols, S.A.",,unmatched,0.0
"Gritstone bio, Inc.",,unmatched,0.0
"Grosvenor Capital Management, L.P.",,unmatched,0.0
Groupe Gorgé SA,,unmatched,0.0
"Grove Collaborative Holdings, Inc.",,unmatched,0.0
Growens S.p.A.,,unmatched,0.0
"Grupa Azoty S.A., Grupa Azoty Zaklady Azotowe Pulawy S.A, Grupa Azoty Zaklady Chemiczne Police S.A.",,unmatched,0.0
"Grupa Azoty S.A., Grupa Azoty Zaklady Azotowe Pulawy S.A",,unmatched,0.0
Grupa Kety S.A.,,unmatched,0.0
Grupo Gicsa S.A.B. de C.V.,,unmatched,0.0
GSK plc,GSKY,fuzzy,85.71428571428572
Guararapes Confecções S.A.,,unmatched,0.0
Gufic Biosciences Limited,,unmatched,0.0
Gujarat Mineral Development Corporation Limited,,unmatched,0.0
Gulf Keystone Petroleum Limited,,unmatched,0.0
GURU Organic Energy Corp.,,unmatched,0.0
"Hagerty, Inc.",,unmatched,0.0
Haivision Systems Inc.,,unmatched,0.0
Haleon plc,AEON,fuzzy,80.0
"Hang Lung Properties Limited, Hang Lung Group Limited",,unmatched,0.0
Hanza AB (publ),,unmatched,0.0
Happiest Minds Technologies Limited,,unmatched,0.0
"Harbor Custom Development, Inc.",,unmatched,0.0
HarbourVest Global Private Equity Ltd.,,unmatched,0.0
"HashiCorp, Inc.",,unmatched,0.0
HAV Group ASA,,unmatched,0.0
"Heineken Holding N.V., Heineken N.V.",,unmatched,0.0
"Heliogen, Inc.",,unmatched,0.0
Hellenic Petroleum Holdings Societe Anonyme,,unmatched,0.0
HELLENiQ ENERGY Holdings S.A.,,unmatched,0.0
Heranba Industries Limited,,unmatched,0.0
Hexagon Purus ASA,,unmatched,0.0
Hexicon AB (publ),,unmatched,0.0
"HF Sinclair Corporation, Holly Energy Partners, L.P.",,unmatched,0.0
Hill & Smith PLC,,unmatched,0.0
Hindware Home Innovation Limited,,unmatched,0.0
Hipages Group Holdings Limited,,unmatched,0.0
Hippo Holdings Inc.,HIPO,fuzzy,88.88888888888889
Hire Technologies Inc.,AIRE,fuzzy,75.0
Hitachi Energy India Limited,,unmatched,0.0
HomeToGo SE,,unmatched,0.0
Home First Finance Company India Limited,,unmatched,0.0
HOOKIPA Pharma Inc.,,unmatched,0.0
Horisont Energi AS,,unmatched,0.0
"Humacyte, Inc.",,unmatched,0.0
HusCompagniet A S,,unmatched,0.0
"Huuuge, Inc.",,unmatched,0.0
"HYBE Co., Ltd.",CYBE,fuzzy,75.0
HydrogenPro AS,,unmatched,0.0
HydrogenPro ASA,,unmatched,0.0
Hywin Holdings Ltd.,,unmatched,0.0
Hyzon Motors Inc.,,unmatched,0.0
H World Group Limited,,unmatched,0.0
I-Tech AB,,unmatched,0.0
"iBio, Inc.",IBIO,exact,100.0
Icade,CADE,fuzzy,88.88888888888889
Icelandair Group hf.,,unmatched,0.0
Icelandic Salmon AS,,unmatched,0.0
ICG Enterprise Trust PLC,,unmatched,0.0
"IDEAYA Biosciences, Inc.",,unmatched,0.0
IHS Holding Limited,,unmatched,0.0
Ilika plc,,unmatched,0.0
Iluka Resources Limited,,unmatched,0.0
Immobiliare Grande Distribuzione SIIQ SpA,,unmatched,0.0
Immunicum AB (publ),,unmatched,0.0
Immunocore Holdings plc,,unmatched,0.0
ImmunoPrecise Antibodies Ltd.,,unmatched,0.0
Implantica AG,,unmatched,0.0
"Imunon, Inc.",IMNN,fuzzy,80.0
IM Cannabis Corp.,,unmatched,0.0
Incap Oyj,,unmatched,0.0
Indiabulls Real Estate Limited,,unmatched,0.0
India Pesticides Limited,,unmatched,0.0
"indie Semiconductor, Inc.",,unmatched,0.0
Indiva Limited,INDI,fuzzy,80.0
Industrial & Commercial Bank of China Ltd.,,unmatched,0.0
INEO Tech Corp.,,unmatched,0.0
"InfuSystem Holdings, Inc.",,unmatched,0.0
"Inhibikase Therapeutics, Inc.",,unmatched,0.0
Innovid Corp.,,unmatched,0.0
InPost S.A.,INST,fuzzy,80.0
Insignia Financial Ltd.,,unmatched,0.0
Inspirato Incorporated,,unmatched,0.0
IntegraFin Holdings plc,,unmatched,0.0
Intelligent Bio Solutions Inc.,,unmatched,0.0
"Intellinetics, Inc.",,unmatched,0.0
Intercos S.p.A.,,unmatched,0.0
International Consolidated Airlines Group S.A.,,unmatched,0.0
International Distributions Services plc,,unmatched,0.0
"Invivyd, Inc.",,unmatched,0.0
"INVO Bioscience, Inc.",,unmatched,0.0
IOL Chemicals and Pharmaceuticals Limited,,unmatched,0.0
"IonQ, Inc.",IONQ,exact,100.0
IQE plc,,unmatched,0.0
IQGeo Group plc,GEO,fuzzy,75.0
Iris Energy Limited,,unmatched,0.0
IRLAB Therapeutics AB (publ),,unmatched,0.0
Isofol Medical AB (publ),,unmatched,0.0
iSpecimen Inc.,,unmatched,0.0
Isuzu Motors Limited,,unmatched,0.0
Itaúsa S.A.,IAU,fuzzy,85.71428571428572
Iveco Group N.V.,,unmatched,0.0
I G Petrochemicals Limited,,unmatched,0.0
Íslandsbanki hf.,,unmatched,0.0
J&J Snack Foods Corp.,,unmatched,0.0
Jacobs Solutions Inc.,,unmatched,0.0
"JBS S.A., JBS USA LLC",,unmatched,0.0
"JD Logistics, Inc.",,unmatched,0.0
JD Sports Fashion plc,,unmatched,0.0
Jervois Global Limited,,unmatched,0.0
Jianpu Technology Inc.,,unmatched,0.0
JK Paper Limited,,unmatched,0.0
"Joby Aviation, Inc.",,unmatched,0.0
Johns Lyng Group Limited,,unmatched,0.0
Jollibee Foods Corporation,,unmatched,0.0
Journey Medical Corporation,,unmatched,0.0
JSC Halyk Bank,,unmatched,0.0
JTEKT India Limited,,unmatched,0.0
Jumbo Interactive Limited,,unmatched,0.0
KakaoBank Corp.,,unmatched,0.0
Kalera Public Limited Company,,unmatched,0.0
Kalyan Jewellers India Limited,,unmatched,0.0
Kardex Holding AG,ADEX,fuzzy,80.0
Kasikornbank Public Company Limited,,unmatched,0.0
"Keypath Education International, Inc.",,unmatched,0.0
Kid ASA,,unmatched,0.0
Killam Apartment REIT,,unmatched,0.0
Kina Securities Limited,,unmatched,0.0
Kinetik Holdings Inc.,,unmatched,0.0
Kingsway Financial Services Inc.,,unmatched,0.0
KLCC Property Holdings Berhad,,unmatched,0.0
Klépierre,,unmatched,0.0
KMC Properties ASA,,unmatched,0.0
KMD Brands Limited,,unmatched,0.0
Knaus Tabbert AG,,unmatched,0.0
Knight-Swift Transportation Holdings Inc.,,unmatched,0.0
Knights Group Holdings plc,,unmatched,0.0
Knowit AB (publ),,unmatched,0.0
"Koil Energy Solutions, Inc.",,unmatched,0.0
"KORE Group Holdings, Inc.",KORE,exact,100.0
"KORU Medical Systems, Inc.",,unmatched,0.0
Kri-Kri Milk Industry S.A.,,unmatched,0.0
"Kymera Therapeutics, Inc.",,unmatched,0.0
"Kyndryl Holdings, Inc.",,unmatched,0.0
Kyoto Group AS,,unmatched,0.0
L'Occitane International S.A.,,unmatched,0.0
Lamar Advertising Company,,unmatched,0.0
Largo Inc.,,unmatched,0.0
Lark Distilling Co. Ltd,,unmatched,0.0
Lassila & Tikanoja Oyj,,unmatched,0.0
Latitude Group Holdings Limited,,unmatched,0.0
"Lawson Products, Inc.",,unmatched,0.0
"La Comer, S.A.B. de C.V.",,unmatched,0.0
"Leafly Holdings, Inc.",,unmatched,0.0
Leaf Mobile Inc.,,unmatched,0.0
Legend Holdings Corporation,LEGN,fuzzy,80.0
Lemonsoft Oyj,,unmatched,0.0
Lenta International public joint-stock company,,unmatched,0.0
"Lesaka Technologies, Inc.",,unmatched,0.0
Lesha Bank LLC,,unmatched,0.0
Li-Cycle Holdings Corp.,,unmatched,0.0
Liberty Broadband Corporation,,unmatched,0.0
Liberty Energy Inc.,,unmatched,0.0
"Liberty TripAdvisor Holdings, Inc.",,unmatched,0.0
Life Insurance Corporation of India,,unmatched,0.0
"Light & Wonder, Inc.",,unmatched,0.0
LINK Mobility Group Holding ASA,,unmatched,0.0
Liontrust Asset Management PLC,,unmatched,0.0
Lion Corporation,LION,exact,100.0
"Lisata Therapeutics, Inc.",,unmatched,0.0
Lite-On Technology Corporation,,unmatched,0.0
LiveChat Software S.A.,,unmatched,0.0
"LL Flooring Holdings, Inc.",,unmatched,0.0
LMK Group AB (publ),,unmatched,0.0
Local Bounti Corporation,,unmatched,0.0
"LogicMark, Inc.",,unmatched,0.0
Longeveron Inc.,,unmatched,0.0
Lonza Group AG,LNZA,fuzzy,88.88888888888889
Lottery.com Inc.,,unmatched,0.0
Lotus Bakeries NV,,unmatched,0.0
Loungers plc,,unmatched,0.0
LPKF Laser & Electronics AG,,unmatched,0.0
Luceco plc,CECO,fuzzy,80.0
Lucid Diagnostics Inc.,,unmatched,0.0
Luckin Coffee Inc.,,unmatched,0.0
Lumi Gruppen AS,,unmatched,0.0
"LungLife AI, Inc.",,unmatched,0.0
LXP Industrial Trust,,unmatched,0.0
M.T.I Wireless Edge Ltd.,,unmatched,0.0
Maanshan Iron & Steel Company Limited,,unmatched,0.0
Mach7 Technologies Limited,ACH,fuzzy,75.0
"Macronix International Co., Ltd.",,unmatched,0.0
Macrotech Developers Limited,,unmatched,0.0
"Madrigal Pharmaceuticals, Inc.",,unmatched,0.0
Mad Paws Holdings Limited,,unmatched,0.0
Magnachip Semiconductor Corporation,,unmatched,0.0
Manawa Energy Limited,,unmatched,0.0
Mangalam Cement Limited,,unmatched,0.0
"Mani, Inc.",MAN,fuzzy,85.71428571428572
Man Group Limited,MAN,exact,100.0
Mapletree Pan Asia Commercial Trust,,unmatched,0.0
"Marathon Digital Holdings, Inc.",,unmatched,0.0
Markforged Holding Corporation,,unmatched,0.0
Marksans Pharma Limited,,unmatched,0.0
Marks Electrical Group PLC,,unmatched,0.0
"Marpai, Inc.",ARAI,fuzzy,80.0
Marston's PLC,,unmatched,0.0
"Mativ Holdings, Inc.",MATV,fuzzy,88.88888888888889
"Mawson Infrastructure Group, Inc.",,unmatched,0.0
"Maxell, Ltd.",,unmatched,0.0
Max Healthcare Institute Limited,,unmatched,0.0
Max Stock Ltd.,,unmatched,0.0
Maytronics Ltd.,,unmatched,0.0
MCB Bank Limited,,unmatched,0.0
"MedAvail Holdings, Inc.",,unmatched,0.0
Medistim ASA,,unmatched,0.0
medmix AG,,unmatched,0.0
Mednow Inc.,DNOW,fuzzy,80.0
MedPlus Health Services Limited,,unmatched,0.0
Mega Lifesciences Public Company Limited,,unmatched,0.0
Meko AB,,unmatched,0.0
Mercedes-Benz Group AG,,unmatched,0.0
Metarock Group Limited,MRK,fuzzy,76.92307692307692
Meta Materials Inc.,,unmatched,0.0
"Meta Platforms, Inc.",META,known,100.0
Metropolitan Bank Holding Corp.,,unmatched,0.0
Metro Brands Limited,,unmatched,0.0
MFE-MediaForEurope N.V.,,unmatched,0.0
Micro-X Limited,,unmatched,0.0
Micro Systemation AB (publ),,unmatched,0.0
MidCap Financial Investment Corporation,,unmatched,0.0
Midwich Group plc,,unmatched,0.0
MilDef Group AB (publ),,unmatched,0.0
"MillerKnoll, Inc.",,unmatched,0.0
Mind Gym plc,,unmatched,0.0
MINEBEA MITSUMI Inc.,,unmatched,0.0
"Minerva Surgical, Inc.",,unmatched,0.0
"MiNK Therapeutics, Inc.",,unmatched,0.0
Mips AB (publ),,unmatched,0.0
MIRAIT ONE Corporation,,unmatched,0.0
Mission Ready Solutions Inc.,,unmatched,0.0
Mitsubishi Chemical Group Corporation,,unmatched,0.0
"Mitsui Chemicals, Inc.",,unmatched,0.0
MJ Gleeson plc,,unmatched,0.0
Modelon AB (publ),,unmatched,0.0
Modern Times Group MTG AB (publ),,unmatched,0.0
Modiv Inc.,MODV,fuzzy,88.88888888888889
Modulight Oyj,,unmatched,0.0
"Moleculin Biotech, Inc.",,unmatched,0.0
Molten Ventures Plc,,unmatched,0.0
momo.com Inc.,,unmatched,0.0
"Mondee Holdings, Inc.",,unmatched,0.0
Monde Nissin Corporation,,unmatched,0.0
Montana Aerospace AG,,unmatched,0.0
"Morinaga&Co., Ltd.",,unmatched,0.0
"Mota-Engil, SGPS, S.A.",,unmatched,0.0
"Motherson Sumi Systems Limited, Motherson Sumi Wiring India Limited",,unmatched,0.0
Motherson Sumi Wiring India Limited,,unmatched,0.0
Motorpoint Group Plc,,unmatched,0.0
Motorsport Games Inc.,,unmatched,0.0
Movano Inc.,,unmatched,0.0
"Moving iMage Technologies, Inc.",,unmatched,0.0
Mpac Group plc,MAC,fuzzy,85.71428571428572
MPC Energy Solutions N.V.,,unmatched,0.0
Mrs. Bectors Food Specialities Limited,,unmatched,0.0
Münchener Rückversicherungs-Gesellschaft Aktiengesellschaft,,unmatched,0.0
Mynaric AG,,unmatched,0.0
NaaS Technology Inc.,DNAA,fuzzy,75.0
Nabtesco Corporation,,unmatched,0.0
Nanalysis Scientific Corp.,,unmatched,0.0
Nanoform Finland Oyj,,unmatched,0.0
NanoXplore Inc.,,unmatched,0.0
"NAOS Ex-50 Opportunities Company Limited, NAOS Small Cap Opportunities Company Limited",,unmatched,0.0
NAOS Small Cap Opportunities Company Limited,,unmatched,0.0
National Aluminium Products Company SAOG,,unmatched,0.0
National Development Bank PLC,,unmatched,0.0
National Research Corporation,,unmatched,0.0
"Nautilus Biotechnology, Inc.",,unmatched,0.0
Nava Limited,AVA,fuzzy,85.71428571428572
Nayax Ltd.,NAYA,fuzzy,88.88888888888889
Nazara Technologies Limited,,unmatched,0.0
Nekkar ASA,,unmatched,0.0
Nepa AB (publ),,unmatched,0.0
NEPI Rockcastle S.A.,,unmatched,0.0
"NerdWallet, Inc.",,unmatched,0.0
Nestlé India Limited,,unmatched,0.0
Netcapital Inc.,,unmatched,0.0
NeuroOne Medical Technologies Corporation,,unmatched,0.0
Newron Pharmaceuticals S.p.A.,,unmatched,0.0
Newtopia Inc.,NEWTO,fuzzy,76.92307692307692
"Nextdoor Holdings, Inc.",,unmatched,0.0
Nexus Industrial REIT,,unmatched,0.0
NHOA S.A.,NOAC,fuzzy,75.0
Nickel Industries Limited,,unmatched,0.0
Nickel Mines Limited,,unmatched,0.0
Nightcap Plc,,unmatched,0.0
Nightingale Health Oyj,,unmatched,0.0
Nihon M&A Center Holdings Inc.,,unmatched,0.0
Ninety One Group,,unmatched,0.0
Nirlon Limited,IRON,fuzzy,80.0
NobleOak Life Limited,,unmatched,0.0
Noble Corporation Plc,,unmatched,0.0
"Noble Roman's, Inc.",,unmatched,0.0
Nokia Oyj,,unmatched,0.0
Norbit ASA,,unmatched,0.0
Norcros plc,,unmatched,0.0
Nordhealth AS,,unmatched,0.0
Nordic American Tankers Limited,,unmatched,0.0
Nordic Aqua Partners A S,,unmatched,0.0
Nordic Paper Holding AB (publ),,unmatched,0.0
Norsk Titanium AS,,unmatched,0.0
Northcoders Group PLC,,unmatched,0.0
Northstar Clean Technologies Inc.,,unmatched,0.0
North Media A S,,unmatched,0.0
Norva24 Group AB (Publ),,unmatched,0.0
Noumi Limited,OMI,fuzzy,75.0
noumi Limited,OMI,fuzzy,75.0
Novacyt S.A.,,unmatched,0.0
NowVertical Group Inc.,,unmatched,0.0
"NRx Pharmaceuticals, Inc.",,unmatched,0.0
NuScale Power Corporation,,unmatched,0.0
Nu Holdings Ltd.,NEU,fuzzy,80.0
Nykode Therapeutics AS,,unmatched,0.0
"Oblong, Inc.",BLNG,fuzzy,80.0
Oblong Inc.,BLNG,fuzzy,80.0
Observe Medical ASA,,unmatched,0.0
ObsEva SA,,unmatched,0.0
OCI Company Ltd.,OBCI,fuzzy,85.71428571428572
OKP Holdings Limited,,unmatched,0.0
Olam Group Limited,COLM,fuzzy,75.0
Oman Cables Industry SAOG,,unmatched,0.0
Omega Energia S.A.,,unmatched,0.0
OM Holdings Limited,OM,exact,100.0
Ondas Holdings Inc.,ONDS,fuzzy,88.88888888888889
Oneflow AB (publ),,unmatched,0.0
Open Orphan Plc,,unmatched,0.0
Organization of Football Prognostics S.A.,,unmatched,0.0
"ORIC Pharmaceuticals, Inc.",,unmatched,0.0
Oriental Weavers Carpets Company (S.A.E),,unmatched,0.0
Orient Electric Limited,,unmatched,0.0
Orion Office REIT Inc.,,unmatched,0.0
Orrön Energy AB (publ),,unmatched,0.0
Orthex Oyj,,unmatched,0.0
"Oshkosh Corporation, 3 Months Period Ending Dec 31",,unmatched,0.0
Osisko Development Corp.,,unmatched,0.0
OssDsign AB (publ),,unmatched,0.0
Otovo ASA,,unmatched,0.0
Outfront Media Inc.,,unmatched,0.0
OverActive Media Corp.,,unmatched,0.0
Ovzon AB (publ),,unmatched,0.0
"Owlet, Inc.",OWLT,fuzzy,88.88888888888889
OX2 AB (publ),,unmatched,0.0
PacWest Bancorp,,unmatched,0.0
Pagaya Technologies Ltd.,PAYA,fuzzy,80.0
"Paltalk, Inc.",,unmatched,0.0
Panasonic Holdings Corporation,,unmatched,0.0
Paramount Global,,unmatched,0.0
Parker Drilling Company,,unmatched,0.0
"Pathward Financial, Inc.",,unmatched,0.0
Patriot One Technologies Inc.,,unmatched,0.0
PATRIZIA SE,,unmatched,0.0
Payfare Inc.,,unmatched,0.0
PBG S.A.,BG,fuzzy,80.0
PB Fintech Limited,,unmatched,0.0
PCI-PAL PLC,,unmatched,0.0
"Pediatrix Medical Group, Inc.",,unmatched,0.0
"PENN Entertainment, Inc.",,unmatched,0.0
PensionBee Group plc,,unmatched,0.0
Peoplein Limited,,unmatched,0.0
Pepco Group N.V.,,unmatched,0.0
Pepper Money Limited,,unmatched,0.0
Peraso Inc.,ERAS,fuzzy,80.0
Perfect Corp.,,unmatched,0.0
Permian Resources Corporation,,unmatched,0.0
PETRONAS Dagangan Berhad,,unmatched,0.0
PetroNor E&P ASA,,unmatched,0.0
PetroNor E&P Limited,,unmatched,0.0
PetroTal Corp.,,unmatched,0.0
"PetVivo Holdings, Inc.",,unmatched,0.0
Pet Valu Holdings Ltd.,,unmatched,0.0
Pfeiffer Vacuum Technology AG,,unmatched,0.0
Physiomics Plc,,unmatched,0.0
Physitrack PLC,,unmatched,0.0
Picton Property Income Limited,,unmatched,0.0
Pierce Group AB (publ),,unmatched,0.0
Pieridae Energy Limited,,unmatched,0.0
Pioneer Credit Limited,,unmatched,0.0
Pivotree Inc.,,unmatched,0.0
Planet Labs PBC,,unmatched,0.0
Plant Health Care plc,,unmatched,0.0
Plus500 Ltd.,,unmatched,0.0
"PNM Resources, Inc.",,unmatched,0.0
POET Technologies Inc.,PET,fuzzy,85.71428571428572
Polaris Renewable Energy Inc.,,unmatched,0.0
Polestar Automotive Holding UK PLC,,unmatched,0.0
PolyPeptide Group AG,,unmatched,0.0
Polytec Holding AG,,unmatched,0.0
POSaBIT Systems Corporation,,unmatched,0.0
PPHE Hotel Group Limited,,unmatched,0.0
Predictive Oncology Inc.,,unmatched,0.0
"Presidio Property Trust, Inc.",,unmatched,0.0
Primaris Real Estate Investment Trust,,unmatched,0.0
Pro-Pac Packaging Limited,,unmatched,0.0
PROCEPT BioRobotics Corporation,,unmatched,0.0
"Processa Pharmaceuticals, Inc.",,unmatched,0.0
ProCook Group plc,,unmatched,0.0
Profoto Holding AB (publ),,unmatched,0.0
ProFrac Holding Corp.,,unmatched,0.0
"Progenity, Inc.",,unmatched,0.0
Propel Holdings Inc.,PROP,fuzzy,80.0
PropertyGuru Limited,,unmatched,0.0
Proximar Seafood AS,,unmatched,0.0
Pryme B.V.,,unmatched,0.0
PSC Insurance Group Limited,,unmatched,0.0
PT GoTo Gojek Tokopedia Tbk,,unmatched,0.0
PT Indosat Ooredoo Hutchison Tbk,,unmatched,0.0
PUMA SE,HUMA,fuzzy,75.0
Punjab & Sind Bank,,unmatched,0.0
Pure Gold Mining Inc.,,unmatched,0.0
PYC Therapeutics Limited,,unmatched,0.0
PyroGenesis Canada Inc.,,unmatched,0.0
Qatar Cinema and Film Distribution Co. (Q.P.S.C),,unmatched,0.0
Qiagen N.V.,,unmatched,0.0
Qisda Corporation,IDA,fuzzy,75.0
QleanAir AB (publ),,unmatched,0.0
Qliro AB (publ),,unmatched,0.0
Qt Group Oyj,,unmatched,0.0
Quantum-Si incorporated,,unmatched,0.0
Quantum Foods Holdings Ltd,,unmatched,0.0
Quartix Technologies Plc,,unmatched,0.0
QuickBit eu AB (publ),,unmatched,0.0
QuidelOrtho Corporation,,unmatched,0.0
"Qurate Retail Group, Inc., Qurate Retail, Inc.",,unmatched,0.0
RAK Ceramics (Bangladesh) Limited,,unmatched,0.0
Rana Gruber ASA,,unmatched,0.0
"Rand Merchant Investment Holdings Limited, OUTsurance Holdings Limited",,unmatched,0.0
"Rani Therapeutics Holdings, Inc.",,unmatched,0.0
RateGain Travel Technologies Limited,,unmatched,0.0
Rathbones Group Plc,,unmatched,0.0
RATIONAL Aktiengesellschaft,,unmatched,0.0
RA International Group PLC,,unmatched,0.0
Reach Subsea ASA,,unmatched,0.0
REACT Group PLC,ACT,fuzzy,75.0
Record plc,ECOR,fuzzy,80.0
Redde Northgate plc,,unmatched,0.0
Redington Limited,,unmatched,0.0
Redwire Corporation,,unmatched,0.0
Red 5 Limited,,unmatched,0.0
"Red Cat Holdings, Inc.",,unmatched,0.0
REE Automotive Ltd.,,unmatched,0.0
Regal Partners Limited,,unmatched,0.0
Renalytix Plc,,unmatched,0.0
ReNew Energy Global Plc,,unmatched,0.0
Renew Holdings plc,RENE,fuzzy,88.88888888888889
Renold plc,RENO,fuzzy,80.0
Restaurant Brands Asia Limited,,unmatched,0.0
Ricardo plc,,unmatched,0.0
"Riley Exploration Permian, Inc.",,unmatched,0.0
Rithm Capital Corp.,,unmatched,0.0
Rivalry Corp.,,unmatched,0.0
"Rivian Automotive, Inc.",,unmatched,0.0
Robinsons Land Corporation,,unmatched,0.0
"Robinsons Retail Holdings, Inc.",,unmatched,0.0
"Rocky Mountain Chocolate Factory, Inc.",,unmatched,0.0
Roivant Sciences Ltd.,,unmatched,0.0
Rottneros AB (publ),,unmatched,0.0
Royal Orchid Hotels Limited,,unmatched,0.0
RSWM Limited,SWM,fuzzy,85.71428571428572
RS Group plc,RS,exact,100.0
RTW Venture Fund Limited,,unmatched,0.0
RUA Life Sciences plc,,unmatched,0.0
Rugvista Group AB (publ),,unmatched,0.0
Runway Growth Finance Corp.,,unmatched,0.0
RVL Pharmaceuticals plc,,unmatched,0.0
RVRC Holding AB (publ),,unmatched,0.0
RWS Holdings plc,CRWS,fuzzy,85.71428571428572
"Ryan Specialty Holdings, Inc.",,unmatched,0.0
Ryvu Therapeutics S.A.,,unmatched,0.0
Ryvyl Inc.,RVYL,fuzzy,88.88888888888889
Saga Pure ASA,,unmatched,0.0
"Salesforce, Inc.",CRM,known,100.0
Salmon Evolution ASA,,unmatched,0.0
Salona Global Medical Device Corporation,,unmatched,0.0
SaltX Technology Holding AB (publ),,unmatched,0.0
Samsara Inc.,,unmatched,0.0
Samvardhana Motherson International Limited,,unmatched,0.0
Sanderson Design Group plc,,unmatched,0.0
Santam Ltd,ANTM,fuzzy,80.0
"SANUWAVE Health, Inc.",,unmatched,0.0
Sao Martinho SA,,unmatched,0.0
Sapphire Foods India Limited,,unmatched,0.0
Sarcos Technology and Robotics Corporation,,unmatched,0.0
"Sartorius Stedim Biotech S.A., Sartorius Aktiengesellschaft",,unmatched,0.0
Saturn Oil & Gas Inc.,,unmatched,0.0
Scandion Oncology A S,,unmatched,0.0
Scanfil Oyj,,unmatched,0.0
SCB X Public Company Limited,,unmatched,0.0
Schroder Real Estate Investment Trust Limited,,unmatched,0.0
"Scientific Industries, Inc.",,unmatched,0.0
Scout24 SE,,unmatched,0.0
scPharmaceuticals Inc.,,unmatched,0.0
SDX Energy plc,,unmatched,0.0
Seadrill Limited,,unmatched,0.0
Seco S.p.A.,,unmatched,0.0
secunet Security Networks Aktiengesellschaft,,unmatched,0.0
Securitas AB (publ),,unmatched,0.0
Seeka Limited,SENEA,fuzzy,80.0
"Semrush Holdings, Inc.",,unmatched,0.0
Sendas Distribuidora S.A.,,unmatched,0.0
Senetas Corporation Limited,SENEA,fuzzy,83.33333333333334
Seplat Energy Plc,,unmatched,0.0
Sequoia Economic Infrastructure Income Fund Limited,,unmatched,0.0
Seraphim Space Investment Trust Plc,,unmatched,0.0
"Sera Prognostics, Inc.",,unmatched,0.0
Serinus Energy plc,,unmatched,0.0
SES AI Corporation,,unmatched,0.0
Seven Hills Realty Trust,,unmatched,0.0
"Shapeways Holdings, Inc.",,unmatched,0.0
Shell plc,,unmatched,0.0
SigmaRoc plc,,unmatched,0.0
Sikri Holding ASA,,unmatched,0.0
Silvercorp Metals Inc.,,unmatched,0.0
SIMPAR S.A.,IPAR,fuzzy,80.0
Simply Better Brands Corp.,,unmatched,0.0
SinoPac Financial Holdings Company Limited,,unmatched,0.0
Sirca Paints India Limited,,unmatched,0.0
Sitio Royalties Corp.,,unmatched,0.0
Sitowise Group Oyj,,unmatched,0.0
SJVN Limited,BSVN,fuzzy,75.0
Skandinaviska Enskilda Banken AB (publ),,unmatched,0.0
Skipper Limited,,unmatched,0.0
SkiStar AB (publ),,unmatched,0.0
Sleep Cycle AB (publ),,unmatched,0.0
SmartCraft ASA,,unmatched,0.0
SNDL Inc.,SND,fuzzy,85.71428571428572
Snowman Logistics Limited,,unmatched,0.0
SofWave Medical Ltd.,,unmatched,0.0
"Solaria Energía y Medio Ambiente, S.A.",,unmatched,0.0
"Solid Power, Inc.",,unmatched,0.0
"Solo Brands, Inc.",,unmatched,0.0
Sona BLW Precision Forgings Limited,,unmatched,0.0
Sonder Holdings Inc.,SNDR,fuzzy,80.0
"Sonendo, Inc.",,unmatched,0.0
"Sonida Senior Living, Inc.",,unmatched,0.0
Sono Group N.V.,,unmatched,0.0
SOPHiA GENETICS SA,,unmatched,0.0
Sosandar Plc,,unmatched,0.0
"SoundHound AI, Inc.",,unmatched,0.0
"Source Capital, Inc.",,unmatched,0.0
Spacetalk Limited,,unmatched,0.0
SpareBank 1 Ostlandet,,unmatched,0.0
"SPAR Group, Inc.",SPHAR,fuzzy,88.88888888888889
"Spire Global, Inc.",,unmatched,0.0
Spirit Technology Solutions Ltd,,unmatched,0.0
"SPI Energy Co., Ltd.",,unmatched,0.0
Sportradar Group AG,,unmatched,0.0
"Sportsman's Warehouse Holdings, Inc.",,unmatched,0.0
"SPX Technologies, Inc.",SNPX,fuzzy,85.71428571428572
SRT Marine Systems plc,,unmatched,0.0
SSH Communications Security Oyj,,unmatched,0.0
Standard BioTools Inc.,,unmatched,0.0
Star Health and Allied Insurance Company Limited,,unmatched,0.0
Stealth Global Holdings Limited,,unmatched,0.0
"Stellar Bancorp, Inc.",,unmatched,0.0
STEP Energy Services Ltd.,,unmatched,0.0
Sterling and Wilson Renewable Energy Limited,,unmatched,0.0
"Sterling Infrastructure, Inc.",,unmatched,0.0
STV Group plc,PSTV,fuzzy,85.71428571428572
Sulzer AG,,unmatched,0.0
Sumitomo Chemical India Limited,,unmatched,0.0
"Sumitomo Pharma Co., Ltd.",,unmatched,0.0
Superloop Limited,,unmatched,0.0
Supriya Lifescience Limited,,unmatched,0.0
"SurgePays, Inc.",,unmatched,0.0
Suryoday Small Finance Bank Limited,,unmatched,0.0
Swedencare AB (publ),,unmatched,0.0
"Sweetgreen, Inc.",,unmatched,0.0
Sylogist Ltd.,,unmatched,0.0
SYNLAB AG,SLAB,fuzzy,80.0
Synsam AB (publ),,unmatched,0.0
SYN prop e tech S.A.,,unmatched,0.0
Syrma SGS Technology Limited,,unmatched,0.0
"System1, Inc.",,unmatched,0.0
Taaleri Oyj,,unmatched,0.0
Taiga Motors Corporation,,unmatched,0.0
"Tandy Leather Factory, Inc.",,unmatched,0.0
Tantalus Systems Holding Inc.,,unmatched,0.0
Target Healthcare REIT PLC,,unmatched,0.0
Tarsons Products Limited,,unmatched,0.0
Tata Metaliks Limited,,unmatched,0.0
TD SYNNEX Corporation,,unmatched,0.0
Tecan Group AG,,unmatched,0.0
technotrans SE,,unmatched,0.0
"TECO Electric & Machinery Co., Ltd.",,unmatched,0.0
Tega Industries Limited,,unmatched,0.0
Tekna Holding AS,,unmatched,0.0
Tekna Holding ASA,,unmatched,0.0
Telekom Austria AG,,unmatched,0.0
Telesat Corporation,,unmatched,0.0
"Telesis Bio, Inc.",,unmatched,0.0
Tenet Fintech Group Inc.,,unmatched,0.0
"Tenon Medical, Inc.",,unmatched,0.0
Tern Plc,TERN,exact,100.0
Terran Orbital Corporation,,unmatched,0.0
Themis Medicare Limited,,unmatched,0.0
"Theriva Biologics, Inc.",,unmatched,0.0
"The Arena Group Holdings, Inc.",,unmatched,0.0
The Artisanal Spirits Company plc,,unmatched,0.0
The Descartes Systems Group Inc.,,unmatched,0.0
"The First Bancshares, Inc.",,unmatched,0.0
The First of Long Island Corporation,,unmatched,0.0
The GPT Group,,unmatched,0.0
The Greenrose Holding Company Inc.,,unmatched,0.0
The KCP Limited,,unmatched,0.0
The Lottery Corporation Limited,,unmatched,0.0
"The Oncology Institute, Inc.",,unmatched,0.0
The Pebble Group plc,,unmatched,0.0
The Real Brokerage Inc.,,unmatched,0.0
"The Real Good Food Company, Inc.",,unmatched,0.0
"Third Coast Bancshares, Inc.",,unmatched,0.0
Thomas Cook (India) Limited,,unmatched,0.0
"Thoughtworks Holding, Inc.",,unmatched,0.0
Thunderful Group AB,,unmatched,0.0
Tidewater Renewables Ltd.,,unmatched,0.0
"Tilray Brands, Inc.",,unmatched,0.0
Timken India Limited,,unmatched,0.0
Tinexta S.p.A.,,unmatched,0.0
Titomic Limited,,unmatched,0.0
Tobii Dynavox AB (publ),,unmatched,0.0
Tofas Türk Otomobil Fabrikasi Anonim Sirketi,,unmatched,0.0
Tokens.com Corp.,,unmatched,0.0
Tongcheng Travel Holdings Limited,,unmatched,0.0
Topaz Energy Corp.,,unmatched,0.0
Topgolf Callaway Brands Corp.,,unmatched,0.0
Top Shelf International Holdings Ltd,,unmatched,0.0
Totally plc,,unmatched,0.0
Tourism Holdings Limited,,unmatched,0.0
TPG Inc.,TPG,exact,100.0
Tracsis plc,,unmatched,0.0
Trajan Group Holdings Limited,,unmatched,0.0
Treatt plc,,unmatched,0.0
Tribe Property Technologies Inc.,,unmatched,0.0
Trifork Holding AG,,unmatched,0.0
Trinity Exploration & Production plc,,unmatched,0.0
"Tripadvisor, Inc.",,unmatched,0.0
Twin Vee Powercats Co.,,unmatched,0.0
TXT e-solutions S.p.A.,,unmatched,0.0
U.S. Energy Corp.,,unmatched,0.0
UBM Development AG,,unmatched,0.0
uCloudlink Group Inc.,,unmatched,0.0
UGE International Ltd.,,unmatched,0.0
Ujjivan Financial Services Limited,,unmatched,0.0
Unacem Corp S.A.A.,,unmatched,0.0
"Uni-President China Holdings Ltd, Uni-President Enterprises Corp., Ton Yi Industrial Corp., TTET Union Corporation",,unmatched,0.0
Unibail-Rodamco-Westfield,,unmatched,0.0
Unipol Gruppo S.p.A.,,unmatched,0.0
uniQure N.V.,,unmatched,0.0
"United States Cellular Corporation, Telephone and Data Systems, Inc.",,unmatched,0.0
Unite Group Plc,UNIT,fuzzy,88.88888888888889
UNO Minda Limited,,unmatched,0.0
Upsales Technology AB (publ),,unmatched,0.0
UP Global Sourcing Holdings plc,,unmatched,0.0
"USCB Financial Holdings, Inc.",,unmatched,0.0
UTI Asset Management Company Limited,,unmatched,0.0
U City Public Company Limited,,unmatched,0.0
V.I.P. Industries Limited,,unmatched,0.0
"Vacasa, Inc.",CASA,fuzzy,80.0
Vantage Towers AG,,unmatched,0.0
Vantiva S.A.,,unmatched,0.0
"Vaxart, Inc.",VXRT,fuzzy,80.0
"Vaxcyte, Inc.",,unmatched,0.0
Vår Energi AS,,unmatched,0.0
Vedant Fashions Limited,,unmatched,0.0
VEF AB (Publ),,unmatched,0.0
"Velo3D, Inc.",VELO,fuzzy,80.0
"Ventyx Biosciences, Inc.",,unmatched,0.0
Verde AgriTech Ltd,,unmatched,0.0
Verde Agritech Ltd.,,unmatched,0.0
Verici Dx plc,,unmatched,0.0
"Veris Residential, Inc.",,unmatched,0.0
"Vext Science, Inc.",,unmatched,0.0
Viaplay Group AB (publ),,unmatched,0.0
Via S.A.,VIA,exact,100.0
Vibra Energia S.A.,,unmatched,0.0
Vicat S.A.,VIACA,fuzzy,80.0
Victoria PLC,,unmatched,0.0
Videndum Plc,,unmatched,0.0
Vimian Group AB (publ),,unmatched,0.0
"Virios Therapeutics, Inc.",,unmatched,0.0
Vishnu Chemicals Limited,,unmatched,0.0
Vision Inc.,SION,fuzzy,80.0
"VistaGen Therapeutics, Inc.",,unmatched,0.0
"Vista Energy, S.A.B. de C.V.",,unmatched,0.0
Vitalhub Corp.,,unmatched,0.0
Vitasoy International Holdings Limited,,unmatched,0.0
Vitesco Technologies Group Aktiengesellschaft,,unmatched,0.0
Vivesto AB,,unmatched,0.0
Vodafone Group Public Limited Company,,unmatched,0.0
Volex plc,,unmatched,0.0
Volue ASA,,unmatched,0.0
VOW ASA,,unmatched,0.0
VSBLTY Groupe Technologies Corp.,,unmatched,0.0
Vukile Property Fund Limited,,unmatched,0.0
VZ Holding AG,VZ,exact,100.0
W.A.G payment solutions plc,,unmatched,0.0
Wallbox N.V.,,unmatched,0.0
WAM Global Limited,,unmatched,0.0
Warehouses De Pauw,,unmatched,0.0
"Warner Bros. Discovery, Inc.",,unmatched,0.0
Warpaint London PLC,,unmatched,0.0
Washington H. Soul Pattinson and Company Limited,,unmatched,0.0
Waypoint REIT,,unmatched,0.0
Webcentral Limited,,unmatched,0.0
Weebit Nano Limited,,unmatched,0.0
Wejo Group Limited,,unmatched,0.0
Westlake Corporation,,unmatched,0.0
"Westrock Coffee Company, LLC",,unmatched,0.0
Westwing Group SE,,unmatched,0.0
Wilson Sons Holdings Brasil S.A.,,unmatched,0.0
"WiSA Technologies, Inc.",WISA,exact,100.0
Wishpond Technologies Ltd.,,unmatched,0.0
Woodside Energy Group Ltd,,unmatched,0.0
XAI Octagon Floating Rate & Alternative Income Term Trust,,unmatched,0.0
"Xos, Inc.",XOS,exact,100.0
Xperi Inc.,XPER,fuzzy,88.88888888888889
Xplora Technologies AS,,unmatched,0.0
XPS Pensions Group plc,,unmatched,0.0
XP Power Limited,,unmatched,0.0
Xtract One Technologies Inc.,,unmatched,0.0
"XWELL, Inc.",WELL,fuzzy,88.88888888888889
Yancoal Australia Ltd,,unmatched,0.0
Yunhong CTI Ltd.,,unmatched,0.0
Zamp S.A.,AMP,fuzzy,85.71428571428572
Zaptec AS,,unmatched,0.0
Zenvia Inc.,ENVA,fuzzy,80.0
ZimVie Inc.,ZIMV,fuzzy,80.0
Zomato Limited,,unmatched,0.0
Zoomd Technologies Ltd.,ZOM,fuzzy,75.0
ZOO Digital Group plc,,unmatched,0.0
Zordix AB (publ),,unmatched,0.0
Zotefoams plc,,unmatched,0.0
Zurn Elkay Water Solutions Corporation,,unmatched,0.0
Zwipe AS,,unmatched,0.0
Zydus Lifesciences Limited,,unmatched,0.0
Zymeworks Inc.,,unmatched,0.0
20 Microns Limited,,unmatched,0.0
360 One Wam Limited,,unmatched,0.0
3R Petroleum Óleo e Gás S.A.,,unmatched,0.0
4C Group AB (publ),,unmatched,0.0
51Talk Online Education Group,,unmatched,0.0
5E Advanced Materials Inc.,,unmatched,0.0
AAC Clyde Space AB (publ),,unmatched,0.0
About You Holding SE,,unmatched,0.0
abrdn Private Equity Opportunities Trust plc,,unmatched,0.0
Abu Dhabi Islamic Bank PJSC,,unmatched,0.0
AB Siauliu Bankas,,unmatched,0.0
Acarix AB (publ),,unmatched,0.0
Accelleron Industries AG,,unmatched,0.0
"ACC Limited, Ambuja Cements Limited",,unmatched,0.0
"Acelyrin, Inc.",,unmatched,0.0
"Aclaris Therapeutics, Inc.",,unmatched,0.0
"ACM Research (Shanghai), Inc.",,unmatched,0.0
Acrux Limited,ACRX,fuzzy,88.88888888888889
"Actelis Networks, Inc.",,unmatched,0.0
"Adams Resources & Energy, Inc.",,unmatched,0.0
Adani Energy Solutions Limited,,unmatched,0.0
Adani Power Limited,,unmatched,0.0
Adani Wilmar Limited,,unmatched,0.0
ADDvise Group AB (publ),,unmatched,0.0
ADENTRA Inc.,,unmatched,0.0
adesso SE,ADES,fuzzy,80.0
Aditya Birla Sun Life AMC Ltd.,,unmatched,0.0
"Advanced Emissions Solutions, Inc.",,unmatched,0.0
"Aedas Homes, S.A.",,unmatched,0.0
Aedifica NV SA,,unmatched,0.0
AgroGalaxy Participações S.A.,,unmatched,0.0
AIM ImmunoTech Inc.,,unmatched,0.0
AirAsia X Berhad,,unmatched,0.0
Ajmera Realty & Infra India Limited,,unmatched,0.0
Akobo Minerals AB (publ),,unmatched,0.0
Alarum Technologies Ltd.,ALRM,fuzzy,80.0
"Alector, Inc.",,unmatched,0.0
"Alexander's, Inc., Vornado Realty Trust",,unmatched,0.0
Alfa S.A.B. de C.V.,,unmatched,0.0
Aliansce Sonae Shopping Centers S.A.,,unmatched,0.0
Allcargo Gati Limited,,unmatched,0.0
Allego N.V.,,unmatched,0.0
Alleima AB (publ),,unmatched,0.0
Allied Gaming & Entertainment Inc.,,unmatched,0.0
Allient Inc.,,unmatched,0.0
Allos S.A.,ALLO,fuzzy,88.88888888888889
Alro S.A.,ALR,fuzzy,85.71428571428572
Altamir SCA,,unmatched,0.0
"AlTi Global, Inc.",,unmatched,0.0
Alvotech,,unmatched,0.0
Amara Raja Batteries Limited,,unmatched,0.0
Amara Raja Energy & Mobility Limited,,unmatched,0.0
Americana Restaurants International PLC,,unmatched,0.0
American Coastal Insurance Corporation,,unmatched,0.0
"American Oncology Network, Inc.",,unmatched,0.0
American Strategic Investment Co.,,unmatched,0.0
AMG Critical Materials N.V.,,unmatched,0.0
Ami Organics Limited,,unmatched,0.0
"AmpliTech Group, Inc.",,unmatched,0.0
Andfjord Salmon AS,,unmatched,0.0
"Angel Oak Mortgage REIT, Inc.",,unmatched,0.0
Antin Infrastructure Partners S.A.,,unmatched,0.0
Antin Infrastructure Partners SAS,,unmatched,0.0
Anupam Rasayan India Ltd,,unmatched,0.0
ANZ Group Holdings Limited,ANZU,fuzzy,85.71428571428572
APAR Industries Limited,,unmatched,0.0
APM Human Services International Limited,,unmatched,0.0
Applied Digital Corporation,,unmatched,0.0
Aptamer Group plc,,unmatched,0.0
Aquila Holdings ASA,,unmatched,0.0
Arabian Drilling Company,,unmatched,0.0
Aramex PJSC,,unmatched,0.0
Arcario AB,,unmatched,0.0
ArcelorMittal South Africa Limited,,unmatched,0.0
Arctic Bioscience AS,,unmatched,0.0
"Argan, Inc.",AAN,fuzzy,75.0
Aris Mining Corporation,,unmatched,0.0
Arm Holdings plc,AFRM,fuzzy,85.71428571428572
ARN Media Limited,,unmatched,0.0
Arqit Quantum Inc.,,unmatched,0.0
Arribatec Group ASA,,unmatched,0.0
Arteche Lantegi Elkartea SA,,unmatched,0.0
Ascent Industries Co.,,unmatched,0.0
Ashmore Group Plc,,unmatched,0.0
Astarta Holding PLC,,unmatched,0.0
Astral Foods Limited,,unmatched,0.0
AS Virsi-A,,unmatched,0.0
"Atlanta Braves Holdings, Inc., Formula One Group, Liberty Media Corporation, The Liberty SiriusXM Group",,unmatched,0.0
Atlassian Corporation,,unmatched,0.0
Atlas Energy Solutions Inc.,,unmatched,0.0
Atmus Filtration Technologies Inc.,,unmatched,0.0
Atomo Diagnostics Limited,,unmatched,0.0
"Atossa Therapeutics, Inc.",,unmatched,0.0
Atour Lifestyle Holdings Limited,,unmatched,0.0
ATS Corporation,AKTS,fuzzy,85.71428571428572
Augmentum Fintech PLC,,unmatched,0.0
Aumann AG,AUMN,fuzzy,80.0
Australian Ethical Investment Ltd.,,unmatched,0.0
Autohellas S.A.,,unmatched,0.0
Avicanna Inc.,,unmatched,0.0
Awardit AB (publ),,unmatched,0.0
AXISCADES Technologies Limited,,unmatched,0.0
Azerion Group N.V.,,unmatched,0.0
B2 Impact ASA,,unmatched,0.0
Babylon Holdings Limited,,unmatched,0.0
Banco BMG S.A.,,unmatched,0.0
Bank Albilad,,unmatched,0.0
bank muscat SAOG,,unmatched,0.0
Bank of Baroda Limited,,unmatched,0.0
Banque Saudi Fransi,,unmatched,0.0
Barbeque-Nation Hospitality Limited,,unmatched,0.0
BayFirst Financial Corp.,,unmatched,0.0
BBGI Global Infrastructure S.A.,,unmatched,0.0
"Belite Bio, Inc",,unmatched,0.0
Belysse Group NV,,unmatched,0.0
Bergman & Beving AB (publ),,unmatched,0.0
Betolar Oyj,,unmatched,0.0
Betsson AB (publ),,unmatched,0.0
"Better Therapeutics, Inc.",,unmatched,0.0
"BGC Group, Inc.",BGC,exact,100.0
Biesse S.p.A.,,unmatched,0.0
Billerud AB (publ),,unmatched,0.0
"BILL Holdings, Inc.",BILL,exact,100.0
"bioAffinity Technologies, Inc.",,unmatched,0.0
biote Corp.,BIOT,fuzzy,88.88888888888889
BirdDog Technology Limited,,unmatched,0.0
Bitcoin Depot Inc.,,unmatched,0.0
Blackstone Secured Lending Fund,,unmatched,0.0
Blau Farmacêutica S.A.,,unmatched,0.0
BlueNord ASA,,unmatched,0.0
Blue Dart Express Limited,,unmatched,0.0
Blue Owl Capital Corporation,,unmatched,0.0
Boardwalktech Software Corp.,,unmatched,0.0
"Boku, Inc.",BKU,fuzzy,85.71428571428572
Boreo Oyj,,unmatched,0.0
Borosil Limited,,unmatched,0.0
BowFlex Inc.,,unmatched,0.0
BRAC Bank Limited,,unmatched,0.0
BRAC Bank PLC,,unmatched,0.0
Braemar Plc,,unmatched,0.0
Brave Bison Group plc,,unmatched,0.0
BRD - Groupe Société Générale S.A.,,unmatched,0.0
"Bridger Aerospace Group Holdings, Inc.",,unmatched,0.0
"Bridgewater Bancshares, Inc.",,unmatched,0.0
British Land Company PLC,,unmatched,0.0
Brookfield Asset Management Ltd.,,unmatched,0.0
Brookfield Corporation,,unmatched,0.0
Brookfield India Real Estate Trust,,unmatched,0.0
Brødrene A & O Johansen A S,,unmatched,0.0
"BT Brands, Inc.",,unmatched,0.0
Bucher Industries AG,,unmatched,0.0
Burgundy Diamond Mines Limited,,unmatched,0.0
Burstone Group Limited,,unmatched,0.0
Buzzi S.p.A.,,unmatched,0.0
BZAM Ltd.,BAM,fuzzy,85.71428571428572
CAB Payments Holdings Limited,,unmatched,0.0
Caledonia Investments Plc,,unmatched,0.0
Calix Limited,CALX,fuzzy,88.88888888888889
Cambridge Nutritional Sciences plc,,unmatched,0.0
Canadian Pacific Kansas City Limited,,unmatched,0.0
Cantargia AB (publ),,unmatched,0.0
CapitaLand Ascendas REIT,,unmatched,0.0
CapitaLand India Trust,,unmatched,0.0
Capital Gearing Trust p.l.c,,unmatched,0.0
Capsol Technologies AS,,unmatched,0.0
Capsol Technologies ASA,,unmatched,0.0
"Cardiff Oncology, Inc.",,unmatched,0.0
Carysil Limited,,unmatched,0.0
Cash Converters International Limited,,unmatched,0.0
"CAVA Group, Inc.",CAVA,exact,100.0
"Cebu Air, Inc.",,unmatched,0.0
"Cedar Fair, L.P., Six Flags Entertainment Corporation",,unmatched,0.0
Celcomdigi Berhad,,unmatched,0.0
"Cellectar Biosciences, Inc.",,unmatched,0.0
Cello World Limited,,unmatched,0.0
"Cencora, Inc.",,unmatched,0.0
CENIT Aktiengesellschaft,,unmatched,0.0
Centro de Imagem Diagnósticos S.A.,,unmatched,0.0
"Cepton, Inc.",CEPO,fuzzy,80.0
Cerillion Plc,,unmatched,0.0
Cettire Limited,,unmatched,0.0
"CFECAPITAL, S. De R.L. De C.V.",,unmatched,0.0
Chaman Lal Setia Exports Ltd.,,unmatched,0.0
Chemomab Therapeutics Ltd.,,unmatched,0.0
ChemoMetec A S,,unmatched,0.0
Chemplast Sanmar Limited,,unmatched,0.0
Cherry SE,,unmatched,0.0
China Resources Beer (Holdings) Company Limited,,unmatched,0.0
Chrysos Corporation Limited,,unmatched,0.0
"Cibus, Inc.",CBUS,fuzzy,88.88888888888889
Cicor Technologies Ltd.,CCO,fuzzy,75.0
CIE Automotive India Limited,,unmatched,0.0
CIMB Group Holdings Berhad,,unmatched,0.0
Cineverse Corp.,,unmatched,0.0
Circio Holding ASA,,unmatched,0.0
CI Games SE,,unmatched,0.0
"CJ ENM CO., Ltd., Studio Dragon Corporation",,unmatched,0.0
Clariane SE,,unmatched,0.0
CleanSpace Holdings Limited,,unmatched,0.0
"Climb Global Solutions, Inc.",,unmatched,0.0
"Coda Octopus Group, Inc.",,unmatched,0.0
CodeLab Capital AS,,unmatched,0.0
"Codere Online Luxembourg, S.A.",,unmatched,0.0
"Cognition Therapeutics, Inc.",,unmatched,0.0
CoinShares International Limited,,unmatched,0.0
"Columbia Banking System, Inc.",,unmatched,0.0
Companhia Brasileira de Alumínio,,unmatched,0.0
Concord Biotech Limited,,unmatched,0.0
ConvaTec Group PLC,,unmatched,0.0
Cool Company Ltd,COOL,exact,100.0
Cool Company Ltd.,COOL,exact,100.0
COPT Defense Properties,,unmatched,0.0
Core Laboratories Inc.,,unmatched,0.0
Core Lithium Ltd,,unmatched,0.0
Coventry Group Ltd,,unmatched,0.0
CPI Property Group,,unmatched,0.0
Crane Company,CRAN,fuzzy,88.88888888888889
"Crane NXT, Co.",,unmatched,0.0
Cranswick plc,,unmatched,0.0
Cromwell European Real Estate Investment Trust,,unmatched,0.0
CStone Pharmaceuticals,,unmatched,0.0
CSU Digital S.A.,,unmatched,0.0
CS Medica A S,,unmatched,0.0
Curro Holdings Limited,CURO,fuzzy,88.88888888888889
D'Ieteren Group SA,,unmatched,0.0
D4t4 Solutions Plc,,unmatched,0.0
Dalrymple Bay Infrastructure Limited,,unmatched,0.0
Dassault Aviation société anonyme,,unmatched,0.0
Datametrex AI Limited,,unmatched,0.0
Decmil Group Limited,,unmatched,0.0
Deep Industries Limited,,unmatched,0.0
Desert Control AS,,unmatched,0.0
Devyser Diagnostics AB (publ),,unmatched,0.0
DEXUS,,unmatched,0.0
Dexus Industria REIT,,unmatched,0.0
DFI Retail Group Holdings Limited,,unmatched,0.0
Digital 9 Infrastructure PLC,,unmatched,0.0
Dillistone Group Plc,,unmatched,0.0
Dimed S.A. Distribuidora de Medicamentos,,unmatched,0.0
DIP Corporation,IP,fuzzy,80.0
"Direct Digital Holdings, Inc.",,unmatched,0.0
Divgi TorqTransfer Systems Limited,,unmatched,0.0
"DMCI Holdings, Inc.",DCI,fuzzy,85.71428571428572
DOF Group ASA,,unmatched,0.0
Dowlais Group plc,,unmatched,0.0
Downing Renewables & Infrastructure Trust PLC,,unmatched,0.0
Dr. Ing. h.c. F. Porsche AG,,unmatched,0.0
Dragonfly Energy Holdings Corp.,,unmatched,0.0
Dreamfolks Services Limited,,unmatched,0.0
DSM-Firmenich AG,,unmatched,0.0
Earlypay Limited,,unmatched,0.0
Earth Corporation,EAR,fuzzy,75.0
Ebusco Holding N.V.,,unmatched,0.0
ECARX Holdings Inc.,CAR,fuzzy,75.0
Ecora Resources PLC,,unmatched,0.0
Edda Wind ASA,,unmatched,0.0
Edenred SE,,unmatched,0.0
Edible Garden AG Incorporated,,unmatched,0.0
"EDP, S.A.",MEDP,fuzzy,85.71428571428572
"Eguana Technologies Inc., 15 Months 2022 Earnings Call, May 01",,unmatched,0.0
Elecon Engineering Company Limited,,unmatched,0.0
"Electriq Power Holdings, Inc.",,unmatched,0.0
Electronics Mart India Limited,,unmatched,0.0
Eletromidia S.A.,,unmatched,0.0
"Elevance Health, Inc.",,unmatched,0.0
Elixirr International plc,,unmatched,0.0
Elme Communities,,unmatched,0.0
Elutia Inc.,ELUT,fuzzy,80.0
Elvalhalcor Hellenic Copper and Aluminium Industry S.A.,,unmatched,0.0
Emaar Properties PJSC,,unmatched,0.0
Embellence Group AB (publ),,unmatched,0.0
Emeren Group Ltd,,unmatched,0.0
Empiric Student Property Plc,,unmatched,0.0
Empreendimentos Pague Menos S.A.,,unmatched,0.0
Enefit Green AS,,unmatched,0.0
Eneraqua Technologies plc,,unmatched,0.0
Energisa Mato Grosso - Distribuidora de Energia S A,,unmatched,0.0
Energy One Limited,,unmatched,0.0
Energy S.p.A.,,unmatched,0.0
Enlight Renewable Energy Ltd,,unmatched,0.0
Enviri Corporation,ENVI,fuzzy,80.0
Envirosuite Limited,,unmatched,0.0
Eolus Vind AB (publ),,unmatched,0.0
Ependion AB,,unmatched,0.0
EPH European Property Holdings PLC,,unmatched,0.0
Epsilon Energy Ltd.,,unmatched,0.0
Equals Group plc,,unmatched,0.0
Ermenegildo Zegna N.V.,,unmatched,0.0
Esken Limited,ESE,fuzzy,75.0
Esprinet S.p.A.,,unmatched,0.0
"ESS Tech, Inc.",,unmatched,0.0
Ether Capital Corporation,,unmatched,0.0
Eureka Forbes Limited,,unmatched,0.0
"Everest Group, Ltd.",,unmatched,0.0
"Eve Holding, Inc.",EVE,exact,100.0
EVT Limited,ECVT,fuzzy,85.71428571428572
Exasol AG,EXAS,fuzzy,80.0
ExaWizards Inc.,,unmatched,0.0
Exor N.V.,,unmatched,0.0
"F&G Annuities & Life, Inc.",,unmatched,0.0
F.I.L.A. - Fabbrica Italiana Lapis ed Affini S.p.A.,,unmatched,0.0
Fagerhult Group AB,,unmatched,0.0
Faraday Future Intelligent Electric Inc.,,unmatched,0.0
Fastned B.V.,,unmatched,0.0
FD Technologies plc,FDS,fuzzy,80.0
Feedback plc,,unmatched,0.0
Fennec Pharmaceuticals Inc.,,unmatched,0.0
Ferretti S.p.A.,,unmatched,0.0
Ferrovial SE,,unmatched,0.0
Fertiglobe plc,,unmatched,0.0
FGI Industries Ltd.,,unmatched,0.0
FG Group Holdings Inc.,FG,exact,100.0
Fibra Danhos,,unmatched,0.0
Fidelis Insurance Holdings Limited,,unmatched,0.0
FIFAX Abp,,unmatched,0.0
"FineMark Holdings, Inc.",,unmatched,0.0
FirstWave Cloud Technology Limited,,unmatched,0.0
"FiscalNote Holdings, Inc.",,unmatched,0.0
Five-Star Business Finance Limited,,unmatched,0.0
FleetPartners Group Limited,,unmatched,0.0
Flinders Mines Limited,,unmatched,0.0
Flow Traders Ltd.,,unmatched,0.0
Fly Play hf.,,unmatched,0.0
"Fonterra Shareholders Fund, Fonterra Co-operative Group Limited",,unmatched,0.0
Ford Otomotiv Sanayi A.S.,,unmatched,0.0
Foresight Solar Fund Limited,,unmatched,0.0
Fortitude Gold Corporation,,unmatched,0.0
Fortrea Holdings Inc.,,unmatched,0.0
Fortress Real Estate Investments Limited,,unmatched,0.0
"Fortune Brands Innovations, Inc.",,unmatched,0.0
Forvia SE,FORA,fuzzy,80.0
"Forza X1, Inc.",,unmatched,0.0
FOXO Technologies Inc.,FOX,fuzzy,85.71428571428572
Frontline plc,,unmatched,0.0
FTAI Aviation Ltd.,,unmatched,0.0
Future Generation Australia Limited,,unmatched,0.0
Galliford Try Holdings plc,,unmatched,0.0
"GameSquare Holdings, Inc.",,unmatched,0.0
Gaming Realms plc,,unmatched,0.0
Gateway Distriparks Limited,,unmatched,0.0
"Gateway Distriparks Limited, Snowman Logistics Limited",,unmatched,0.0
GBank Financial Holdings Inc.,,unmatched,0.0
Gecina Société anonyme,,unmatched,0.0
GEE Group Inc.,GEEX,fuzzy,85.71428571428572
GeneDx Holdings Corp.,GEEX,fuzzy,80.0
"Generation Income Properties, Inc.",,unmatched,0.0
Genfit S.A.,,unmatched,0.0
Gen Digital Inc.,,unmatched,0.0
"GEN Restaurant Group, Inc.",,unmatched,0.0
"Gestamp Automoción, S.A.",,unmatched,0.0
GE HealthCare Technologies Inc.,,unmatched,0.0
GE Power India Limited,,unmatched,0.0
GFL Limited,FL,fuzzy,80.0
GigaCloud Technology Inc.,,unmatched,0.0
"Ginebra San Miguel Inc., Petron Corporation, San Miguel Corporation, San Miguel Food and Beverage, Inc.",,unmatched,0.0
"Globalstar, Inc.",,unmatched,0.0
Global Blue Group Holding AG,,unmatched,0.0
"GMéxico Transportes, S.A.B. de C.V.",,unmatched,0.0
Gogoro Inc.,GOGO,fuzzy,80.0
Goldplat PLC,,unmatched,0.0
"Goldwind Science And Technology Co., Ltd.",,unmatched,0.0
Gooch & Housego PLC,,unmatched,0.0
Gore Street Energy Storage Fund Plc,,unmatched,0.0
Go Fashion (India) Limited,,unmatched,0.0
GQG Partners Inc.,,unmatched,0.0
Grammer AG,,unmatched,0.0
Gram Car Carriers ASA,,unmatched,0.0
Greencoat UK Wind PLC,,unmatched,0.0
"Green Plains Partners LP, Green Plains Inc.",,unmatched,0.0
Greystone Housing Impact Investors LP,,unmatched,0.0
Grindr Inc.,GRIN,fuzzy,80.0
Grupo de Moda SOMA S.A.,,unmatched,0.0
Grupo SBF S.A.,,unmatched,0.0
Guaranty Trust Holding Company Plc,,unmatched,0.0
Gujarat Gas Limited,,unmatched,0.0
Halyk Bank of Kazakhstan Joint Stock Company,,unmatched,0.0
Hammerson Plc,,unmatched,0.0
Hammond Power Solutions Inc.,,unmatched,0.0
"Hanwha Aerospace Co., Ltd.",,unmatched,0.0
"Harley-Davidson, Inc., LiveWire Group, Inc.",,unmatched,0.0
Harmoney Corp Limited,,unmatched,0.0
"Harrow, Inc.",AROW,fuzzy,80.0
Harsha Engineers International Limited,,unmatched,0.0
Harvard Apparatus Regenerative Technology Inc.,,unmatched,0.0
Headlam Group plc,,unmatched,0.0
Healwell AI Inc.,,unmatched,0.0
"HeartBeam, Inc.",,unmatched,0.0
Heidelberg Materials AG,,unmatched,0.0
"Heineken N.V., Heineken Holding N.V.",,unmatched,0.0
Helia Group Limited,ELA,fuzzy,75.0
Hellenic Exchanges - Athens Stock Exchange S.A.,,unmatched,0.0
Henry Boot PLC,,unmatched,0.0
Herbalife Ltd.,,unmatched,0.0
Hesai Group,EAI,fuzzy,75.0
hGears AG,GEAR,fuzzy,80.0
Hibiscus Petroleum Berhad,,unmatched,0.0
Hidrovias do Brasil S.A.,,unmatched,0.0
High Tide Inc.,,unmatched,0.0
Hilton Food Group plc,,unmatched,0.0
Hindustan Aeronautics Limited,,unmatched,0.0
Hindustan Foods Limited,,unmatched,0.0
HIVE Digital Technologies Ltd.,,unmatched,0.0
HMC Capital Limited,,unmatched,0.0
"Home Bancorp, Inc.",,unmatched,0.0
Honasa Consumer Limited,,unmatched,0.0
Hostelworld Group plc,,unmatched,0.0
Hostmore plc,,unmatched,0.0
Howard Hughes Holdings Inc.,,unmatched,0.0
Höegh Autoliners ASA,,unmatched,0.0
"HT Media Limited, Hindustan Media Ventures Limited",,unmatched,0.0
Huddlestock Fintech AS,,unmatched,0.0
Huhtamaki India Limited,,unmatched,0.0
Humble Group AB (publ),,unmatched,0.0
hVIVO plc,VIVO,fuzzy,88.88888888888889
Hyloris Pharmaceuticals SA,,unmatched,0.0
"Hyperfine, Inc.",,unmatched,0.0
IceCure Medical Ltd,,unmatched,0.0
Ice Fish Farm AS,,unmatched,0.0
Iguatemi S.A.,,unmatched,0.0
"IIOT-OXYS, Inc.",,unmatched,0.0
illimity Bank S.p.A.,,unmatched,0.0
illumin Holdings Inc.,,unmatched,0.0
Immuneering Corporation,,unmatched,0.0
Impax Asset Management Group Plc,,unmatched,0.0
Indigo Paints Limited,,unmatched,0.0
InnoCare Pharma Limited,,unmatched,0.0
Innofactor Oyj,,unmatched,0.0
"Innovative Food Holdings, Inc.",,unmatched,0.0
Intelbras S.A. - Indústria de Telecomunicação Eletrônica Brasileira,,unmatched,0.0
Intercede Group plc,,unmatched,0.0
"Inter & Co, Inc.",INTC,fuzzy,80.0
"Intuitive Machines, Inc.",,unmatched,0.0
IONOS Group SE,IONS,fuzzy,88.88888888888889
IPD Group Limited,IPDN,fuzzy,85.71428571428572
Irani Papel e Embalagem S.A.,,unmatched,0.0
IRB InvIT Fund,,unmatched,0.0
ITAB Shop Concept AB (publ),,unmatched,0.0
Itaconix plc,,unmatched,0.0
Ithaca Energy plc,,unmatched,0.0
James Fisher and Sons plc,,unmatched,0.0
JCDecaux SE,,unmatched,0.0
JLEN Environmental Assets Group Limited,,unmatched,0.0
Joint Stock Company Kaspi.kz,,unmatched,0.0
JOST Werke SE,,unmatched,0.0
JSR Corporation,JSPR,fuzzy,85.71428571428572
JS Global Lifestyle Company Limited,,unmatched,0.0
Jubilee Metals Group PLC,,unmatched,0.0
Judges Scientific plc,,unmatched,0.0
Judo Capital Holdings Limited,,unmatched,0.0
Jumbo S.A.,,unmatched,0.0
Jyske Bank A S,,unmatched,0.0
K2fly Limited,FLY,fuzzy,75.0
Kakao Pay Corp.,,unmatched,0.0
Kalpataru Projects International Limited,,unmatched,0.0
KAL Group Limited,KAL,exact,100.0
"Kamdhenu Limited, Kamdhenu Ventures Limited",,unmatched,0.0
Kaspi.kz Joint Stock Company,,unmatched,0.0
Keikyu Corporation,,unmatched,0.0
Kelsian Group Limited,,unmatched,0.0
Kempower Oyj,,unmatched,0.0
Kenvue Inc.,KVUE,fuzzy,80.0
Keppel Pacific Oak US REIT,,unmatched,0.0
Keppel REIT,,unmatched,0.0
Kewal Kiran Clothing Limited,,unmatched,0.0
KFin Technologies Limited,KIN,fuzzy,85.71428571428572
Kidpik Corp.,,unmatched,0.0
Kinatico Ltd,,unmatched,0.0
Kirloskar Ferrous Industries Limited,,unmatched,0.0
KlaraBo Sverige AB (publ),,unmatched,0.0
"Klaviyo, Inc.",,unmatched,0.0
Knife River Corporation,,unmatched,0.0
"Knightscope, Inc.",,unmatched,0.0
Knorr-Bremse AG,,unmatched,0.0
"Know Labs, Inc.",,unmatched,0.0
"Kodiak Gas Services, Inc.",,unmatched,0.0
Kohlberg Kravis Roberts & Co. L.P.,,unmatched,0.0
Kolibri Global Energy Inc.,,unmatched,0.0
Kopran Limited,KOPN,fuzzy,80.0
Kora Saúde Participações S.A.,,unmatched,0.0
Kriti Industries (India) Limited,,unmatched,0.0
Krsnaa Diagnostics Limited,,unmatched,0.0
"Krystal Biotech, Inc.",,unmatched,0.0
KSB SE & Co. KGaA,,unmatched,0.0
KT&G Corporation,,unmatched,0.0
Kuantum Papers Limited,,unmatched,0.0
"K Car Co., Ltd.",CAR,fuzzy,75.0
Lake Resources NL,,unmatched,0.0
Lamda Development S.A.,,unmatched,0.0
Lamor Corporation Oyj,,unmatched,0.0
Landmark Cars Limited,,unmatched,0.0
Land Securities Group Plc,,unmatched,0.0
Lanvin Group Holdings Limited,,unmatched,0.0
"LanzaTech Global, Inc.",,unmatched,0.0
"Larimar Therapeutics, Inc.",,unmatched,0.0
LARK Distilling Co. Ltd.,,unmatched,0.0
Laser Photonics Corporation,,unmatched,0.0
Lassonde Industries Inc.,,unmatched,0.0
LATAM Airlines Group S.A.,,unmatched,0.0
Latent View Analytics Limited,,unmatched,0.0
Lavoro Limited,AVRO,fuzzy,80.0
Lectra SA,CTRA,fuzzy,80.0
LendInvest plc,,unmatched,0.0
"Leonardo DRS, Inc.",,unmatched,0.0
LFTD Partners Inc.,,unmatched,0.0
"LG Energy Solution, Ltd.",,unmatched,0.0
"Li-Cycle Holdings Corp., 2 Months Period Ending Dec 31",,unmatched,0.0
Libertine Holdings PLC,,unmatched,0.0
"Lifecore Biomedical, Inc.",,unmatched,0.0
Life Science REIT plc,,unmatched,0.0
"Liquidmetal Technologies, Inc.",,unmatched,0.0
Little Green Pharma Ltd,,unmatched,0.0
"LM Funding America, Inc.",,unmatched,0.0
Lojas Quero-Quero S.A.,,unmatched,0.0
"Loop Industries, Inc.",,unmatched,0.0
"Loop Media, Inc.",,unmatched,0.0
Lords Group Trading plc,,unmatched,0.0
"Lotus Pharmaceutical Co., Ltd.",,unmatched,0.0
LTIMindtree Limited,,unmatched,0.0
LuxUrban Hotels Inc.,,unmatched,0.0
Lycopodium Limited,,unmatched,0.0
Lynch Group Holdings Limited,LNC,fuzzy,75.0
Lytix Biopharma AS,,unmatched,0.0
LY Corporation,ELY,fuzzy,80.0
"M-tron Industries, Inc.",,unmatched,0.0
M.O.B.A. Network AB (publ),,unmatched,0.0
MAAS Group Holdings Limited,MAA,fuzzy,85.71428571428572
Mach Natural Resources LP,,unmatched,0.0
Made Tech Group Plc,,unmatched,0.0
Maharashtra Seamless Limited,,unmatched,0.0
"MainStreet Bancshares, Inc.",,unmatched,0.0
"Mama's Creations, Inc.",,unmatched,0.0
Mandatum Oyj,,unmatched,0.0
Mankind Pharma Limited,,unmatched,0.0
Man Group Plc,MAN,exact,100.0
Maplebear Inc.,,unmatched,0.0
Mapspeople A S,,unmatched,0.0
MariaDB plc,,unmatched,0.0
Markel Group Inc.,,unmatched,0.0
Marley Spoon SE,,unmatched,0.0
"MasterBrand, Inc.",MA,fuzzy,76.19047619047619
Maximum Entertainment AB,,unmatched,0.0
Max India Limited,,unmatched,0.0
MBB SE,MBBC,fuzzy,85.71428571428572
Medical Developments International Limited,,unmatched,0.0
Megaworld Corporation,,unmatched,0.0
Meko AB (publ),,unmatched,0.0
Melco International Development Limited,,unmatched,0.0
Mendus AB (publ),,unmatched,0.0
Mersen S.A.,MRSN,fuzzy,80.0
Metalurgica Gerdau S.A.,,unmatched,0.0
Metro Bank Holdings PLC,,unmatched,0.0
Metro Mining Limited,,unmatched,0.0
Metso Oyj,,unmatched,0.0
Méliuz S.A.,,unmatched,0.0
MFE-Mediaforeurope N.V.,,unmatched,0.0
MGI - Media and Games Invest SE,,unmatched,0.0
"MGO Global, Inc.",,unmatched,0.0
Micromobility.com Inc.,,unmatched,0.0
MicroPort CardioFlow Medtech Corporation,,unmatched,0.0
Mighty Craft Limited,,unmatched,0.0
"Mills Locação, Serviços e Logística S.A.",,unmatched,0.0
"Mineralys Therapeutics, Inc.",,unmatched,0.0
Mineros S.A.,,unmatched,0.0
Mirrabooka Investments Limited,,unmatched,0.0
Mister Spex SE,,unmatched,0.0
"MIXI, Inc.",AMIX,fuzzy,75.0
Mobico Group Plc,MBIO,fuzzy,80.0
Mobileye Global Inc.,,unmatched,0.0
"Modiv Industrial, Inc.",,unmatched,0.0
Moolec Science SA,,unmatched,0.0
Morrow Bank ASA,,unmatched,0.0
MotorK plc,MTOR,fuzzy,80.0
Movella Holdings Inc.,,unmatched,0.0
Movinn A S,,unmatched,0.0
"MS&AD Insurance Group Holdings, Inc.",,unmatched,0.0
MTAR Technologies Limited,MAR,fuzzy,85.71428571428572
"Muscle Maker, Inc.",,unmatched,0.0
Mytilineos S.A.,,unmatched,0.0
Nanobiotix S.A.,,unmatched,0.0
Nano Labs Ltd,,unmatched,0.0
"NAOS Emerging Opportunities Company Limited, NAOS Small Cap Opportunities Company Limited, NAOS Ex-50 Opportunities Company Limited",,unmatched,0.0
Naspers Limited,,unmatched,0.0
"Nauticus Robotics, Inc.",,unmatched,0.0
Navneet Education Limited,,unmatched,0.0
NB Private Equity Partners Limited,,unmatched,0.0
NCR Voyix Corporation,,unmatched,0.0
Neobo Fastigheter AB (publ),,unmatched,0.0
NEPI Rockcastle N.V.,,unmatched,0.0
Netel Holding AB (publ),,unmatched,0.0
NET Power Inc.,,unmatched,0.0
"NewtekOne, Inc.",,unmatched,0.0
"Newtek Business Services Corp.,Prior to change in line of business",,unmatched,0.0
New Zealand Rural Land Company Limited,,unmatched,0.0
Nexam Chemical Holding AB (publ),,unmatched,0.0
"NEXGEL, Inc.",EXEL,fuzzy,80.0
NexGen Energy Ltd.,,unmatched,0.0
Nexpe Participações S.A.,,unmatched,0.0
Nextech3D.AI Corporation,,unmatched,0.0
NextEnergy Solar Fund Limited,,unmatched,0.0
NextNav Inc.,,unmatched,0.0
Nextracker Inc.,,unmatched,0.0
Next 15 Group plc,,unmatched,0.0
NIIT Learning Systems Limited,,unmatched,0.0
Nilörngruppen AB,,unmatched,0.0
"Nippon Paint Holdings Co., Ltd.",,unmatched,0.0
"NNN REIT, Inc.",,unmatched,0.0
"NorthWestern Energy Group, Inc.",,unmatched,0.0
Novem Group S.A.,NOEM,fuzzy,88.88888888888889
NRW Holdings Limited,NR,fuzzy,80.0
NSI N.V.,,unmatched,0.0
"Nuburu, Inc.",BURU,fuzzy,80.0
Nuvoco Vistas Corporation Limited,,unmatched,0.0
NYAB Oyj,,unmatched,0.0
Objective Corporation Limited,,unmatched,0.0
Oceana Group Limited,,unmatched,0.0
OCI Holdings Company Ltd.,OBCI,fuzzy,85.71428571428572
Octopus Renewables Infrastructure Trust plc,,unmatched,0.0
"Ocuphire Pharma, Inc.",,unmatched,0.0
Oddity Tech Ltd.,,unmatched,0.0
Odfjell Technology Ltd.,,unmatched,0.0
"OmniAb, Inc.",,unmatched,0.0
Ondine Biomedical Inc.,,unmatched,0.0
OneSoft Solutions Inc.,,unmatched,0.0
One United Properties SA,,unmatched,0.0
Onward Technologies Limited,,unmatched,0.0
On the Beach Group plc,,unmatched,0.0
OPAL Fuels Inc.,,unmatched,0.0
"OPENLANE, Inc.",,unmatched,0.0
Oracle Corporation Japan,,unmatched,0.0
Orezone Gold Corporation,,unmatched,0.0
Organigram Holdings Inc.,,unmatched,0.0
Orion S.A.,ORI,fuzzy,75.0
Orlen S.A.,LEN,fuzzy,75.0
OUTFRONT Media Inc.,,unmatched,0.0
OUTsurance Group Limited,,unmatched,0.0
OVH Groupe S.A.,,unmatched,0.0
Oxford Metrics plc,,unmatched,0.0
Oxford Nanopore Technologies plc,,unmatched,0.0
P3 Health Partners Inc.,,unmatched,0.0
Pantheon International PLC,,unmatched,0.0
PCBL Limited,CBL,fuzzy,85.71428571428572
PDD Holdings Inc.,PODD,fuzzy,85.71428571428572
PDS Limited,PDFS,fuzzy,85.71428571428572
Peach Property Group AG,,unmatched,0.0
Peakstone Realty Trust,,unmatched,0.0
Pegasus Hava Tasimaciligi Anonim Sirketi,,unmatched,0.0
Penneo A S,,unmatched,0.0
Pentanet Limited,,unmatched,0.0
Perenti Limited,,unmatched,0.0
"Perimeter Medical Imaging AI, Inc.",,unmatched,0.0
"Persol Holdings Co.,Ltd.",PRSO,fuzzy,80.0
Petershill Partners PLC,,unmatched,0.0
Peter Warren Automotive Holdings Limited,,unmatched,0.0
PHC Holdings Corporation,CPHC,fuzzy,85.71428571428572
Philogen S.p.A.,,unmatched,0.0
PHINIA Inc.,PHIN,fuzzy,80.0
Phoenix Media Investment (Holdings) Limited,,unmatched,0.0
Phoenix Motor Inc.,,unmatched,0.0
Piedmont Lithium Inc.,,unmatched,0.0
PIERER Mobility AG,,unmatched,0.0
Pineapple Energy Inc.,,unmatched,0.0
Ping An Healthcare and Technology Company Limited,,unmatched,0.0
Piramal Pharma Limited,,unmatched,0.0
Platinum Investment Management Limited,,unmatched,0.0
Platzer Fastigheter Holding AB (publ),,unmatched,0.0
Plaza S.A.,LAZ,fuzzy,75.0
Plenti Group Limited,PLNT,fuzzy,80.0
Pluribus Technologies Corp.,,unmatched,0.0
Plurilock Security Inc.,,unmatched,0.0
Pod Point Group Holdings Plc,,unmatched,0.0
Polished.com Inc.,,unmatched,0.0
Pollen Street PLC,,unmatched,0.0
POSCO Holdings Inc.,,unmatched,0.0
"Postal Savings Bank of China Co., Ltd.",,unmatched,0.0
Poste Italiane S.p.A.,,unmatched,0.0
Precinct Properties NZ Ltd & Precinct Properties Investments Ltd,,unmatched,0.0
Presto Automation Inc.,,unmatched,0.0
Prevas AB,,unmatched,0.0
Primary Health Properties Plc,,unmatched,0.0
Procaps Group S.A.,,unmatched,0.0
ProKidney Corp.,,unmatched,0.0
PropertyGuru Group Limited,,unmatched,0.0
"ProSomnus, Inc.",,unmatched,0.0
Prosus N.V.,,unmatched,0.0
Protean eGov Technologies Limited,,unmatched,0.0
Prudent Corporate Advisory Services Limited,,unmatched,0.0
Pryme N.V.,,unmatched,0.0
PT Avia Avian Tbk,,unmatched,0.0
PT Bank Rakyat Indonesia (Persero) Tbk,,unmatched,0.0
PT Lippo Karawaci Tbk,,unmatched,0.0
PT Sarana Menara Nusantara Tbk.,,unmatched,0.0
Purmo Group Oyj,,unmatched,0.0
Puuilo Oyj,,unmatched,0.0
PVA TePla AG,,unmatched,0.0
PVR INOX Limited,,unmatched,0.0
PZ Cussons plc,,unmatched,0.0
Qatari Investors Group Q.P.S.C.,,unmatched,0.0
Qatar Fuel Company Q.P.S.C. ( WOQOD ),,unmatched,0.0
"Qifu Technology, Inc.",INFU,fuzzy,75.0
Qualitas Limited,,unmatched,0.0
QuantaSing Group Limited,,unmatched,0.0
Quartix Technologies plc,,unmatched,0.0
Quest Holdings S.A.,,unmatched,0.0
"Quoin Pharmaceuticals, Ltd.",,unmatched,0.0
Rabbit Holdings Public Company Limited,,unmatched,0.0
Radiant Cash Management Services Limited,,unmatched,0.0
Rainbow Rare Earths Limited,,unmatched,0.0
Raízen S.A.,,unmatched,0.0
"Rane Holdings Limited, Rane (Madras) Limited, Rane Brake Lining Limited, Rane Engine Valve Limited",,unmatched,0.0
Raute Oyj,,unmatched,0.0
"RB Global, Inc.",,unmatched,0.0
Redcare Pharmacy NV,,unmatched,0.0
Regal Funds Management Pty Limited,,unmatched,0.0
Region Group,EGIO,fuzzy,80.0
Reklaim Ltd.,,unmatched,0.0
"Reliance Global Group, Inc.",,unmatched,0.0
Remgro Limited,,unmatched,0.0
Resonac Holdings Corporation,,unmatched,0.0
Revolution Bars Group plc,,unmatched,0.0
"Revvity, Inc.",,unmatched,0.0
Rheinmetall AG,,unmatched,0.0
Richter Gedeon Vegyészeti Gyár Nyilvánosan Muködo Rt.,,unmatched,0.0
"Rigetti Computing, Inc.",,unmatched,0.0
RMB Holdings Limited,PRMB,fuzzy,85.71428571428572
Robert Half Inc.,,unmatched,0.0
"RocketFuel Blockchain, Inc.",,unmatched,0.0
Rockwool A S,,unmatched,0.0
Romi S.A.,OMI,fuzzy,85.71428571428572
Rossari Biotech Limited,,unmatched,0.0
Route Mobile Limited,,unmatched,0.0
RPG Life Sciences Limited,,unmatched,0.0
RTX Corporation,RTX,exact,100.0
"Rubicon Technologies, Inc.",,unmatched,0.0
Rumble Inc.,RMBL,fuzzy,80.0
Rusta AB (publ),,unmatched,0.0
"RXO, Inc.",RXO,exact,100.0
S.J.S. Enterprises Limited,,unmatched,0.0
Sabio Holdings Inc.,ABIO,fuzzy,88.88888888888889
Sadot Group Inc.,SDOT,fuzzy,88.88888888888889
Safe & Green Holdings Corp.,,unmatched,0.0
Salcef Group S.p.A.,,unmatched,0.0
Sanofi India Limited,,unmatched,0.0
"Sartorius Aktiengesellschaft, Sartorius Stedim Biotech S.A.",,unmatched,0.0
SATO Technologies Corp.,ATO,fuzzy,85.71428571428572
Saudi Basic Industries Corporation,,unmatched,0.0
"Savers Value Village, Inc.",,unmatched,0.0
SCG Packaging Public Company Limited,,unmatched,0.0
Schoeller-Bleckmann Oilfield Equipment Aktiengesellschaft,,unmatched,0.0
Scholar Rock Holding Corporation,,unmatched,0.0
Schroder Japan Trust plc,,unmatched,0.0
Seatrium Limited,,unmatched,0.0
Secure Trust Bank PLC,,unmatched,0.0
Security Bank Corporation,,unmatched,0.0
"Select Water Solutions, Inc.",,unmatched,0.0
Senzime AB (publ),,unmatched,0.0
Severn Trent PLC,,unmatched,0.0
SHAPE Australia Corporation Limited,,unmatched,0.0
Sharda Motor Industries Limited,,unmatched,0.0
Share India Securities Limited,,unmatched,0.0
"SharkNinja, Inc.",,unmatched,0.0
SharpLink Gaming Ltd.,,unmatched,0.0
"Shelf Drilling (North Sea), Ltd., Shelf Drilling, Ltd.",,unmatched,0.0
Shelly Group AD,,unmatched,0.0
"SHF Holdings, Inc.",SHFS,fuzzy,85.71428571428572
Shilpa Medicare Limited,,unmatched,0.0
SHL Telemedicine Ltd.,,unmatched,0.0
Shoprite Holdings Ltd,,unmatched,0.0
Shree Cement Limited,,unmatched,0.0
Shriram Finance Limited,,unmatched,0.0
SideChannel Inc.,,unmatched,0.0
"Sidus Space, Inc.",,unmatched,0.0
Sigma Lithium Corporation,,unmatched,0.0
SIGNA Sports United N.V.,,unmatched,0.0
SIG Group AG,BSIG,fuzzy,85.71428571428572
Sikri Group ASA,,unmatched,0.0
Silk Logistics Holdings Limited,,unmatched,0.0
"Sinclair, Inc.",,unmatched,0.0
Sinotrans Limited,,unmatched,0.0
"Sitios Latinoamérica, S.A.B. de C.V.",,unmatched,0.0
Sivers Semiconductors AB (publ),,unmatched,0.0
SKAN Group AG,ASAN,fuzzy,75.0
Skillcast Group plc,,unmatched,0.0
"Skyward Specialty Insurance Group, Inc.",,unmatched,0.0
Sky Harbour Group Corporation,,unmatched,0.0
"SK Telecom Co., Ltd.",,unmatched,0.0
Smartoptics Group AS,,unmatched,0.0
"Snail, Inc.",SAIL,fuzzy,88.88888888888889
SNP Schneider-Neureither & Partner SE,,unmatched,0.0
Sofina Société Anonyme,,unmatched,0.0
Soho House & Co Inc.,,unmatched,0.0
Solstad Offshore ASA,,unmatched,0.0
"Soltec Power Holdings, S.A.",,unmatched,0.0
Solvar Limited,SOAR,fuzzy,80.0
"Somero Enterprises, Inc.",,unmatched,0.0
"SoundThinking, Inc.",,unmatched,0.0
"Southland Holdings, Inc.",,unmatched,0.0
Sow Good Inc.,,unmatched,0.0
SpaceandPeople plc,,unmatched,0.0
"Spectral AI, Inc.",,unmatched,0.0
"Spectral MD Holdings, Ltd.",,unmatched,0.0
Sphere Entertainment Co.,,unmatched,0.0
Spinnova Oyj,,unmatched,0.0
Spotlio AS,,unmatched,0.0
"SpringBig Holdings, Inc.",,unmatched,0.0
Spruce Power Holding Corporation,,unmatched,0.0
SP Group A S,,unmatched,0.0
Stadio Holdings Limited,STAI,fuzzy,80.0
StateHouse Holdings Inc.,,unmatched,0.0
Steel Strips Wheels Limited,,unmatched,0.0
Stella International Holdings Limited,,unmatched,0.0
Stelrad Group PLC,,unmatched,0.0
Stemmer Imaging AG,,unmatched,0.0
StepStone Group LP,,unmatched,0.0
Stove Kraft Limited,,unmatched,0.0
"Stran & Company, Inc.",STRA,fuzzy,88.88888888888889
Strathcona Resources Ltd.,,unmatched,0.0
"Strike Company,Limited",STRE,fuzzy,80.0
Stylam Industries Limited,,unmatched,0.0
Styrenix Performance Materials Limited,,unmatched,0.0
"Sumitomo Osaka Cement Co., Ltd.",,unmatched,0.0
Summit Therapeutics Inc.,,unmatched,0.0
Sun Residential Real Estate Investment Trust,,unmatched,0.0
Super Group Limited,SPEGR,fuzzy,80.0
"Super League Enterprise, Inc.",,unmatched,0.0
Surf Air Mobility Inc.,,unmatched,0.0
Surge Energy Inc.,,unmatched,0.0
Surgical Science Sweden AB (publ),,unmatched,0.0
"Surrozen, Inc.",,unmatched,0.0
Suzlon Energy Limited,,unmatched,0.0
Swoop Holdings Limited,,unmatched,0.0
Symbotic Inc.,,unmatched,0.0
"T. Rowe Price Group, Inc.",,unmatched,0.0
Talen Energy Corporation,,unmatched,0.0
TAQA Morocco S.A.,,unmatched,0.0
Tatva Chintan Pharma Chem Limited,,unmatched,0.0
Telecom Plus Plc,,unmatched,0.0
Telkom SA SOC Ltd,,unmatched,0.0
Telstra Group Limited,,unmatched,0.0
"Tempo Automation Holdings, Inc.",,unmatched,0.0
Tenaga Nasional Berhad,,unmatched,0.0
Tenaz Energy Corp.,,unmatched,0.0
TeraWulf Inc.,,unmatched,0.0
Terna S.p.A.,,unmatched,0.0
Ternium Argentina S.A.,,unmatched,0.0
"Ternium Argentina S.A., Ternium S.A.",,unmatched,0.0
Terranet AB,,unmatched,0.0
Text S.A.,TEX,fuzzy,85.71428571428572
TF1 SA,,unmatched,0.0
The Alumasc Group plc,,unmatched,0.0
The Cannabist Company Holdings Inc.,,unmatched,0.0
The Cigna Group,,unmatched,0.0
"The OLB Group, Inc.",,unmatched,0.0
The Phoenix Holdings Ltd.,,unmatched,0.0
The Property Franchise Group PLC,,unmatched,0.0
The Sukhjit Starch & Chemicals Limited,,unmatched,0.0
Thor Medical ASA,,unmatched,0.0
thyssenkrupp nucera AG & Co. KGaA,,unmatched,0.0
TH International Limited,,unmatched,0.0
"Tidewater Midstream and Infrastructure Ltd., Tidewater Renewables Ltd.",,unmatched,0.0
"Tingo Group, Inc.",INO,fuzzy,75.0
"tinyBuild, Inc.",,unmatched,0.0
Titagarh Rail Systems Limited,,unmatched,0.0
"Tivic Health Systems, Inc.",,unmatched,0.0
"TKO Group Holdings, Inc.",TKO,exact,100.0
TKP Corporation,,unmatched,0.0
Tokyu Corporation,,unmatched,0.0
"Ton Yi Industrial Corp., TTET Union Corporation, Uni-President China Holdings Ltd, Uni-President Enterprises Corp.",,unmatched,0.0
TOPPAN Holdings Inc.,TOPP,fuzzy,80.0
Toppan Inc.,TOPP,fuzzy,80.0
Touchstone Exploration Inc.,,unmatched,0.0
Treasure Global Inc.,,unmatched,0.0
Trellus Health plc,,unmatched,0.0
"TriSalus Life Sciences, Inc.",,unmatched,0.0
Tritax Eurobox plc,,unmatched,0.0
Tritium DCFC Limited,,unmatched,0.0
"Triumph Financial, Inc.",,unmatched,0.0
TRX Gold Corporation,,unmatched,0.0
TTS (Transport Trade Services) S.A.,,unmatched,0.0
Türk Telekomünikasyon A.S.,,unmatched,0.0
U-Haul Holding Company,,unmatched,0.0
UNACEM Corp S.A.A.,,unmatched,0.0
Unifiedpost Group SA,,unmatched,0.0
Union Bank of the Philippines,,unmatched,0.0
Uniparts India Limited,,unmatched,0.0
United States Antimony Corporation,,unmatched,0.0
Unite Group PLC,UNIT,fuzzy,88.88888888888889
"Universal Biosensors, Inc.",,unmatched,0.0
Uno Minda Limited,,unmatched,0.0
"Upbound Group, Inc.",,unmatched,0.0
"Upexi, Inc.",UPXI,fuzzy,88.88888888888889
Ur-Energy Inc.,,unmatched,0.0
Usha Martin Limited,,unmatched,0.0
"V2X, Inc.",,unmatched,0.0
Valeura Energy Inc.,,unmatched,0.0
Valiant Organics Limited,,unmatched,0.0
"Vamos Locação de Caminhões, Máquinas e Equipamentos S.A.",,unmatched,0.0
Vanquis Banking Group plc,,unmatched,0.0
Van Elle Holdings plc,,unmatched,0.0
Vastned Belgium,,unmatched,0.0
VEF AB (publ),,unmatched,0.0
Veganz Group AG,EGAN,fuzzy,80.0
Ventia Services Group Limited,,unmatched,0.0
Veolia Environnement SA,,unmatched,0.0
Veralto Corporation,,unmatched,0.0
Verde AgriTech Limited,,unmatched,0.0
"VerifyMe, Inc.",,unmatched,0.0
Verrica Pharmaceuticals Inc.,,unmatched,0.0
Veste S.A. Estilo,,unmatched,0.0
Vestis Corporation,VSTS,fuzzy,80.0
Vianet Group plc,ANET,fuzzy,80.0
Vijaya Diagnostic Centre Limited,,unmatched,0.0
Vinci SA,VICI,fuzzy,88.88888888888889
VinFast Auto Ltd.,,unmatched,0.0
"Vir Biotechnology, Inc.",,unmatched,0.0
"Vistagen Therapeutics, Inc.",,unmatched,0.0
"Vital Energy, Inc.",,unmatched,0.0
"Vitesse Energy, Inc.",,unmatched,0.0
Vittia S.A.,,unmatched,0.0
Viva Wine Group AB,,unmatched,0.0
Volati AB,,unmatched,0.0
Volati AB (publ),,unmatched,0.0
Voltalia SA,,unmatched,0.0
Vow ASA,,unmatched,0.0
Vow Green Metals AS,,unmatched,0.0
Vulcan Steel Limited,,unmatched,0.0
Wag! Group Co.,SWAG,fuzzy,85.71428571428572
"WAM Active Limited, WAM Capital Limited, WAM Microcap Limited, WAM Research Limited",,unmatched,0.0
Warehouses De Pauw NV SA,,unmatched,0.0
Water Ways Technologies Inc.,,unmatched,0.0
Welspun Living Limited,,unmatched,0.0
Westlife Foodworld Limited,,unmatched,0.0
Westrock Coffee Company,,unmatched,0.0
Wilson Sons S.A.,,unmatched,0.0
Winton Land Limited,,unmatched,0.0
"WisdomTree, Inc.",,unmatched,0.0
WithSecure Oyj,,unmatched,0.0
WK Kellogg Co,,unmatched,0.0
Workspace Group Plc,,unmatched,0.0
World Kinect Corporation,,unmatched,0.0
"Worthington Enterprises, Inc.",,unmatched,0.0
"Worthington Steel, Inc.",,unmatched,0.0
WSFx Global Pay Limited,,unmatched,0.0
Xiao-I Corporation,,unmatched,0.0
"XPO, Inc.",XPO,exact,100.0
Yeahka Limited,,unmatched,0.0
Yunhong Green CTI Ltd.,,unmatched,0.0
Zaptec ASA,,unmatched,0.0
"Zevra Therapeutics, Inc.",,unmatched,0.0
"ZhongAn Online P & C Insurance Co., Ltd.",,unmatched,0.0
ZignSec AB (publ),,unmatched,0.0
Zomedica Corp.,,unmatched,0.0
374Water Inc.,,unmatched,0.0
4GLOBAL plc,,unmatched,0.0
"5E Advanced Materials, Inc.",,unmatched,0.0
A'Saffa Foods SAOG,,unmatched,0.0
A'Sharqiya Investment Holding Co. (SAOG),,unmatched,0.0
Aarti Pharmalabs Limited,,unmatched,0.0
Abacus Group,ABUS,fuzzy,80.0
"Abacus Life, Inc.",,unmatched,0.0
ABIVAX Société Anonyme,,unmatched,0.0
Absci Corporation,ABSI,fuzzy,88.88888888888889
Abu Dhabi Commercial Bank PJSC,,unmatched,0.0
AB Akola Group,,unmatched,0.0
AB Dynamics plc,,unmatched,0.0
AB Ignitis grupe,,unmatched,0.0
AB KN Energies,,unmatched,0.0
accesso Technology Group plc,,unmatched,0.0
"Acciona, S.A., Corporación Acciona Energías Renovables, S.A.",,unmatched,0.0
Accuracy Shipping Limited,,unmatched,0.0
Acrow Limited,ACRO,fuzzy,88.88888888888889
Addictive Learning Technology Limited,,unmatched,0.0
Aditya Birla Real Estate Limited,,unmatched,0.0
ADNOC Drilling Company P.J.S.C.,,unmatched,0.0
Adrad Holdings Limited,ADRA,fuzzy,88.88888888888889
Advanced Petrochemical Company,,unmatched,0.0
Advance Residence Investment Corporation,,unmatched,0.0
Advantage Energy Ltd.,,unmatched,0.0
Aegon Ltd.,AEON,fuzzy,88.88888888888889
"Aehr Test Systems, Inc.",,unmatched,0.0
"Aeries Technology, Inc",AEIS,fuzzy,80.0
AfroCentric Investment Corporation Limited,,unmatched,0.0
AGS Transact Technologies Limited,,unmatched,0.0
Ahli Bank SAOG,,unmatched,0.0
Aimco Pesticides Limited,,unmatched,0.0
Aimtron Electronics Limited,,unmatched,0.0
Airtac International Group,,unmatched,0.0
Air Astana Joint Stock Company,,unmatched,0.0
Akums Drugs and Pharmaceuticals Limited,,unmatched,0.0
"Algorhythm Holdings, Inc.",,unmatched,0.0
Allcargo Terminals Limited,,unmatched,0.0
Alldigi Tech Limited,,unmatched,0.0
Allegro.eu S.A.,,unmatched,0.0
Alliance Entertainment Holding Corporation,,unmatched,0.0
Alliança Saúde e Participações S.A.,,unmatched,0.0
Allied Digital Services Limited,,unmatched,0.0
Allied Gold Corporation,,unmatched,0.0
"Allpark Empreendimentos, Participações e Serviços S.A.",,unmatched,0.0
Allurion Technologies Inc.,,unmatched,0.0
ALSO Holding AG,ASO,fuzzy,85.71428571428572
Al Ansari Financial Services PJSC,,unmatched,0.0
Al Batinah Development and Investment Holding Co. SAOG,,unmatched,0.0
Al Meera Consumer Goods Company Q.P.S.C.,,unmatched,0.0
Amaroq Minerals Ltd.,,unmatched,0.0
Ambertech Limited,,unmatched,0.0
AMCIL Limited,AMCI,fuzzy,88.88888888888889
"Amentum Holdings, Inc.",,unmatched,0.0
American Battery Technology Company,,unmatched,0.0
"American Healthcare REIT, Inc.",,unmatched,0.0
"Amer Sports, Inc.",,unmatched,0.0
Amotiv Limited,AMOT,fuzzy,80.0
Amundi S.A.,,unmatched,0.0
Anant Raj Limited,,unmatched,0.0
Andfjord Salmon Group AS,,unmatched,0.0
Angling Direct PLC,,unmatched,0.0
AngloGold Ashanti plc,,unmatched,0.0
Angus Energy plc,,unmatched,0.0
Anlon Technology Solutions Limited,,unmatched,0.0
Anupam Rasayan India Limited,,unmatched,0.0
Apeejay Surrendra Park Hotels Limited,,unmatched,0.0
Apontis Pharma AG,,unmatched,0.0
"APR Co., Ltd.",APR,exact,100.0
Aptitude Software Group plc,,unmatched,0.0
Aramis Group SAS,,unmatched,0.0
Arcadium Lithium plc,,unmatched,0.0
Archean Chemical Industries Limited,,unmatched,0.0
ARCpoint Inc.,,unmatched,0.0
"Ardent Health Partners, Inc.",,unmatched,0.0
Argeo ASA,,unmatched,0.0
Ariston Holding N.V.,,unmatched,0.0
"Arq, Inc.",ARQ,exact,100.0
"ARS Pharmaceuticals, Inc.",,unmatched,0.0
Articore Group Limited,,unmatched,0.0
"Arvinas, Inc.",,unmatched,0.0
"ARYZTA AG, 17 Months 2023 Earnings Call, Mar 04",,unmatched,0.0
Asahi Songwon Colors Limited,,unmatched,0.0
Ashtead Technology Holdings Plc,,unmatched,0.0
AsiaInfo Technologies Limited,,unmatched,0.0
Asia Aviation Public Company Limited,,unmatched,0.0
ASK Automotive Limited,,unmatched,0.0
"Astera Labs, Inc.",,unmatched,0.0
"Astrana Health, Inc.",,unmatched,0.0
AtkinsRéalis,,unmatched,0.0
AtkinsRéalis Group Inc.,,unmatched,0.0
"Atlanta Braves Holdings, Inc., Formula One Group, Liberty Media Corporation, Sirius XM Inc.",,unmatched,0.0
"Atlanta Braves Holdings, Inc., Liberty Media Corporation, Formula One Group, Sirius XM Inc.",,unmatched,0.0
"Atlantic Union Bankshares Corporation, Sandy Spring Bancorp, Inc.",,unmatched,0.0
Atlas Engineered Products Ltd.,,unmatched,0.0
Atome Plc,ATOM,fuzzy,88.88888888888889
Atrato Onsite Energy plc,,unmatched,0.0
Auna S.A.,ALNA,fuzzy,75.0
Aurrigo International plc,,unmatched,0.0
Australian Ethical Investment Limited,,unmatched,0.0
Autoneum Holding AG,,unmatched,0.0
Avalon Technologies Limited,AAON,fuzzy,80.0
Avante Corp.,AVNT,fuzzy,80.0
Avantium N.V.,,unmatched,0.0
Aveng Limited,ENG,fuzzy,75.0
AVG Logistics Limited,,unmatched,0.0
Avolta AG,ALTA,fuzzy,80.0
Avon Technologies Plc,AVO,fuzzy,85.71428571428572
AVP Infracon Limited,,unmatched,0.0
Awfis Space Solutions Limited,,unmatched,0.0
"Axogen, Inc.",AGEN,fuzzy,80.0
Aya Gold & Silver Inc.,,unmatched,0.0
Ayvens,AVNS,fuzzy,80.0
Azad Engineering Limited,,unmatched,0.0
Azrieli Group Ltd.,,unmatched,0.0
Ânima Holding S.A.,,unmatched,0.0
Babylon Pump & Power Limited,,unmatched,0.0
Banco Itaú Chile,,unmatched,0.0
"Banc of California, Inc.",,unmatched,0.0
Bango PLC,ANGO,fuzzy,88.88888888888889
Bang & Olufsen A S,,unmatched,0.0
Banijay Group N.V.,,unmatched,0.0
"Bankwell Financial Group, Inc.",,unmatched,0.0
Bank Muscat SAOG,,unmatched,0.0
Banswara Syntex Limited,,unmatched,0.0
Banxa Holdings Inc.,BANX,fuzzy,88.88888888888889
Barramundi Group Ltd.,,unmatched,0.0
"Bassett Furniture Industries, Incorporated",,unmatched,0.0
Bata India Limited,,unmatched,0.0
Bathurst Resources Limited,,unmatched,0.0
BATM Advanced Communications Ltd.,,unmatched,0.0
BBB Foods Inc.,,unmatched,0.0
Beam Therapeutics Inc.,,unmatched,0.0
Beneficient,,unmatched,0.0
BenevolentAI S.A.,,unmatched,0.0
Beonic Limited,,unmatched,0.0
Beta Drugs Limited,,unmatched,0.0
Better Home & Finance Holding Company,,unmatched,0.0
BEW Engineering Limited,,unmatched,0.0
"Beyond, Inc.",BYND,fuzzy,80.0
Beyond Frames Entertainment AB (publ),,unmatched,0.0
Bhagwan Marine Limited,,unmatched,0.0
Bharat Electronics Limited,,unmatched,0.0
"Bharti Airtel Limited, Bharti Hexacom Limited",,unmatched,0.0
Bikaji Foods International Limited,,unmatched,0.0
Billington Holdings Plc,,unmatched,0.0
BingEx Limited,,unmatched,0.0
BioHarvest Sciences Inc.,,unmatched,0.0
"BioRestorative Therapies, Inc.",,unmatched,0.0
Birkenstock Holding plc,,unmatched,0.0
Birla Corporation Limited,,unmatched,0.0
Bitdeer Technologies Group,,unmatched,0.0
"Bit Digital, Inc.",,unmatched,0.0
Bizlink Holding Inc.,,unmatched,0.0
BKV Corporation,BKV,exact,100.0
Black Box Limited,,unmatched,0.0
Black Rose Industries Limited,,unmatched,0.0
Blue Jet Healthcare Limited,,unmatched,0.0
Blue Owl Capital Corporation III,,unmatched,0.0
BMW Industries Ltd.,,unmatched,0.0
Boubyan Bank K.S.C.P.,,unmatched,0.0
Bowhead Specialty Holdings Inc.,,unmatched,0.0
BRAC Bank PLC.,,unmatched,0.0
Brand Concepts Limited,,unmatched,0.0
"Brand Engagement Network, Inc.",,unmatched,0.0
Branicks Group AG,,unmatched,0.0
"BrightSpring Health Services, Inc.",,unmatched,0.0
Brockhaus Technologies AG,,unmatched,0.0
Brunel International N.V.,,unmatched,0.0
BTS Rail Mass Transit Growth Infrastructure Fund,,unmatched,0.0
Bunge Global SA,,unmatched,0.0
Burjeel Holdings PLC,,unmatched,0.0
"BXP, Inc.",BXP,exact,100.0
C3is Inc.,CISO,fuzzy,75.0
Cabka N.V.,,unmatched,0.0
Caixa Seguridade Participações S.A.,,unmatched,0.0
"Calumet, Inc.",,unmatched,0.0
Camplify Holdings Limited,,unmatched,0.0
Cantabil Retail India Limited,,unmatched,0.0
"Capcom Co., Ltd.",CAPC,fuzzy,80.0
Capital Clean Energy Carriers Corp.,,unmatched,0.0
Carbon Revolution Public Limited Company,,unmatched,0.0
Carlyle Credit Income Fund,,unmatched,0.0
CAR Group Limited,CAR,exact,100.0
"Casio Computer Co.,Ltd.",,unmatched,0.0
"Cassava Sciences, Inc.",,unmatched,0.0
Catapult Group International Ltd,,unmatched,0.0
Cavendish Hydrogen ASA,,unmatched,0.0
CBL International Limited,HON,fuzzy,75.0
Ceinsys Tech Limited,,unmatched,0.0
Celebrus Technologies plc,,unmatched,0.0
CEMATRIX Corporation,,unmatched,0.0
Cenergy Holdings SA,,unmatched,0.0
"Centuri Holdings, Inc.",,unmatched,0.0
Century Enka Limited,,unmatched,0.0
"CeriBell, Inc.",,unmatched,0.0
"Champion Homes, Inc.",,unmatched,0.0
Chatha Foods Limited,,unmatched,0.0
Cheche Group Inc.,CECE,fuzzy,80.0
Checkin.Com Group AB (publ),,unmatched,0.0
Cheffelo AB (publ),,unmatched,0.0
Chenavari Toro Income Fund Limited,,unmatched,0.0
"China Coal Energy Company Limited, China National Coal Group Co., Ltd",,unmatched,0.0
China Lilang Limited,,unmatched,0.0
Cinclus Pharma Holding AB (publ),,unmatched,0.0
Cirata plc,,unmatched,0.0
CITIC Securities Company Limited,,unmatched,0.0
City Bank PLC.,,unmatched,0.0
Cmb.Tech NV,,unmatched,0.0
CMC Markets Plc,,unmatched,0.0
Coast Entertainment Holdings Limited,,unmatched,0.0
"Cogeco Inc., Cogeco Communications Inc.",,unmatched,0.0
CollPlant Biotechnologies Ltd.,,unmatched,0.0
COLTENE Holding AG,,unmatched,0.0
Commercial International Bank (Egypt) S.A.E.,,unmatched,0.0
"Community Financial System, Inc.",,unmatched,0.0
Companhia Brasileira De Distribuicao,,unmatched,0.0
Companhia Energética de Minas Gerais - CEMIG,,unmatched,0.0
"Complete Solaria, Inc.",,unmatched,0.0
"Concentra Group Holdings Parent, Inc.",,unmatched,0.0
"Contango Ore, Inc.",,unmatched,0.0
Corero Network Security plc,,unmatched,0.0
"Corpay, Inc.",CPAY,fuzzy,80.0
CPPGroup Plc,,unmatched,0.0
Craneware plc,,unmatched,0.0
Credit Clear Limited,,unmatched,0.0
Credo Brands Marketing Limited,,unmatched,0.0
CRISIL Limited,CRIS,fuzzy,80.0
Crown Electrokinetics Corp.,,unmatched,0.0
CTP N.V.,,unmatched,0.0
CTS Eventim AG & Co. KGaA,,unmatched,0.0
CT Automotive Group plc,,unmatched,0.0
CT UK Capital And Income Investment Trust Plc,,unmatched,0.0
CurveBeam AI Limited,,unmatched,0.0
"CURVES HOLDINGS Co., Ltd.",CRVS,fuzzy,80.0
Cury Construtora e Incorporadora S.A.,,unmatched,0.0
CVC Capital Partners plc,,unmatched,0.0
CXApp Inc.,APP,fuzzy,75.0
Cyber Media Research & Services Limited,,unmatched,0.0
Cynata Therapeutics Limited,,unmatched,0.0
Cyviz AS,,unmatched,0.0
D-BOX Technologies Inc.,BOXD,fuzzy,88.88888888888889
D-Wave Quantum Inc.,,unmatched,0.0
D. P. Abhushan Limited,,unmatched,0.0
"Dai-ichi Life Holdings, Inc.",,unmatched,0.0
Dangote Sugar Refinery Plc,,unmatched,0.0
Data Patterns (India) Limited,,unmatched,0.0
Daxor Corporation,AXR,fuzzy,75.0
Dayforce Inc.,,unmatched,0.0
"Day One Biopharmaceuticals, Inc.",,unmatched,0.0
DCW Limited,CW,fuzzy,80.0
Decisive Dividend Corporation,,unmatched,0.0
DEE Development Engineers Limited,,unmatched,0.0
DeFi Technologies Inc.,DEI,fuzzy,85.71428571428572
Delivra Health Brands Inc.,,unmatched,0.0
Destiny Pharma plc,,unmatched,0.0
Dhampur Bio Organics Limited,,unmatched,0.0
Dharmaj Crop Guard Limited,,unmatched,0.0
Dhruv Consultancy Services Limited,,unmatched,0.0
Diales Plc,DALS,fuzzy,80.0
Digihost Technology Inc.,,unmatched,0.0
Digikore Studios Limited,,unmatched,0.0
DiGiSPICE Technologies Limited,,unmatched,0.0
Distribution Finance Capital Holdings plc,,unmatched,0.0
DNOW Inc.,DNOW,exact,100.0
DocMorris AG,,unmatched,0.0
"Dogwood Therapeutics, Inc.",,unmatched,0.0
Dolphin Drilling AS,,unmatched,0.0
DOMS Industries Limited,,unmatched,0.0
"Dorman Products, Inc.",,unmatched,0.0
dotdigital Group Plc,,unmatched,0.0
"DoubleUGames Co., Ltd.",,unmatched,0.0
Douglas AG,,unmatched,0.0
Douglas GmbH,,unmatched,0.0
Drilling Tools International Corporation,,unmatched,0.0
Drone Destination Limited,,unmatched,0.0
DSW Capital plc,,unmatched,0.0
DUG Technology Ltd,DOUG,fuzzy,85.71428571428572
Dukhan Bank Q.P.S.C.,,unmatched,0.0
Dynavox Group AB (publ),,unmatched,0.0
Eckert & Ziegler SE,,unmatched,0.0
"Ecopro BM. Co., Ltd.",,unmatched,0.0
"Ecopro Co., Ltd.",ECOR,fuzzy,80.0
"Ecopro Materials Co., Ltd.",,unmatched,0.0
Eco Recycling Limited,,unmatched,0.0
Eco Wave Power Global AB (publ),,unmatched,0.0
EFC (I) Limited,EFC,fuzzy,75.0
Egetis Therapeutics AB (publ),,unmatched,0.0
Eidesvik Offshore ASA,,unmatched,0.0
Eldeco Housing and Industries Limited,,unmatched,0.0
Electrosteel Castings Limited,,unmatched,0.0
Elemental Altus Royalties Corp.,,unmatched,0.0
Eleving Group S.A.,,unmatched,0.0
Ellington Credit Company,,unmatched,0.0
Embla Medical hf.,,unmatched,0.0
emeis Société anonyme,,unmatched,0.0
Emerald Finance Limited,,unmatched,0.0
EMERGE Commerce Ltd.,,unmatched,0.0
eMudhra Limited,,unmatched,0.0
Endo Inc.,END,fuzzy,85.71428571428572
Endo International plc,,unmatched,0.0
ENNOSTAR Inc.,,unmatched,0.0
Enpro Inc.,ENO,fuzzy,75.0
"Ensysce Biosciences, Inc.",,unmatched,0.0
Envipco Holding N.V.,,unmatched,0.0
EON Resources Inc.,,unmatched,0.0
Epigral Limited,,unmatched,0.0
EQL Pharma AB (publ),,unmatched,0.0
essensys plc,,unmatched,0.0
Ethos Limited,ETH,fuzzy,75.0
Euroapi S.A.,,unmatched,0.0
Eutelsat Group,,unmatched,0.0
Everest Kanto Cylinder Limited,,unmatched,0.0
Everfuel A S,,unmatched,0.0
"Everus Construction, Inc.",,unmatched,0.0
Evoke plc,EVOK,fuzzy,88.88888888888889
Evome Medical Technologies Inc.,,unmatched,0.0
Ework Group AB (publ),,unmatched,0.0
Exhicon Events Media Solutions Limited,,unmatched,0.0
Exosens,,unmatched,0.0
Exro Technologies Inc.,EXR,fuzzy,85.71428571428572
"Fadel Partners, Inc.",,unmatched,0.0
Fairchem Organics Limited,,unmatched,0.0
Fedbank Financial Services Limited,,unmatched,0.0
Ferguson Enterprises Inc.,,unmatched,0.0
FIBRA Terrafina,,unmatched,0.0
Finance of America Companies Inc.,,unmatched,0.0
Fineotex Chemical Limited,,unmatched,0.0
Fine Organic Industries Limited,,unmatched,0.0
"First Business Financial Services, Inc.",,unmatched,0.0
"First Citizens Bancshares, Inc.",,unmatched,0.0
Fitipower Integrated Technology Inc.,,unmatched,0.0
"FitLife Brands, Inc.",,unmatched,0.0
"flyExclusive, Inc.",,unmatched,0.0
Focus Lighting and Fixtures Limited,,unmatched,0.0
Foods and Inns Limited,,unmatched,0.0
Foresight Environmental Infrastructure Limited,,unmatched,0.0
Formycon AG,,unmatched,0.0
Fortescue Ltd,,unmatched,0.0
Fortuna Mining Corp.,,unmatched,0.0
"Fractyl Health, Inc.",,unmatched,0.0
Fratelli Vineyards Limited,,unmatched,0.0
Freightos Limited,,unmatched,0.0
Freightways Group Limited,,unmatched,0.0
"FREYR Battery, Inc.",,unmatched,0.0
Friedrich Vorwerk Group SE,,unmatched,0.0
Frog Cellsat Limited,,unmatched,0.0
Frontier Developments plc,,unmatched,0.0
Frontier Springs Limited,,unmatched,0.0
"FrontView REIT, Inc.",,unmatched,0.0
Fuchs SE,CHS,fuzzy,75.0
Fusion Antibodies plc,,unmatched,0.0
Fusion Finance Limited,,unmatched,0.0
Future Energy Source Company Limited,,unmatched,0.0
"Future Generation Australia Limited, Future Generation Global Limited",,unmatched,0.0
Future Generation Global Limited,,unmatched,0.0
Galderma Group AG,,unmatched,0.0
Gambling.com Group Limited,,unmatched,0.0
Ganesh Benzoplast Limited,,unmatched,0.0
Ganesh Housing Corporation Limited,,unmatched,0.0
Gateley (Holdings) Plc,,unmatched,0.0
Gauzy Ltd.,,unmatched,0.0
"GCT Semiconductor Holding, Inc.",,unmatched,0.0
genedrive plc,,unmatched,0.0
GENinCode Plc,,unmatched,0.0
Genius Group Limited,GNUS,fuzzy,80.0
Gentoo Media Inc.,,unmatched,0.0
"Getaround, Inc.",,unmatched,0.0
Getlink SE,,unmatched,0.0
GE Vernova Inc.,,unmatched,0.0
GE Vernova T&D India Limited,,unmatched,0.0
Global-E Online Ltd.,,unmatched,0.0
GlobalFoundries Inc.,,unmatched,0.0
"GlobalWafers Co., Ltd., Sino-American Silicon Products Inc.",,unmatched,0.0
GMR Airports Limited,,unmatched,0.0
"Golden Matrix Group, Inc.",,unmatched,0.0
"Goldwind Science&Technology Co., Ltd.",,unmatched,0.0
Gold Flora Corporation,,unmatched,0.0
Gorilla Technology Group Inc.,,unmatched,0.0
Go Digit General Insurance Limited,,unmatched,0.0
GPT Healthcare Limited,,unmatched,0.0
"GRAIL, Inc.",GRAL,fuzzy,88.88888888888889
Greenfire Resources Ltd.,,unmatched,0.0
Green Plains Inc.,,unmatched,0.0
"Greystone Logistics, Inc.",,unmatched,0.0
Grupa Pracuj S.A.,,unmatched,0.0
Grupo Casas Bahia S.A.,,unmatched,0.0
Grupo de Moda Soma S.A.,,unmatched,0.0
"Gryphon Digital Mining, Inc.",,unmatched,0.0
"Guardian Pharmacy Services, Inc.",,unmatched,0.0
G R Infraprojects Limited,,unmatched,0.0
"Hamilton Insurance Group, Ltd.",,unmatched,0.0
"Hanwha Ocean Co., Ltd.",,unmatched,0.0
Hargreaves Services Plc,,unmatched,0.0
Hariom Pipe Industries Limited,,unmatched,0.0
Havila Kystruten AS,,unmatched,0.0
"HA Sustainable Infrastructure Capital, Inc.",,unmatched,0.0
HealthCo Healthcare and Wellness REIT,,unmatched,0.0
Hennge K.K.,,unmatched,0.0
Heramba Electric plc,GE,fuzzy,75.0
Hexatronic Group AB (publ),,unmatched,0.0
HF Foods Group Inc.,,unmatched,0.0
HF Sinclair Corporation,,unmatched,0.0
Highest Performances Holdings Inc.,,unmatched,0.0
Hilbert Group AB (publ),,unmatched,0.0
Hillgrove Resources Limited,,unmatched,0.0
hipages Group Holdings Limited,,unmatched,0.0
HLE Glascoat Limited,,unmatched,0.0
Holcim AG,,unmatched,0.0
Holding Bursátil Regional S.A.,,unmatched,0.0
Horizon Kinetics Holding Corporation,,unmatched,0.0
Huddly AS,,unmatched,0.0
Hut 8 Corp.,HUT,fuzzy,75.0
HydrogenOne Capital Growth plc,,unmatched,0.0
"Hyprop Investments Limited, 4 Months Period Ending Oct 31",,unmatched,0.0
"Hyster-Yale, Inc.",,unmatched,0.0
"Hyundai Marine & Fire Insurance Co., Ltd.",,unmatched,0.0
Hyundai Motor Company,,unmatched,0.0
i-Tail Corporation Public Company Limited,,unmatched,0.0
"Ibotta, Inc.",IBTA,fuzzy,80.0
iFabric Corp.,,unmatched,0.0
Imperial Petroleum Inc.,,unmatched,0.0
Indian Metals and Ferro Alloys Limited,,unmatched,0.0
Indian Overseas Bank,,unmatched,0.0
Indian Railway Finance Corporation Limited,,unmatched,0.0
India Glycols Limited,,unmatched,0.0
India Shelter Finance Corporation Limited,,unmatched,0.0
Indraprastha Gas Limited,,unmatched,0.0
Ingram Micro Holding Corporation,,unmatched,0.0
Innova Captab Limited,,unmatched,0.0
Inox Green Energy Services Limited,,unmatched,0.0
INOX India Limited,,unmatched,0.0
Inspire Films Limited,,unmatched,0.0
Instone Real Estate Group SE,,unmatched,0.0
Intchains Group Limited,,unmatched,0.0
Integrum AB (publ),,unmatched,0.0
Intelligent Ultrasound Group plc,,unmatched,0.0
Intermap Technologies Corporation,,unmatched,0.0
International Biotechnology Trust plc,,unmatched,0.0
International Distribution Services plc,,unmatched,0.0
International Workplace Group plc,,unmatched,0.0
"Interparfums, Inc.",,unmatched,0.0
Inter Cars S.A.,,unmatched,0.0
Invicta Holdings Limited,,unmatched,0.0
IRADIMED CORPORATION,,unmatched,0.0
Iris Clothings Limited,,unmatched,0.0
Ispire Technology Inc.,ISPR,fuzzy,80.0
IZMO Limited,GIMO,fuzzy,75.0
Jai Balaji Industries Limited,,unmatched,0.0
Jalles Machado S A,,unmatched,0.0
Jardine Cycle & Carriage Limited,,unmatched,0.0
Jash Engineering Limited,,unmatched,0.0
"JBS S.A., JBS USA Holdings, Inc.",,unmatched,0.0
JDC Group AG,DC,fuzzy,80.0
JD Health International Inc.,,unmatched,0.0
JD Sports Fashion Plc,,unmatched,0.0
Jeena Sikho Lifecare Limited,,unmatched,0.0
JHS Svendgaard Laboratories Limited,,unmatched,0.0
Jio Financial Services Limited,,unmatched,0.0
JK Tyre & Industries Limited,,unmatched,0.0
JNK India Limited,,unmatched,0.0
Johnson Service Group PLC,,unmatched,0.0
JSW Infrastructure Limited,,unmatched,0.0
JTL Industries Limited,,unmatched,0.0
Juniper Hotels Limited,,unmatched,0.0
Jupiter Life Line Hospitals Limited,,unmatched,0.0
Jupiter Wagons Limited,,unmatched,0.0
Jyoti CNC Automation Limited,,unmatched,0.0
Jyoti Resins and Adhesives Limited,,unmatched,0.0
Kainos Group plc,KINS,fuzzy,80.0
Kakao Games Corp.,,unmatched,0.0
Kaldvik AS,,unmatched,0.0
Kalyani Cast-Tech Limited,,unmatched,0.0
Kanadevia Corporation,,unmatched,0.0
KAP Limited,KAPA,fuzzy,85.71428571428572
Karnell Group AB (publ),,unmatched,0.0
"Kayne Anderson BDC, Inc.",,unmatched,0.0
Keep Inc.,BEEP,fuzzy,75.0
Kellanova,,unmatched,0.0
Keppel Infrastructure Trust,,unmatched,0.0
Keppel Ltd.,,unmatched,0.0
"KGI Financial Holding Co., Ltd.",,unmatched,0.0
Khazanchi Jewellers Limited,,unmatched,0.0
"KinderCare Learning Companies, Inc.",,unmatched,0.0
"Kiniksa Pharmaceuticals International, plc",,unmatched,0.0
Kirloskar Pneumatic Company Limited,,unmatched,0.0
Kitwave Group plc,,unmatched,0.0
Kiwetinohk Energy Corp.,,unmatched,0.0
Kodiak Sciences Inc.,,unmatched,0.0
Kokusai Electric Corporation,,unmatched,0.0
Koninklijke Heijmans N.V.,,unmatched,0.0
Kontor Space Limited,,unmatched,0.0
Kore Digital Limited,,unmatched,0.0
Krishna Institute of Medical Sciences Limited,,unmatched,0.0
"Krka, d. d.",,unmatched,0.0
Kromek Group plc,,unmatched,0.0
Krystal Integrated Services Limited,,unmatched,0.0
Kuros Biosciences AG,,unmatched,0.0
L&T Finance Limited,,unmatched,0.0
Labcorp Holdings Inc.,,unmatched,0.0
LandBridge Company LLC,,unmatched,0.0
"Lazard, Inc.",AARD,fuzzy,80.0
LBG Media plc,,unmatched,0.0
LeadDesk Oyj,,unmatched,0.0
"LENZ Therapeutics, Inc.",,unmatched,0.0
Liberty Global Ltd.,,unmatched,0.0
Liberty Live Group,,unmatched,0.0
Lifeward Ltd.,,unmatched,0.0
Linc Limited,LINC,exact,100.0
Lindex Group Oyj,,unmatched,0.0
"Lineage, Inc.",,unmatched,0.0
"Lions Gate Entertainment Corp., Lionsgate Studios Corp.",,unmatched,0.0
Liontown Resources Limited,,unmatched,0.0
Lithium Americas (Argentina) Corp.,,unmatched,0.0
Lithium Royalty Corp.,,unmatched,0.0
"LiveWire Group, Inc.",,unmatched,0.0
Lloyds Metals and Energy Limited,,unmatched,0.0
Loar Holdings Inc.,LOAR,exact,100.0
"Logility Supply Chain Solutions, Inc.",,unmatched,0.0
"Logista Integral, S.A.",,unmatched,0.0
Logistea AB (publ),,unmatched,0.0
Logistic Properties of the Americas,,unmatched,0.0
"Longboard Pharmaceuticals, Inc.",,unmatched,0.0
Lotus Technology Inc.,,unmatched,0.0
LPKF Laser & Electronics SE,,unmatched,0.0
Lucas GC Limited,,unmatched,0.0
Lyko Group AB (publ),,unmatched,0.0
Macfarlane Group PLC,,unmatched,0.0
Madhusudan Masala Limited,,unmatched,0.0
Maiden Forgings Limited,,unmatched,0.0
Maire S.p.A.,,unmatched,0.0
Mallcom (India) Limited,,unmatched,0.0
Manaksia Coated Metals & Industries Limited,,unmatched,0.0
Mangalore Refinery and Petrochemicals Limited,,unmatched,0.0
Man Industries (India) Limited,,unmatched,0.0
Marathon Nextgen Realty Limited,,unmatched,0.0
"MARA Holdings, Inc.",MARA,exact,100.0
Marex Group plc,MARX,fuzzy,88.88888888888889
Markolines Pavement Technologies Limited,,unmatched,0.0
"Marti Technologies, Inc.",ARI,fuzzy,75.0
Masraf Al Rayan (Q.P.S.C.),,unmatched,0.0
Mattr Corp.,MTTR,fuzzy,88.88888888888889
MDA Space Ltd.,,unmatched,0.0
"MDB Capital Holdings, LLC",,unmatched,0.0
Megachem Limited,,unmatched,0.0
Mega First Corporation Berhad,,unmatched,0.0
Meghmani Organics Limited,,unmatched,0.0
Melnick Desenvolvimento Imobiliário S.A.,,unmatched,0.0
Melrose Industries PLC,,unmatched,0.0
Mercialys SA,,unmatched,0.0
Merck KGaA,,unmatched,0.0
Meson Valves India Limited,,unmatched,0.0
Metallus Inc.,,unmatched,0.0
Metals Acquisition Limited,,unmatched,0.0
"MetaWorks Platforms, Inc.",META,fuzzy,84.84848484848484
Michelmersh Brick Holdings plc,,unmatched,0.0
Microlise Group plc,,unmatched,0.0
"Milbon Co., Ltd.",,unmatched,0.0
Minehub Technologies Inc.,,unmatched,0.0
"Minor Hotels Europe & Americas, S.A.",,unmatched,0.0
Mirriad Advertising plc,,unmatched,0.0
Mitsubishi Electric Corporation,,unmatched,0.0
Mitsu Chem Plast Limited,,unmatched,0.0
Mobile Infrastructure Corporation,,unmatched,0.0
"Mobix Labs, Inc.",,unmatched,0.0
Mobly S.A.,,unmatched,0.0
Moltiply Group S.p.A.,,unmatched,0.0
Momentum Group Limited,,unmatched,0.0
MoneyHero Limited,,unmatched,0.0
Monogram Technologies Inc.,,unmatched,0.0
Montana Technologies Corporation,,unmatched,0.0
MONY Group plc,MON,fuzzy,85.71428571428572
Morepen Laboratories Limited,,unmatched,0.0
Moura Dubeux Engenharia S.A.,,unmatched,0.0
MPC Münchmeyer Petersen Capital AG,,unmatched,0.0
MPM Corpóreos S.A.,,unmatched,0.0
"MSP Recovery, Inc.",,unmatched,0.0
Multilaser Industrial S.A.,,unmatched,0.0
Multiply Group PJSC,,unmatched,0.0
Multitude P.L.C.,,unmatched,0.0
Muscat Gases Company SAOG,,unmatched,0.0
Mustek Limited,,unmatched,0.0
N4 Pharma Plc,,unmatched,0.0
NAHL Group Plc,NABL,fuzzy,75.0
NAOS Emerging Opportunities Company Limited,,unmatched,0.0
NAOS Ex-50 Opportunities Company Limited,,unmatched,0.0
National Biscuit Industries Limited SAOG,,unmatched,0.0
"National Healthcare Properties, Inc.",,unmatched,0.0
Natural Capsules Limited,,unmatched,0.0
"NCC Group plc, 16 Months Period Ending Sep 30",,unmatched,0.0
NCR Atleos Corporation,,unmatched,0.0
NCSOFT Corporation,,unmatched,0.0
NDR Auto Components Limited,,unmatched,0.0
Nebius Group N.V.,,unmatched,0.0
Nelcast Limited,,unmatched,0.0
Neola Medical AB (publ),,unmatched,0.0
Net Insight AB (publ),,unmatched,0.0
"NeueHealth, Inc.",,unmatched,0.0
"Neumora Therapeutics, Inc.",,unmatched,0.0
"NeurAxis, Inc.",,unmatched,0.0
Neuren Pharmaceuticals Limited,,unmatched,0.0
Newjaisa Technologies Limited,,unmatched,0.0
NewMed Energy - Limited Partnership,,unmatched,0.0
New Wave Group AB (publ),,unmatched,0.0
"NextEra Energy, Inc., NextEra Energy Partners, LP",,unmatched,0.0
Nexxen International Ltd.,,unmatched,0.0
Nido Education Limited,,unmatched,0.0
NINtec Systems Limited,,unmatched,0.0
Nippon Building Fund Inc.,,unmatched,0.0
Nitin Spinners Limited,,unmatched,0.0
Niva Bupa Health Insurance Company Limited,,unmatched,0.0
Norconsult ASA,,unmatched,0.0
Nordic Unmanned ASA,,unmatched,0.0
Norse Atlantic ASA,,unmatched,0.0
Northern Data AG,,unmatched,0.0
NorthStar Gaming Holdings Inc.,,unmatched,0.0
"Northwest Bancshares, Inc.",,unmatched,0.0
Novatti Group Limited,,unmatched,0.0
NTG Clarity Networks Inc.,,unmatched,0.0
NTT DATA Group Corporation,,unmatched,0.0
Nutex Health Inc.,,unmatched,0.0
Nuvama Wealth Management Limited,,unmatched,0.0
Nuveen Churchill Direct Lending Corp.,,unmatched,0.0
"Nxera Pharma Co., Ltd.",,unmatched,0.0
Nyab AB (publ),,unmatched,0.0
Nyrada Inc.,,unmatched,0.0
Ohmyhome Limited,,unmatched,0.0
Oklo Inc.,OKLO,exact,100.0
Olectra Greentech Limited,,unmatched,0.0
Oman Telecommunications Company SAOG,,unmatched,0.0
Omda AS,,unmatched,0.0
Om Sai Fleet Management India Private Limited,,unmatched,0.0
"Oncor Electric Delivery Company LLC, Sempra",,unmatched,0.0
Ondo InsurTech Plc,,unmatched,0.0
"OneStream, Inc.",,unmatched,0.0
Onity Group Inc.,ONIT,fuzzy,88.88888888888889
Onward Medical N.V.,,unmatched,0.0
OPmobility SE,,unmatched,0.0
OQ Gas Networks SAOC,,unmatched,0.0
Orchid Pharma Limited,,unmatched,0.0
Oriental Aromatics Limited,,unmatched,0.0
"Oriental Land Co., Ltd.",,unmatched,0.0
Orient Bell Limited,,unmatched,0.0
Orizon Valorização de Resíduos S.A.,,unmatched,0.0
"Otsuka Holdings Co., Ltd.",,unmatched,0.0
"Outlook Therapeutics, Inc.",,unmatched,0.0
"PACS Group, Inc.",PACS,exact,100.0
Pakka Limited,AKA,fuzzy,75.0
Palmer Square Capital BDC Inc.,,unmatched,0.0
Pantheon Infrastructure PLC,,unmatched,0.0
Paradeep Phosphates Limited,,unmatched,0.0
"Parks! America, Inc.",,unmatched,0.0
Partners Group Private Equity Limited,,unmatched,0.0
Patanjali Foods Limited,,unmatched,0.0
Patel Engineering Limited,,unmatched,0.0
"Paysign, Inc.",,unmatched,0.0
PCBL Chemical Limited,,unmatched,0.0
Pearl Global Industries Limited,,unmatched,0.0
Peet Limited,PET,fuzzy,85.71428571428572
PepGen Inc.,PEPG,fuzzy,80.0
PeptiDream Inc.,,unmatched,0.0
Personal Group Holdings Plc,,unmatched,0.0
Petershill Partners plc,,unmatched,0.0
Petroreconcavo S.A.,,unmatched,0.0
Petrus Resources Ltd.,,unmatched,0.0
Pharos Energy plc,,unmatched,0.0
"Phathom Pharmaceuticals, Inc.",,unmatched,0.0
PHAXIAM Therapeutics S.A.,,unmatched,0.0
PHINMA Corporation,PHIN,fuzzy,80.0
Phoenix Financial Ltd,,unmatched,0.0
Phoenix Mecano AG,,unmatched,0.0
Pila Pharma AB (publ),,unmatched,0.0
"Pinewood Technologies Group PLC, 13 Months Period Ending Jan 31",,unmatched,0.0
Pinewood Technologies Group PLC,,unmatched,0.0
Pine Cliff Energy Ltd.,,unmatched,0.0
Pinstripes Holdings Inc.,,unmatched,0.0
Pitti Engineering Limited,,unmatched,0.0
"PLAID,Inc.",LAD,fuzzy,75.0
Pluxee N.V.,,unmatched,0.0
"PodcastOne, Inc.",,unmatched,0.0
Pollard Banknote Limited,,unmatched,0.0
Pollen Street Group Limited,,unmatched,0.0
Poly Medicure Limited,,unmatched,0.0
PowerCell Sweden AB (publ),,unmatched,0.0
Powergrid Infrastructure Investment Trust,,unmatched,0.0
Power & Instrumental (Gujarat) Limited,,unmatched,0.0
Praveg Limited,RAVE,fuzzy,80.0
Precious Shipping Public Company Limited,,unmatched,0.0
Premier Roadlines Limited,,unmatched,0.0
Prevest Denpro Limited,,unmatched,0.0
Prio S.A.,PRI,fuzzy,85.71428571428572
Privi Speciality Chemicals Limited,,unmatched,0.0
ProCredit Holding AG,,unmatched,0.0
"Proficient Auto Logistics, Inc.",,unmatched,0.0
Prospect Commodities Limited,,unmatched,0.0
Prospect Consumer Products Limited,,unmatched,0.0
"Provectus Biopharmaceuticals, Inc.",,unmatched,0.0
"PSQ Holdings, Inc.",PSQH,fuzzy,85.71428571428572
PT Bukalapak.com Tbk.,,unmatched,0.0
PT Medco Energi Internasional Tbk,,unmatched,0.0
Public Property Invest ASA,,unmatched,0.0
"Puig Brands, S.A.",,unmatched,0.0
Pureprofile Ltd,,unmatched,0.0
Pyramid Technoplast Limited,,unmatched,0.0
QMS Medical Allied Services Limited,,unmatched,0.0
Qoria Limited,ORIA,fuzzy,88.88888888888889
Quadrise Plc,,unmatched,0.0
Quanta Computer Inc.,,unmatched,0.0
"Quebecor Inc., Quebecor Media Inc.",,unmatched,0.0
"Radius Recycling, Inc.",,unmatched,0.0
Radius Residential Care Limited,,unmatched,0.0
Rail Vikas Nigam Limited,,unmatched,0.0
Rainbow Children's Medicare Limited,,unmatched,0.0
Raiz Invest Limited,,unmatched,0.0
Rajratan Global Wire Limited,,unmatched,0.0
Rajshree Polypack Limited,,unmatched,0.0
Ramco Systems Limited,CSCO,fuzzy,76.92307692307692
Ramsdens Holdings PLC,,unmatched,0.0
"Rane Brake Lining Limited, Rane Holdings Limited",,unmatched,0.0
Rane Holdings Limited,ANDE,fuzzy,75.0
Rashi Peripherals Limited,,unmatched,0.0
Raspberry Pi Holdings plc,,unmatched,0.0
"RBB Bancorp, Royal Business Bank, Rbb Asset Management Company",,unmatched,0.0
RBZ Jewellers Limited,,unmatched,0.0
Realbotix Corp.,,unmatched,0.0
"Recursion Pharmaceuticals, Inc.",,unmatched,0.0
"Reddit, Inc.",EDIT,fuzzy,80.0
"Redeia Corporación, S.A.",,unmatched,0.0
Redox Limited,DOX,fuzzy,75.0
Refex Industries Limited,,unmatched,0.0
ReFuels N.V.,,unmatched,0.0
Regency Petroleum Company Limited,,unmatched,0.0
Reitmans (Canada) Limited,,unmatched,0.0
"Reliance, Inc.",,unmatched,0.0
RENK Group AG,AREN,fuzzy,75.0
Renova Energia S.A.,,unmatched,0.0
"ReposiTrak, Inc.",,unmatched,0.0
Responsive Industries Limited,,unmatched,0.0
Restaurant Brands International Limited Partnership,,unmatched,0.0
Restore plc,,unmatched,0.0
RE Royalties Ltd.,,unmatched,0.0
"Riot Platforms, Inc.",,unmatched,0.0
Risk Intelligence A S,,unmatched,0.0
Riyad Bank,,unmatched,0.0
Robert Walters plc,,unmatched,0.0
"Robosense Technology Co., Ltd",,unmatched,0.0
RocketDNA Ltd.,,unmatched,0.0
Rockingdeals Circular Economy Limited,,unmatched,0.0
"ROHM Co., Ltd.",IROH,fuzzy,75.0
Romande Energie Holding SA,,unmatched,0.0
ROX Hi-Tech Limited,,unmatched,0.0
RPMGlobal Holdings Limited,,unmatched,0.0
"Rubrik, Inc.",RBRK,fuzzy,80.0
RugVista Group AB (publ),,unmatched,0.0
"RumbleOn, Inc.",,unmatched,0.0
R R Kabel Limited,,unmatched,0.0
Saakshi Medtech and Panels Limited,,unmatched,0.0
Sabaf S.p.A.,,unmatched,0.0
Safestore Holdings Plc,,unmatched,0.0
Salam International Investment Limited Q.P.S.C.,,unmatched,0.0
Sammaan Capital Limited,,unmatched,0.0
Sandoz Group AG,,unmatched,0.0
Sanghvi Movers Limited,,unmatched,0.0
Sansera Engineering Limited,,unmatched,0.0
Sastasundar Ventures Limited,,unmatched,0.0
Saudi Aramco Base Oil Company - Luberef,,unmatched,0.0
SCHOTT Pharma AG & Co. KGaA,,unmatched,0.0
Schroder British Opportunities Trust PLC,,unmatched,0.0
Scinai Immunotherapeutics Ltd.,,unmatched,0.0
"SCREEN Holdings Co., Ltd.",CREE,fuzzy,80.0
SC KN Energies,,unmatched,0.0
SDCL Energy Efficiency Income Trust Plc,,unmatched,0.0
Sea1 Offshore Inc.,,unmatched,0.0
Seacrest Petroleo Bermuda Limited,,unmatched,0.0
Senstar Technologies Corporation,,unmatched,0.0
Serena Energia S.A.,,unmatched,0.0
Serica Energy plc,,unmatched,0.0
Serve Robotics Inc.,,unmatched,0.0
Servotech Power Systems Limited,,unmatched,0.0
Seven Group Holdings Limited,SEVN,fuzzy,88.88888888888889
SG Mart Limited,,unmatched,0.0
Shaftesbury Capital PLC,,unmatched,0.0
Shape Robotics A S,,unmatched,0.0
Shearwater Group plc,,unmatched,0.0
"Shelf Drilling, Ltd., Shelf Drilling (North Sea), Ltd.",,unmatched,0.0
"Shenzhen Inovance Technology Co.,Ltd",,unmatched,0.0
Shield Therapeutics plc,,unmatched,0.0
Shilchar Technologies Limited,,unmatched,0.0
Shimmick Corporation,,unmatched,0.0
Shivalik Bimetal Controls Limited,,unmatched,0.0
Shree OSFM E-Mobility Limited,,unmatched,0.0
Shriram Pistons & Rings Limited,,unmatched,0.0
Shriram Properties Limited,,unmatched,0.0
Shri Keshav Cements and Infra Limited,,unmatched,0.0
Shurgard Self Storage Ltd,,unmatched,0.0
Sigachi Industries Limited,,unmatched,0.0
Sigma Solve Limited,,unmatched,0.0
"Sila Realty Trust, Inc.",,unmatched,0.0
"Silvaco Group, Inc.",,unmatched,0.0
SilverCrest Metals Inc.,,unmatched,0.0
Singamas Container Holdings Limited,,unmatched,0.0
Sisram Medical Ltd,,unmatched,0.0
Six Flags Entertainment Corporation,,unmatched,0.0
Siyaram Silk Mills Limited,,unmatched,0.0
SkinBioTherapeutics plc,,unmatched,0.0
"Skye Bioscience, Inc.",,unmatched,0.0
SKYX Platforms Corp.,,unmatched,0.0
Sky Gold Limited,,unmatched,0.0
"SK IE Technology Co., Ltd.",,unmatched,0.0
Slone Infosystems Limited,,unmatched,0.0
Smartpay Holdings Limited,,unmatched,0.0
Smith Douglas Homes Corp.,,unmatched,0.0
SMS Pharmaceuticals Limited,,unmatched,0.0
Smurfit Westrock Plc,,unmatched,0.0
Snipp Interactive Inc.,,unmatched,0.0
Soitec SA,OTEC,fuzzy,80.0
"Solaris Energy Infrastructure, Inc.",,unmatched,0.0
Solid State plc,,unmatched,0.0
Solventum Corporation,,unmatched,0.0
Solwers Oyj,,unmatched,0.0
Som Distilleries and Breweries Limited,,unmatched,0.0
"Soop Co., Ltd.",COOP,fuzzy,75.0
SpareBank 1 Sør-Norge ASA,,unmatched,0.0
Speciality Restaurants Limited,,unmatched,0.0
Spectrum Talent Management Limited,,unmatched,0.0
Speedy Hire Plc,,unmatched,0.0
Spencer's Retail Limited,,unmatched,0.0
Spirax Group plc,PRAX,fuzzy,80.0
Spir Group ASA,,unmatched,0.0
"Splash Beverage Group, Inc.",,unmatched,0.0
Sportking India Limited,,unmatched,0.0
Springfield Properties PLC,,unmatched,0.0
"SpringWorks Therapeutics, Inc.",,unmatched,0.0
"Spruce Biosciences, Inc.",,unmatched,0.0
Stabilus SE,,unmatched,0.0
"StandardAero, Inc.",,unmatched,0.0
Standard Lithium Ltd.,,unmatched,0.0
Stanley Lifestyles Limited,,unmatched,0.0
Stanmore Resources Limited,,unmatched,0.0
Starbreeze AB (publ),,unmatched,0.0
"Starco Brands, Inc.",,unmatched,0.0
Steakholder Foods Ltd.,,unmatched,0.0
Stealth Group Holdings Ltd,,unmatched,0.0
Steelcast Limited,,unmatched,0.0
Step One Clothing Limited,,unmatched,0.0
Sterling Tools Limited,,unmatched,0.0
Storage Technologies and Automation Limited,,unmatched,0.0
Straker Limited,,unmatched,0.0
Strattec Security Corporation,,unmatched,0.0
"Strawberry Fields REIT, Inc.",,unmatched,0.0
Strike Energy Limited,,unmatched,0.0
Strix Group Plc,SIX,fuzzy,75.0
Sucro Limited,,unmatched,0.0
Summit Midstream Corporation,,unmatched,0.0
"Sunrise Realty Trust, Inc.",,unmatched,0.0
Super Group (SGHC) Limited,,unmatched,0.0
Super Hi International Holding Ltd.,,unmatched,0.0
Supreme Petrochem Limited,,unmatched,0.0
Supreme Plc,,unmatched,0.0
Suraj Estate Developers Limited,,unmatched,0.0
Suyog Telematics Limited,,unmatched,0.0
Svitzer Group A S,,unmatched,0.0
Swaraj Suiting Limited,,unmatched,0.0
Swiggy Limited,,unmatched,0.0
Syensqo SA NV,,unmatched,0.0
Sygnus Credit Investments Limited,,unmatched,0.0
Sylvania Platinum Limited,,unmatched,0.0
Symphony Environmental Technologies plc,,unmatched,0.0
Synergy CHC Corp.,,unmatched,0.0
Syntara Limited,,unmatched,0.0
Syn Prop & Tech S.A.,,unmatched,0.0
Syra Health Corp.,,unmatched,0.0
System1 Group PLC,,unmatched,0.0
"T&D Holdings, Inc.",DT,fuzzy,80.0
Taaleem Holdings PJSC,,unmatched,0.0
"Talphera, Inc.",,unmatched,0.0
Tamboran Resources Corporation,,unmatched,0.0
Tamilnad Mercantile Bank Limited,,unmatched,0.0
Tanger Inc.,,unmatched,0.0
"Tarsus Pharmaceuticals, Inc.",,unmatched,0.0
Tata Technologies Limited,ALTA,fuzzy,75.0
TAT Technologies Ltd.,TACT,fuzzy,85.71428571428572
TBO Tek Limited,,unmatched,0.0
"TCC Group Holdings Co., Ltd.",KTCC,fuzzy,85.71428571428572
TCL Electronics Holdings Limited,,unmatched,0.0
Team17 Group plc,,unmatched,0.0
TeamViewer SE,,unmatched,0.0
Technocraft Industries (India) Limited,,unmatched,0.0
Tecnotree Oyj,,unmatched,0.0
"Teekay Corporation Ltd., Teekay Tankers Ltd.",,unmatched,0.0
Telelink Business Services Group AD,,unmatched,0.0
"Tempus AI, Inc",,unmatched,0.0
Teneo AI AB (publ),,unmatched,0.0
Teqnion AB (publ),,unmatched,0.0
TE Connectivity plc,,unmatched,0.0
Thaai Casting Limited,,unmatched,0.0
Theracryf Plc,,unmatched,0.0
Theralase Technologies Inc.,,unmatched,0.0
Thermal Energy International Inc.,,unmatched,0.0
"The Baldwin Insurance Group, Inc.",,unmatched,0.0
The Charles Schwab Corporation,,unmatched,0.0
The Erawan Group Public Company Limited,,unmatched,0.0
The People's Insurance Company (Group) of China Limited,,unmatched,0.0
The Platform Group AG,,unmatched,0.0
The Ramco Cements Limited,,unmatched,0.0
The Saudi Investment Bank,,unmatched,0.0
The Saudi National Bank,,unmatched,0.0
Thor Explorations Ltd.,,unmatched,0.0
"Tigo Energy, Inc.",,unmatched,0.0
Tinna Rubber and Infrastructure Limited,,unmatched,0.0
Tips Music Limited,,unmatched,0.0
"Tokyo Lifestyle Co., Ltd.",,unmatched,0.0
tonies SE,,unmatched,0.0
Topsports International Holdings Limited,,unmatched,0.0
"TOYO Co., Ltd",TOON,fuzzy,75.0
Trade Estates REIC,,unmatched,0.0
Trade Window Holdings Limited,,unmatched,0.0
Transformers and Rectifiers (India) Limited,,unmatched,0.0
"Traws Pharma, Inc.",,unmatched,0.0
Três Tentos Agroindustrial S A,,unmatched,0.0
Trifork Group AG,,unmatched,0.0
Trigon Metals Inc.,,unmatched,0.0
"TruBridge, Inc.",,unmatched,0.0
TR Property Investment Trust plc,,unmatched,0.0
TVS Supply Chain Solutions Limited,,unmatched,0.0
"TWFG, Inc.",TWFG,exact,100.0
"TXNM Energy, Inc.",,unmatched,0.0
Ultimate Products Plc,,unmatched,0.0
"Ultrafabrics Holdings Co.,Ltd.",,unmatched,0.0
UL Solutions Inc.,,unmatched,0.0
Uni-President Enterprises Corp.,,unmatched,0.0
Unicommerce eSolutions Limited,,unmatched,0.0
"United Homes Group, Inc.",,unmatched,0.0
United Parks & Resorts Inc.,,unmatched,0.0
"Unusual Machines, Inc.",,unmatched,0.0
Updater Services Limited,,unmatched,0.0
Uravi T & Wedge Lamps Limited,,unmatched,0.0
Urgent.ly Inc.,,unmatched,0.0
Ushio Inc.,USIO,fuzzy,88.88888888888889
Utkarsh Small Finance Bank Limited,,unmatched,0.0
Vantage Drilling International Ltd.,,unmatched,0.0
Velocity Composites plc,,unmatched,0.0
Ventura Offshore Holding Ltd.,,unmatched,0.0
Venu Holding Corporation,VENU,exact,100.0
Verbio SE,VERB,fuzzy,80.0
Verbrec Limited,,unmatched,0.0
Veren Inc.,VER,fuzzy,75.0
Verve Group SE,VERV,fuzzy,88.88888888888889
Vestum AB (publ),,unmatched,0.0
Vibhor Steel Tubes Limited,,unmatched,0.0
Vietnam Prosperity Joint Stock Commercial Bank,,unmatched,0.0
Viking Holdings Ltd,,unmatched,0.0
Vilas Transcore Limited,,unmatched,0.0
"Viper Energy, Inc.",,unmatched,0.0
Vireo Growth Inc.,,unmatched,0.0
Viridien Société anonyme,,unmatched,0.0
Virtuoso Optoelectronics Limited,,unmatched,0.0
Vishnu Prakash R Punglia Limited,,unmatched,0.0
Vitec Software Group AB (publ),,unmatched,0.0
"Vitru Brasil Empreendimentos, Participações e Comércio S.A",,unmatched,0.0
Vitura Health Limited,,unmatched,0.0
Volatus Aerospace Inc.,,unmatched,0.0
VSTECS Holdings Limited,VSEC,fuzzy,80.0
VusionGroup S.A.,,unmatched,0.0
Waldencast plc,,unmatched,0.0
"WAM Capital Limited, WAM Microcap Limited, WAM Research Limited, WAM Active Limited",,unmatched,0.0
Warehouses De Pauw SA,,unmatched,0.0
Watches of Switzerland Group PLC,,unmatched,0.0
Waystar Holding Corp.,,unmatched,0.0
WEBTOON Entertainment Inc.,,unmatched,0.0
Web Travel Group Limited,,unmatched,0.0
Welspun Specialty Solutions Limited,,unmatched,0.0
Westgold Resources Limited,,unmatched,0.0
We Buy Cars Holdings Limited,,unmatched,0.0
Whirlpool of India Limited,,unmatched,0.0
Willis Lease Finance Corporation,,unmatched,0.0
WillScot Holdings Corporation,,unmatched,0.0
Windlas Biotech Limited,,unmatched,0.0
Witan Investment Trust plc,,unmatched,0.0
Wiz Co Participações e Corretagem de Seguros S.A.,,unmatched,0.0
Worksport Ltd.,,unmatched,0.0
XAI Octagon Floating Rate & Alternative Income Trust,,unmatched,0.0
"XP Factory Plc, 15 Months Period Ending Mar 31",,unmatched,0.0
XP Factory Plc,,unmatched,0.0
Yageo Corporation,AEO,fuzzy,75.0
Yatra Online Limited,,unmatched,0.0
Yubico AB,,unmatched,0.0
Z-Tech (India) Limited,,unmatched,0.0
Zabka Group S.A.,AKA,fuzzy,75.0
Zapata Computing Holdings Inc.,,unmatched,0.0
Zapp Electric Vehicles Group Limited,,unmatched,0.0
Zedcor Inc.,ECOR,fuzzy,80.0
Zehnder Group AG,,unmatched,0.0
Zen Technologies Limited,ZEN,exact,100.0
"Zhejiang Leapmotor Technology Co., Ltd.",,unmatched,0.0
Zigup Plc,ZIP,fuzzy,75.0
Zijin Mining Group Company Limited,,unmatched,0.0
Zinka Logistics Solutions Limited,,unmatched,0.0
ZKH Group Limited,,unmatched,0.0
01 Quantum Inc.,,unmatched,0.0
3i Infotech Limited,,unmatched,0.0
4DMedical Limited,,unmatched,0.0
Aadhar Housing Finance Limited,,unmatched,0.0
"Abacus Global Management, Inc.",,unmatched,0.0
Abacus Storage King,,unmatched,0.0
Abans Financial Services Limited,,unmatched,0.0
Aberdeen Group Plc,,unmatched,0.0
Abingdon Health Plc,,unmatched,0.0
ABN AMRO BANK N.V.,,unmatched,0.0
Abraj Energy Services SAOG,,unmatched,0.0
Acadian Asset Management Inc.,,unmatched,0.0
Accelerant Holdings,,unmatched,0.0
ACCESS Newswire Inc.,,unmatched,0.0
ACME Solar Holdings Limited,,unmatched,0.0
Acomo N.V.,,unmatched,0.0
Acuity Inc.,,unmatched,0.0
Acuren Corporation,ACRE,fuzzy,80.0
Acusensus Limited,,unmatched,0.0
Acutaas Chemicals Limited,,unmatched,0.0
ACWA Power Company,,unmatched,0.0
"Adamas Trust, Inc.",,unmatched,0.0
Aditya Vision Limited,,unmatched,0.0
Admicom Oyj,,unmatched,0.0
ADNOC Gas PLC,,unmatched,0.0
ADNOC Logistics & Services plc,,unmatched,0.0
ADS-TEC Energy PLC,,unmatched,0.0
Advanced Braking Technology Limited,,unmatched,0.0
Advanced Flower Capital Inc.,,unmatched,0.0
"Aeluma, Inc.",,unmatched,0.0
Aeorema Communications plc,,unmatched,0.0
Aeroflex Industries Limited,,unmatched,0.0
AFC Energy plc,,unmatched,0.0
Affle 3i Limited,,unmatched,0.0
AF Legal Group Limited,,unmatched,0.0
Aiforia Technologies Oyj,,unmatched,0.0
AirJoule Technologies Corporation,,unmatched,0.0
"AIRO Group Holdings, Inc.",AIRO,exact,100.0
Aker BioMarine ASA,,unmatched,0.0
"Akeso, Inc.",AEO,fuzzy,75.0
Akme Fintrade (India) Limited,,unmatched,0.0
Alivus Life Sciences Limited,,unmatched,0.0
Alliance Aviation Services Limited,,unmatched,0.0
Alliance Laundry Holdings Inc.,,unmatched,0.0
Allied Blenders and Distillers Limited,,unmatched,0.0
All E Technologies Limited,ALE,fuzzy,75.0
All for One Group SE,,unmatched,0.0
Alpha Bank S.A.,,unmatched,0.0
Alpha Cognition Inc.,,unmatched,0.0
AlRayan Bank Q.P.S.C.,,unmatched,0.0
alstria office AG,,unmatched,0.0
Altron Limited,ALRN,fuzzy,80.0
ALX Oncology Holdings Inc.,,unmatched,0.0
Al Anwar Ceramic Tiles Company SAOG,,unmatched,0.0
Al Fajar Al Alamia Company SAOG,,unmatched,0.0
Al Jazeera Steel Products Company SAOG,,unmatched,0.0
Al Jazeira Services Company SAOG,,unmatched,0.0
Al Khaleej Takaful Insurance Company Q.P.S.C.,,unmatched,0.0
Al Maha Ceramics SAOG,,unmatched,0.0
Al Maha Petroleum Products Marketing Company SAOG,,unmatched,0.0
Al Mahhar Holding Company Q.P.S.C.,,unmatched,0.0
Al Omaniya Financial Services SAOG,,unmatched,0.0
Amadeus FiRe AG,,unmatched,0.0
Amaero Ltd,AMAO,fuzzy,80.0
Amaroq Ltd.,AMAO,fuzzy,80.0
Amber International Holding Limited,,unmatched,0.0
Ambipar Participações e Empreendimentos S.A.,,unmatched,0.0
"Ambiq Micro, Inc.",,unmatched,0.0
American Bitcoin Corp.,,unmatched,0.0
"American Integrity Insurance Group, Inc.",,unmatched,0.0
Americas Gold and Silver Corporation,,unmatched,0.0
Amplitude Energy Limited,,unmatched,0.0
Amrize AG,AMZE,fuzzy,80.0
"Angel Studios, Inc.",,unmatched,0.0
Angi Inc.,ANGI,exact,100.0
AnteoTech Limited,,unmatched,0.0
AoFrio Limited,,unmatched,0.0
Apollo Finvest (India) Limited,,unmatched,0.0
Apotea AB (publ),,unmatched,0.0
Applied Nutrition Plc,,unmatched,0.0
Aptamer Group PLC,,unmatched,0.0
Arabia Falcon Insurance SAOG,,unmatched,0.0
Arab Banking Corporation (B.S.C.),,unmatched,0.0
Arafura Rare Earths Limited,,unmatched,0.0
Araxi Limited,ARAI,fuzzy,88.88888888888889
Arctic Fish Holding AS,,unmatched,0.0
"Ardent Health, Inc.",,unmatched,0.0
Arista Networks Inc,,unmatched,0.0
"Armac Locação, Logística e Serviços S.A.",,unmatched,0.0
Armlogi Holding Corp.,,unmatched,0.0
"Array Digital Infrastructure, Inc., Telephone and Data Systems, Inc.",,unmatched,0.0
"Arteche Lantegi Elkartea, S.A.",,unmatched,0.0
Artemis Gold Inc.,,unmatched,0.0
Artrya Limited,ARRY,fuzzy,80.0
Ascentage Pharma Group International,,unmatched,0.0
Aspen Insurance Holdings Limited,,unmatched,0.0
Asseco South Eastern Europe S.A.,,unmatched,0.0
Associated Alcohols & Breweries Limited,,unmatched,0.0
AS APF Holdings,,unmatched,0.0
"Atalaya Mining Copper, S.A.",,unmatched,0.0
"Ateam Holdings Co., Ltd.",AAM,fuzzy,75.0
Ategrity Specialty Insurance Company Holdings,,unmatched,0.0
Athens International Airport S.A.,,unmatched,0.0
"Atlanta Braves Holdings, Inc.",,unmatched,0.0
"AtlasClear Holdings, Inc.",,unmatched,0.0
Atlas Copco AB (publ),,unmatched,0.0
Atturra Limited,,unmatched,0.0
Aumovio SE,,unmatched,0.0
Australian Strategic Materials Ltd,,unmatched,0.0
Austriacard Holdings AG,MA,fuzzy,76.19047619047619
AVA Risk Group Limited,,unmatched,0.0
"Avidbank Holdings, Inc.",,unmatched,0.0
AVI Products India Limited,,unmatched,0.0
AWL Agri Business Limited,,unmatched,0.0
Ayfie International AS,,unmatched,0.0
Azbil Corporation,ABL,fuzzy,75.0
Azzas 2154 S.A.,,unmatched,0.0
Bairong Inc.,,unmatched,0.0
Baloise Holding AG,,unmatched,0.0
Bank Alfalah Limited,,unmatched,0.0
Bank Dhofar SAOG,,unmatched,0.0
Bank Nizwa SAOG,,unmatched,0.0
"Bank of Chongqing Co., Ltd.",,unmatched,0.0
Bansal Wire Industries Limited,,unmatched,0.0
Barita Investments Limited,,unmatched,0.0
Barka Desalination Company SAOG,,unmatched,0.0
Barka Water and Power Company SAOG,,unmatched,0.0
Barratt Redrow plc,,unmatched,0.0
Barrick Mining Corporation,,unmatched,0.0
Base Carbon Inc.,,unmatched,0.0
Basilic Fly Studio Limited,,unmatched,0.0
Bayer CropScience Limited,,unmatched,0.0
BCI Minerals Limited,,unmatched,0.0
BCP Investment Corp.,,unmatched,0.0
Beacon Financial Corporation,,unmatched,0.0
Beauty Farm Medical and Health Industry Inc.,,unmatched,0.0
"Bed Bath & Beyond, Inc.",,unmatched,0.0
Beeks Financial Cloud Group plc,,unmatched,0.0
Beforepay Group Limited,,unmatched,0.0
"BeiGene, Ltd.",,unmatched,0.0
BELIMO Holding AG,,unmatched,0.0
BeOne Medicines AG,,unmatched,0.0
BeOne Medicines Ltd.,,unmatched,0.0
Bertrandt Aktiengesellschaft,,unmatched,0.0
Best Agrolife Limited,,unmatched,0.0
"Beta Bionics, Inc.",,unmatched,0.0
"BETA Technologies, Inc.",BETA,exact,100.0
BETR Entertainment Limited,,unmatched,0.0
Betr Entertainment Limited,,unmatched,0.0
BEWI ASA,,unmatched,0.0
Bharti Hexacom Limited,,unmatched,0.0
Bigbloc Construction Limited,,unmatched,0.0
Billionbrains Garage Ventures Limited,,unmatched,0.0
"BillionToOne, Inc.",,unmatched,0.0
Biome Australia Limited,,unmatched,0.0
Birchtech Corp.,,unmatched,0.0
BirlaNu Limited,,unmatched,0.0
BitFuFu Inc.,,unmatched,0.0
BizLink Holding Inc.,,unmatched,0.0
Björn Borg AB (publ),,unmatched,0.0
Blackbird plc,,unmatched,0.0
BlackBuck Limited,,unmatched,0.0
BlackRock World Mining Trust plc,,unmatched,0.0
"Black Rock Coffee Bar, Inc.",,unmatched,0.0
"Blaize Holdings, Inc.",BLZE,fuzzy,80.0
BlueBet Holdings Ltd,,unmatched,0.0
Blue Owl Technology Finance Corp.,,unmatched,0.0
Blu Label Unlimited Group Limited,,unmatched,0.0
BNK Banking Corporation Limited,,unmatched,0.0
Boa Safra Sementes S.A.,,unmatched,0.0
Bolsas y Mercados Argentinos S.A.,,unmatched,0.0
Boom Logistics Limited,,unmatched,0.0
"Bora Pharmaceuticals Co., LTD.",,unmatched,0.0
Borgestad ASA,,unmatched,0.0
Brain+ A S,,unmatched,0.0
Brainbees Solutions Limited,,unmatched,0.0
Brava Energia S.A.,,unmatched,0.0
"BridgeBio Pharma, Inc.",,unmatched,0.0
Brightstar Lottery PLC,,unmatched,0.0
Brimstone Investment Corporation Limited,,unmatched,0.0
Brookside Energy Limited,,unmatched,0.0
BSP Financial Group Limited,,unmatched,0.0
BSRM Steels Limited,,unmatched,0.0
BTQ Technologies Corp.,BONTQ,fuzzy,75.0
Bullish,,unmatched,0.0
Cadence Opportunities Fund Limited,,unmatched,0.0
"Cal-Maine Foods, Inc.",,unmatched,0.0
Canada Packers Inc.,,unmatched,0.0
Canal+ SA,AAL,fuzzy,75.0
Canarys Automations Limited,,unmatched,0.0
Canatu Oyj,,unmatched,0.0
Capital Small Finance Bank Limited,,unmatched,0.0
"CapsoVision, Inc.",,unmatched,0.0
"Capstone Green Energy Holdings, Inc.",,unmatched,0.0
Carasent AB (publ),,unmatched,0.0
Care REIT plc,,unmatched,0.0
"Caris Life Sciences, Inc.",,unmatched,0.0
"Carlsmed, Inc.",,unmatched,0.0
Castings P.L.C.,,unmatched,0.0
Catapult Sports Ltd,,unmatched,0.0
Catcha Digital Berhad,,unmatched,0.0
Cavotec Group AB,,unmatched,0.0
Ceigall India Limited,,unmatched,0.0
Cemindia Projects Limited,,unmatched,0.0
Cencosud S.A.,,unmatched,0.0
Centum Electronics Limited,,unmatched,0.0
Cerrado Gold Inc.,,unmatched,0.0
Chagee Holdings Limited,,unmatched,0.0
Change Financial Limited,,unmatched,0.0
Chapel Down Group Plc,,unmatched,0.0
Chariot Limited,,unmatched,0.0
Chennai Petroleum Corporation Limited,,unmatched,0.0
"Chicago Atlantic BDC, Inc.",,unmatched,0.0
"Chime Financial, Inc.",,unmatched,0.0
"China Coal Energy Company Limited, Shanghai Datun Energy Resources Co., Ltd.",,unmatched,0.0
"Cidara Therapeutics, Inc.",,unmatched,0.0
"Circle Internet Group, Inc.",,unmatched,0.0
CK Power Public Company Limited,,unmatched,0.0
Claritev Corporation,,unmatched,0.0
ClearSale S.A.,,unmatched,0.0
Clever Culture Systems Limited,,unmatched,0.0
Close the Loop Ltd,,unmatched,0.0
Clover Corporation Limited,CLOV,fuzzy,80.0
CM.com N.V.,,unmatched,0.0
CM Hospitalar S A,,unmatched,0.0
Cohance Lifesciences Limited,,unmatched,0.0
"Coherus Oncology, Inc.",,unmatched,0.0
Comba Telecom Systems Holdings Limited,,unmatched,0.0
"Commerce.com, Inc.",,unmatched,0.0
"Commercial Bancgroup, Inc.",,unmatched,0.0
Commercial International Bank Egypt (CIB) S.A.E.,,unmatched,0.0
Comms Group Limited,COMM,fuzzy,88.88888888888889
Connexion Mobility Ltd,,unmatched,0.0
ContextLogic Holdings Inc.,,unmatched,0.0
"Converge Information and Communications Technology Solutions, Inc.",,unmatched,0.0
"CoreWeave, Inc.",,unmatched,0.0
"Core Natural Resources, Inc.",,unmatched,0.0
Corporación Financiera Colombiana S.A.,,unmatched,0.0
Count Limited,CON,fuzzy,75.0
"Crayon Group Holding ASA, SoftwareOne Holding AG",,unmatched,0.0
"Creatd, Inc.",CEAD,fuzzy,80.0
CrediaBank S.A.,,unmatched,0.0
Creo Medical Group PLC,,unmatched,0.0
CRISM Therapeutics Corporation,,unmatched,0.0
Croma Security Solutions Group plc,,unmatched,0.0
Crunchfish AB (publ),,unmatched,0.0
CTF Services Limited,,unmatched,0.0
Curbline Properties Corp.,,unmatched,0.0
Cyclopharm Limited,,unmatched,0.0
Cyient DLM Limited,,unmatched,0.0
CytoMed Therapeutics Limited,,unmatched,0.0
Dar Global PLC,,unmatched,0.0
Datavault AI Inc.,,unmatched,0.0
DCX Systems Limited,CSCO,fuzzy,75.0
DC Infotech and Communication Limited,,unmatched,0.0
Ddev Plastiks Industries Limited,,unmatched,0.0
Deezer S.A.,,unmatched,0.0
DelfinGroup AS,,unmatched,0.0
DEME Group NV,EME,fuzzy,85.71428571428572
Desktop S.A.,,unmatched,0.0
"Destination XL Group, Inc., FULLBEAUTY Brands, Inc.",,unmatched,0.0
Dev Information Technology Limited,,unmatched,0.0
Dexelance S.p.A.,,unmatched,0.0
Dhabriya Polywood Limited,,unmatched,0.0
Dhofar Beverage and Food Stuff Company SAOG,,unmatched,0.0
Dhofar Food & Investment SAOG,,unmatched,0.0
Dhofar Generating Company SAOG,,unmatched,0.0
Dhofar Insurance Company SAOG,,unmatched,0.0
Dhofar Tourism Company SAOG,,unmatched,0.0
Diales Group Plc,DALS,fuzzy,80.0
Digi Power X Inc.,,unmatched,0.0
Directa Plus Plc,,unmatched,0.0
Dlala Brokerage and Investment Holding Company Q.P.S.C.,,unmatched,0.0
DMCC Speciality Chemicals Limited,,unmatched,0.0
Dodla Dairy Limited,,unmatched,0.0
DonkeyRepublic Holding A S,,unmatched,0.0
DO & CO Aktiengesellschaft,,unmatched,0.0
DPC Dash Ltd,,unmatched,0.0
DPM Metals Inc.,,unmatched,0.0
DP Poland Plc,,unmatched,0.0
Dr. Agarwal's Health Care Limited,,unmatched,0.0
DroneShield Limited,,unmatched,0.0
Dubai Taxi Company P.J.S.C.,,unmatched,0.0
Dubber Corporation Limited,UBER,fuzzy,80.0
Duell Oyj,,unmatched,0.0
Duratec Limited,,unmatched,0.0
Duroply Industries Limited,,unmatched,0.0
Dyno Nobel Limited,,unmatched,0.0
E.I.D.- Parry (India) Limited,,unmatched,0.0
E2E Networks Limited,,unmatched,0.0
"Eagle Financial Services, Inc.",,unmatched,0.0
"Eastroc Beverage(Group) Co., Ltd.",,unmatched,0.0
"ECD Automotive Design, Inc.",,unmatched,0.0
Ecobank Ghana PLC,,unmatched,0.0
Ecofibre Limited,,unmatched,0.0
"Ecopro Hn. Co., Ltd.",,unmatched,0.0
ECO Animal Health Group plc,,unmatched,0.0
ECS Botanics Holdings Ltd,,unmatched,0.0
EC Healthcare,,unmatched,0.0
Edita Food Industries Company (S.A.E),,unmatched,0.0
"EDP Renováveis, S.A., EDP, S.A.",,unmatched,0.0
EKF Diagnostics Holdings plc,,unmatched,0.0
EKI Energy Services Limited,,unmatched,0.0
"Elauwit Connection, Inc.",,unmatched,0.0
Eleco plc,LECO,fuzzy,88.88888888888889
Elin Electronics Limited,,unmatched,0.0
Elsight Limited,,unmatched,0.0
Emcure Pharmaceuticals Limited,,unmatched,0.0
Emperador Inc.,,unmatched,0.0
Empresa Nacional de Telecomunicaciones S.A.,,unmatched,0.0
EMS Limited,ELMS,fuzzy,85.71428571428572
Endomines Finland Oyj,,unmatched,0.0
Engro Fertilizers Limited,,unmatched,0.0
Engro Polymer and Chemicals Limited,,unmatched,0.0
Engro Powergen Qadirpur Limited,,unmatched,0.0
Enjoei S.A.,,unmatched,0.0
EnSilica plc,,unmatched,0.0
Entero Healthcare Solutions Limited,,unmatched,0.0
"Enterprise Financial Services Group, Inc.",,unmatched,0.0
Eolus Aktiebolag (publ),,unmatched,0.0
EPACK Durable Limited,,unmatched,0.0
EPIC Suisse AG,,unmatched,0.0
Equatorial S.A.,,unmatched,0.0
Equity Group Holdings Plc,,unmatched,0.0
ESAF Small Finance Bank,,unmatched,0.0
Estithmar Holding Q.P.S.C.,,unmatched,0.0
Eternal Limited,,unmatched,0.0
Eternit S.A.,,unmatched,0.0
Etherstack plc,,unmatched,0.0
ETHZilla Corporation,,unmatched,0.0
eToro Group Ltd.,ETR,fuzzy,75.0
EuroGroup Laminations S.p.A.,,unmatched,0.0
EuroTeleSites AG,,unmatched,0.0
Evaxion A S,,unmatched,0.0
everplay group plc,,unmatched,0.0
"Everus Construction Group, Inc.",,unmatched,0.0
Exail Technologies,EAI,fuzzy,75.0
Exicom Tele-Systems Limited,,unmatched,0.0
Expand Energy Corporation,,unmatched,0.0
Expion360 Inc.,,unmatched,0.0
ExpreS2ion Biotech Holding AB (publ),,unmatched,0.0
"Exzeo Group, Inc.",EXE,fuzzy,75.0
EZZ Life Science Holdings Limited,,unmatched,0.0
Facilities by ADF plc,,unmatched,0.0
FamiCord AG,,unmatched,0.0
Feintool International Holding AG,,unmatched,0.0
Felix Group Holdings Ltd,EIX,fuzzy,75.0
Fenix Resources Limited,,unmatched,0.0
Fevara plc,,unmatched,0.0
Fidel Softech Limited,,unmatched,0.0
Fielmann Group AG,,unmatched,0.0
"Figma, Inc.",FIG,fuzzy,75.0
"Figure Technology Solutions, Inc.",,unmatched,0.0
Finseta Plc,,unmatched,0.0
Firefly Aerospace Inc.,,unmatched,0.0
First HoldCo Plc,,unmatched,0.0
First Tin Plc,,unmatched,0.0
FIT Hon Teng Limited,,unmatched,0.0
Fjord Defence Group ASA,,unmatched,0.0
"Flagstar Financial, Inc.",,unmatched,0.0
Flair Writing Industries Limited,,unmatched,0.0
Flowco Holdings Inc.,FLOC,fuzzy,80.0
FLUENT Corp.,FLNT,fuzzy,80.0
FluoGuide A S,,unmatched,0.0
Flynas Company,FLYA,fuzzy,80.0
Focusrite plc,,unmatched,0.0
"Formula One Group, Liberty Live Group, Liberty Media Corporation",,unmatched,0.0
Formula One Group,,unmatched,0.0
"Fortress Biotech, Inc.",,unmatched,0.0
FOS Capital Limited,,unmatched,0.0
Fredun Pharmaceuticals Limited,,unmatched,0.0
Freemelt Holding AB (publ),,unmatched,0.0
Fresenius Medical Care AG,,unmatched,0.0
Galaxy Digital Inc.,,unmatched,0.0
Galfar Engineering & Contracting SAOG,,unmatched,0.0
Gandhar Oil Refinery (India) Limited,,unmatched,0.0
Ganesha Ecosphere Limited,,unmatched,0.0
Ganesh Housing Limited,,unmatched,0.0
Gapwaves AB (publ),,unmatched,0.0
Garware Hi-Tech Films Limited,,unmatched,0.0
"GCI Liberty, Inc.",,unmatched,0.0
Gedeon Richter PLC,,unmatched,0.0
"Gemini Space Station, Inc.",,unmatched,0.0
Generation Development Group Limited,,unmatched,0.0
Genetic Signatures Limited,,unmatched,0.0
Gensol Engineering Limited,,unmatched,0.0
GenusPlus Group Ltd,,unmatched,0.0
Getech Group plc,GTEC,fuzzy,80.0
GFPT Public Company Limited,,unmatched,0.0
GHCL Textiles Limited,,unmatched,0.0
Ginebra San Miguel Inc.,,unmatched,0.0
Global Health Limited,,unmatched,0.0
Global Mofy AI Limited,,unmatched,0.0
"Gloo Holdings, Inc.",GLOO,exact,100.0
GomSpace Group AB (publ),,unmatched,0.0
Gopal Snacks Limited,,unmatched,0.0
GPI S.p.A.,,unmatched,0.0
GPS Participações e Empreendimentos S.A.,,unmatched,0.0
"Gray Media, Inc.",,unmatched,0.0
GreenMobility A S,,unmatched,0.0
Green Minerals AS,,unmatched,0.0
"GREE Holdings, Inc.",GREE,exact,100.0
Grieg Seafood ASA,,unmatched,0.0
Grown Rogue International Inc.,,unmatched,0.0
Grupo Mateus S.A.,,unmatched,0.0
Grupo Multi S.A.,,unmatched,0.0
Gruvaktiebolaget Viscaria,,unmatched,0.0
Gubra A S,,unmatched,0.0
Gujarat Narmada Valley Fertilizers & Chemicals Limited,,unmatched,0.0
Gulf Hotels (Oman) Company Limited SAOG,,unmatched,0.0
Gulf International Chemicals SAOG,,unmatched,0.0
Gulf Mushroom Products Co. SAOG,,unmatched,0.0
Guzman y Gomez Limited,,unmatched,0.0
GVS S.p.A.,,unmatched,0.0
H2O America,,unmatched,0.0
Hacksaw AB (publ),,unmatched,0.0
Happy Forgings Limited,,unmatched,0.0
Hazer Group Limited,HAE,fuzzy,75.0
HBR Realty Empreendimentos Imobiliários S.A.,,unmatched,0.0
HBX Group International plc,HON,fuzzy,75.0
"HD Hyundai Heavy Industries Co.,Ltd.",,unmatched,0.0
"HD HYUNDAI Marine Solution CO.,LTD.",,unmatched,0.0
"HD Korea Shipbuilding & Offshore Engineering Co., Ltd.",,unmatched,0.0
"Health In Tech, Inc.",,unmatched,0.0
"HeartFlow, Inc.",,unmatched,0.0
Heimar hf.,,unmatched,0.0
Helloworld Travel Limited,,unmatched,0.0
Hemas Holdings PLC,HAS,fuzzy,75.0
Hercules Plc,,unmatched,0.0
Hercules Site Services Plc,,unmatched,0.0
Here Group Limited,CERE,fuzzy,75.0
Hexaware Technologies Limited,,unmatched,0.0
Hiab Oyj,,unmatched,0.0
HighCom Limited,,unmatched,0.0
Hightech Payment Systems S.A.,,unmatched,0.0
Himadri Speciality Chemical Limited,,unmatched,0.0
Hindustan Construction Company Limited,,unmatched,0.0
Hindustan Media Ventures Limited,,unmatched,0.0
Hind Rectifiers Limited,,unmatched,0.0
"Hinge Health, Inc.",,unmatched,0.0
"Holaluz-Clidom, S.A.",,unmatched,0.0
Hospital Mater Dei S.A.,,unmatched,0.0
Hotels Management Company International SAOG,,unmatched,0.0
Housing and Urban Development Corporation Limited,,unmatched,0.0
HT Media Limited,,unmatched,0.0
Huddled Group Plc,,unmatched,0.0
Humansoft Holding Company K.S.C.P.,,unmatched,0.0
Hydreight Technologies Inc.,,unmatched,0.0
"Hyperion DeFi, Inc.",,unmatched,0.0
IAC Inc.,IAC,exact,100.0
Ice Make Refrigeration Limited,,unmatched,0.0
ICG plc,CG,fuzzy,80.0
ICRA Limited,CARA,fuzzy,75.0
ideaForge Technology Limited,,unmatched,0.0
IIFL Capital Services Limited,,unmatched,0.0
IKIO Lighting Limited,,unmatched,0.0
IKIO Technologies Limited,AIKI,fuzzy,75.0
Impact Coatings AB (publ),,unmatched,0.0
Indegene Limited,,unmatched,0.0
Inderes Oyj,,unmatched,0.0
Indigrid Infrastructure Trust,,unmatched,0.0
"Industrial Bank Co., Ltd.",,unmatched,0.0
Industrie De Nora S.p.A.,,unmatched,0.0
Indus Infra Trust,,unmatched,0.0
"Infinity Natural Resources, Inc.",,unmatched,0.0
Infollion Research Services Limited,,unmatched,0.0
Infracommerce CXaaS S.A.,,unmatched,0.0
"Innovative Aerosystems, Inc.",,unmatched,0.0
"Innovex International, Inc.",,unmatched,0.0
"Innventure, Inc.",,unmatched,0.0
"Inox Green Energy Services Limited, Inox Wind Limited",,unmatched,0.0
Insight Molecular Diagnostics Inc.,,unmatched,0.0
Inspiration Healthcare Group plc,,unmatched,0.0
Integra Resources Corp.,,unmatched,0.0
Intelligent Monitoring Group Limited,,unmatched,0.0
Intelligent Protection Management Corp.,,unmatched,0.0
Interarch Building Products Limited,,unmatched,0.0
Interarch Building Solutions Limited,,unmatched,0.0
Intralot S.A. Intergrated Lottery Systems and Services,,unmatched,0.0
Inventurus Knowledge Solutions Limited,,unmatched,0.0
Invinity Energy Systems plc,,unmatched,0.0
iOCO Limited,BIOC,fuzzy,75.0
Iofina plc,IFIN,fuzzy,80.0
IREN Limited,AIRE,fuzzy,75.0
ISA Energía Brasil S.A,,unmatched,0.0
ISA Energía Brasil S.A.,,unmatched,0.0
J&T Global Express Limited,,unmatched,0.0
Jain Resource Recycling Limited,,unmatched,0.0
James Cropper PLC,,unmatched,0.0
Jamjoom Pharmaceuticals Factory Company,,unmatched,0.0
Jammu and Kashmir Bank Limited,,unmatched,0.0
Jana Small Finance Bank Limited,,unmatched,0.0
Japan Metropolitan Fund Investment Corporation,,unmatched,0.0
"JAPAN POST BANK Co., Ltd.",,unmatched,0.0
JBT Marel Corporation,,unmatched,0.0
"Jefferson Capital, Inc.",,unmatched,0.0
Jet2 plc,FJET,fuzzy,75.0
Jewett-Cameron Trading Company Ltd.,,unmatched,0.0
Jindal Drilling & Industries Limited,,unmatched,0.0
Jindal Steel Limited,,unmatched,0.0
Joint Stock Company National Company KazMunayGas,,unmatched,0.0
Journeo plc,,unmatched,0.0
JSW Cement Limited,,unmatched,0.0
"JSW Infrastructure Limited, Navkar Corporation Limited",,unmatched,0.0
K33 AB (publ),,unmatched,0.0
Kalmar Oyj,,unmatched,0.0
"KalVista Pharmaceuticals, Inc.",,unmatched,0.0
Kamat Hotels (India) Limited,,unmatched,0.0
Kamdhenu Ventures Limited,,unmatched,0.0
Karman Holdings Inc.,KAMN,fuzzy,80.0
Kartoon Studios Inc.,,unmatched,0.0
Kaynes Technology India Limited,,unmatched,0.0
KCB Group PLC,,unmatched,0.0
Kerry Properties Limited,,unmatched,0.0
"Kestra Medical Technologies, Ltd.",,unmatched,0.0
Keystone Law Group plc,,unmatched,0.0
Keystone Realtors Limited,,unmatched,0.0
Kilburn Engineering Limited,,unmatched,0.0
Kirloskar Industries Limited,,unmatched,0.0
Klarna Group plc,ARNA,fuzzy,80.0
"Kodiak AI, Inc.",,unmatched,0.0
Kohinoor Energy Limited,,unmatched,0.0
Konsolidator A S,,unmatched,0.0
KPI Green Energy Limited,,unmatched,0.0
Krishna Defence and Allied Industries Limited,,unmatched,0.0
Ksolves India Limited,,unmatched,0.0
Lavvi Empreendimentos Imobiliários S.A.,,unmatched,0.0
Legacy Education Inc.,,unmatched,0.0
Legence Corp.,,unmatched,0.0
Leifheit Aktiengesellschaft,,unmatched,0.0
Leon's Furniture Limited,,unmatched,0.0
Le Travenues Technology Limited,,unmatched,0.0
LGI Limited,GLGI,fuzzy,85.71428571428572
"Lianlian DigiTech Co., Ltd.",,unmatched,0.0
Lifecare AS,,unmatched,0.0
Lifecare ASA,,unmatched,0.0
Lighthouse Properties p.l.c.,,unmatched,0.0
Light Science Technologies Holdings Plc,,unmatched,0.0
Likewise Group Plc,,unmatched,0.0
Lindsay Australia Limited,,unmatched,0.0
Lionsgate Studios Corp.,,unmatched,0.0
Lion Finance Group PLC,,unmatched,0.0
Lithium Argentina AG,,unmatched,0.0
Liva Group SAOG,,unmatched,0.0
LMW Limited,LW,fuzzy,80.0
Locate Technologies Limited,,unmatched,0.0
Lodha Developers Limited,,unmatched,0.0
Lottomatica Group S.p.A.,,unmatched,0.0
LSL Property Services plc,,unmatched,0.0
Lucky Cement Limited,,unmatched,0.0
Lucky Strike Entertainment Corporation,,unmatched,0.0
lululemon athletica inc.,,unmatched,0.0
Lulu Retail Holdings PLC,,unmatched,0.0
Lumos Diagnostics Holdings Limited,,unmatched,0.0
LuxExperience B.V.,,unmatched,0.0
M&C Saatchi plc,,unmatched,0.0
M.O.B.A. Network AB,,unmatched,0.0
Macfos Limited,,unmatched,0.0
Macpower CNC Machines Limited,,unmatched,0.0
MAC Copper Limited,,unmatched,0.0
Magnera Corporation,,unmatched,0.0
Maha Capital AB (publ),,unmatched,0.0
Majan College (University College) SAOG,,unmatched,0.0
"Makuake, Inc.",,unmatched,0.0
Mangalore Chemicals & Fertilizers Limited,,unmatched,0.0
Manolete Partners Plc,,unmatched,0.0
Manorama Industries Limited,,unmatched,0.0
Man Infraconstruction Limited,,unmatched,0.0
Maris-Tech Ltd.,,unmatched,0.0
Marley Spoon Group SE,,unmatched,0.0
"MasterBrand, Inc., American Woodmark Corporation",,unmatched,0.0
MaxiPARTS Limited,,unmatched,0.0
Max Estates Limited,,unmatched,0.0
Mazagon Dock Shipbuilders Limited,,unmatched,0.0
McEwen Inc.,CWEN,fuzzy,80.0
"McGraw Hill, Inc.",,unmatched,0.0
MCON Rasayan India Limited,,unmatched,0.0
MedAdvisor Limited,,unmatched,0.0
MediaZest plc,,unmatched,0.0
Medicare Group Q.P.S.C.,,unmatched,0.0
Medi Assist Healthcare Services Limited,,unmatched,0.0
MEEZA QSTP LLC (Public),,unmatched,0.0
Mekdam Holding Group - Q.P.S.C.,,unmatched,0.0
Menon Bearings Limited,,unmatched,0.0
Mercury General Corporation,,unmatched,0.0
Meren Energy Inc.,,unmatched,0.0
Metlen Energy & Metals S.A.,,unmatched,0.0
ME Group International plc,,unmatched,0.0
"Miami International Holdings, Inc.",,unmatched,0.0
Microba Life Sciences Limited,,unmatched,0.0
"Millrose Properties, Inc.",,unmatched,0.0
MindWalk Holdings Corp.,,unmatched,0.0
"Mirae Asset Securities Co., Ltd.",,unmatched,0.0
"Mitsui O.S.K. Lines, Ltd.",,unmatched,0.0
MKS Inc.,MKSI,fuzzy,85.71428571428572
MLG Oz Limited,,unmatched,0.0
MLP Saglik Hizmetleri A.S.,,unmatched,0.0
"MNTN, Inc.",MNTN,exact,100.0
Mobilicom Limited,,unmatched,0.0
Modern Times Group MTG AB,,unmatched,0.0
Mold-Tek Technologies Limited,,unmatched,0.0
Molecure S.A.,,unmatched,0.0
Moneyboxx Finance Limited,,unmatched,0.0
Morgan Stanley Direct Lending Fund,,unmatched,0.0
Motiva Infraestrutura de Mobilidade S.A.,,unmatched,0.0
MOVE Logistics Group Limited,,unmatched,0.0
"MSC Income Fund, Inc.",,unmatched,0.0
Multitude AG,,unmatched,0.0
Musandam Power Company SAOG,,unmatched,0.0
Muscat City Desalination Company SAOG,,unmatched,0.0
Muscat Finance SAOG,,unmatched,0.0
Muscat Insurance Company SAOG,,unmatched,0.0
Muscat Thread Mills SAOG,,unmatched,0.0
Muthoot Microfin Limited,,unmatched,0.0
My Food Bag Group Limited,,unmatched,0.0
M M Forgings Limited,,unmatched,0.0
M Vest Water AS,,unmatched,0.0
M Winkworth PLC,,unmatched,0.0
Nabaltec AG,,unmatched,0.0
NANO Nuclear Energy Inc.,,unmatched,0.0
National Aluminium Company Limited,,unmatched,0.0
National Atomic Company Kazatomprom JSC,,unmatched,0.0
National Bank of Bahrain B.S.C.,,unmatched,0.0
National Bank of Oman SAOG,,unmatched,0.0
National Finance Company SAOG,,unmatched,0.0
National Gas Company SAOG,,unmatched,0.0
National Mineral Water Company SAOG,,unmatched,0.0
"Navan, Inc.",NAVN,fuzzy,88.88888888888889
Neogrid Participações S.A.,,unmatched,0.0
Neptune Insurance Holdings Inc.,,unmatched,0.0
"Netskope, Inc.",,unmatched,0.0
Netweb Technologies India Limited,,unmatched,0.0
Network People Services Technologies Limited,,unmatched,0.0
Newmark Security plc,,unmatched,0.0
NewPrinces S.p.A.,,unmatched,0.0
Newsmax Inc.,,unmatched,0.0
New Hope Corporation Limited,,unmatched,0.0
NextEd Group Limited,NETD,fuzzy,80.0
Nexteq plc,EXEQ,fuzzy,80.0
NextNRG Inc.,,unmatched,0.0
Nexus Infrastructure plc,,unmatched,0.0
"Niagen Bioscience, Inc.",,unmatched,0.0
Nickel Asia Corporation,,unmatched,0.0
"Nippon Express Holdings, Inc.",,unmatched,0.0
NIP Group Inc.,ANIP,fuzzy,85.71428571428572
NIQ Global Intelligence plc,,unmatched,0.0
Niyogin Fintech Limited,,unmatched,0.0
Noble Corporation plc,,unmatched,0.0
"Nomura Research Institute, Ltd.",,unmatched,0.0
NorAm Drilling AS,,unmatched,0.0
Norcod AS,,unmatched,0.0
Norman Broadbent plc,,unmatched,0.0
"Northpointe Bancshares, Inc.",,unmatched,0.0
Norwood Financial Corp.,,unmatched,0.0
Novonesis A S,,unmatched,0.0
NOVONIX Limited,,unmatched,0.0
NPK International Inc.,,unmatched,0.0
"NTT, Inc.",INTT,fuzzy,85.71428571428572
Nuvation Bio Inc.,,unmatched,0.0
"NWPX Infrastructure, Inc.",,unmatched,0.0
NX Filtration N.V.,,unmatched,0.0
Nyxoah SA,,unmatched,0.0
OceanPact Serviços Marítimos S.A.,,unmatched,0.0
Ocean Sun AS,,unmatched,0.0
OK Play India Limited,,unmatched,0.0
Ola Electric Mobility Limited,,unmatched,0.0
Olvi Oyj,,unmatched,0.0
"Omada Health, Inc.",,unmatched,0.0
Omani Packaging Company SAOG,,unmatched,0.0
Oman Arab Bank SAOG,,unmatched,0.0
Oman Cement Company SAOG,,unmatched,0.0
Oman Chlorine S.A.O.G.,,unmatched,0.0
Oman Chromite Company SAOG,,unmatched,0.0
Oman Education & Training Investment Company SAOG,,unmatched,0.0
Oman Fisheries Company SAOG,,unmatched,0.0
Oman Flour Mills Company SAOG,,unmatched,0.0
Oman Investment & Finance Co. SAOG,,unmatched,0.0
Oman Oil Marketing Company SAOG,,unmatched,0.0
Oman Qatar Insurance Company SAOG,,unmatched,0.0
Oman Refreshment Company SAOG,,unmatched,0.0
Oman Reinsurance Company SAOG,,unmatched,0.0
Oman United Insurance Company SAOG,,unmatched,0.0
Om Infra Limited,,unmatched,0.0
One Health Group Plc,,unmatched,0.0
One MobiKwik Systems Limited,,unmatched,0.0
"Optex Systems Holdings, Inc",,unmatched,0.0
"OptimumBank Holdings, Inc.",,unmatched,0.0
Opyl Limited,OPY,fuzzy,85.71428571428572
OQ Gas Networks SAOG,,unmatched,0.0
Organigram Global Inc.,,unmatched,0.0
Orient Green Power Company Limited,,unmatched,0.0
Orion Properties Inc.,,unmatched,0.0
"Orrstown Financial Services, Inc.",,unmatched,0.0
OR Royalties Inc.,,unmatched,0.0
Ottobock SE & Co. KGaA,,unmatched,0.0
Outdoor Holding Company,,unmatched,0.0
Paladin Energy Ltd,,unmatched,0.0
Palladyne AI Corp.,,unmatched,0.0
Paragon Care Limited,,unmatched,0.0
Parag Milk Foods Limited,,unmatched,0.0
Paramount Skydance Corporation,,unmatched,0.0
Patel Integrated Logistics Limited,,unmatched,0.0
Pattern Group Inc.,,unmatched,0.0
"PAVmed Inc., Lucid Diagnostics Inc.",,unmatched,0.0
Pelthos Therapeutics Inc.,,unmatched,0.0
"Penguin Solutions, Inc.",,unmatched,0.0
"Performant Healthcare, Inc.",,unmatched,0.0
"Perimeter Solutions, Inc.",,unmatched,0.0
Permanent Magnets Limited,,unmatched,0.0
Petron Corporation,ETON,fuzzy,80.0
Pet Center Comércio e Participações S.A.,,unmatched,0.0
PG Electroplast Limited,,unmatched,0.0
Phantom Digital Effects Limited,,unmatched,0.0
Pharmala Biotech Holdings Inc.,,unmatched,0.0
PharmX Technologies Limited,,unmatched,0.0
"Phoenix Education Partners, Inc.",,unmatched,0.0
Phoenix Power Company SAOG,,unmatched,0.0
PICC Property and Casualty Company Limited,,unmatched,0.0
"Piedmont Realty Trust, Inc.",,unmatched,0.0
Pineapple Financial Inc.,,unmatched,0.0
Planisware SAS,,unmatched,0.0
"Playboy, Inc.",,unmatched,0.0
PlaySide Studios Limited,,unmatched,0.0
PNGS Gargi Fashion Jewellery Limited,,unmatched,0.0
Polarean Imaging plc,,unmatched,0.0
Polygiene Group AB,,unmatched,0.0
Pondy Oxides And Chemicals Limited,,unmatched,0.0
Pony AI Inc.,,unmatched,0.0
Popular Vehicles and Services Limited,,unmatched,0.0
PORR AG,POR,fuzzy,85.71428571428572
Posco International Corporation,,unmatched,0.0
Posti Group Oyj,,unmatched,0.0
Prairie Operating Co.,,unmatched,0.0
Prelude Therapeutics Incorporated,,unmatched,0.0
Prenetics Global Limited,,unmatched,0.0
Prestige International Inc.,,unmatched,0.0
Primax Electronics Ltd.,,unmatched,0.0
Prime Financial Group Limited,,unmatched,0.0
Primo Brands Corporation,,unmatched,0.0
Prisma Properties AB (publ),,unmatched,0.0
Proteome Sciences plc,,unmatched,0.0
PT XLSMART Telecom Sejahtera Tbk,,unmatched,0.0
Public Power Corporation S.A.,,unmatched,0.0
Punjab Chemicals and Crop Protection Limited,,unmatched,0.0
"Pursuit Attractions and Hospitality, Inc.",,unmatched,0.0
PyroGenesis Inc.,,unmatched,0.0
Pyrum Innovations AG,,unmatched,0.0
"Qfin Holdings, Inc.",AFIN,fuzzy,75.0
QLM Life & Medical Insurance Company Q.P.S.C.,,unmatched,0.0
"Qnity Electronics, Inc.",,unmatched,0.0
Quantum Computing Inc.,,unmatched,0.0
Quinsam Capital Corporation,,unmatched,0.0
QVC Group Inc.,QVCC,fuzzy,85.71428571428572
"QVC Group Inc., Qurate Retail Group, Inc.",,unmatched,0.0
QYOU Media Inc.,,unmatched,0.0
Racing Force S.P.A.,,unmatched,0.0
Radiowalla Network Limited,,unmatched,0.0
RailTel Corporation of India Limited,,unmatched,0.0
Rainbow Chicken Limited,,unmatched,0.0
Ralliant Corporation,,unmatched,0.0
Rane (Madras) Limited,,unmatched,0.0
RAS Technology Holdings Limited,ERAS,fuzzy,85.71428571428572
Raysut Cement Company SAOG,,unmatched,0.0
"Rbb Asset Management Company, RBB Bancorp, Royal Business Bank",,unmatched,0.0
reAlpha Tech Corp.,,unmatched,0.0
Regional REIT Limited,,unmatched,0.0
Religare Enterprises Limited,,unmatched,0.0
"RenovoRx, Inc.",,unmatched,0.0
"Replimune Group, Inc.",,unmatched,0.0
Retail Food Group Limited,,unmatched,0.0
Rezolve AI PLC,,unmatched,0.0
RHI Magnesita India Limited,,unmatched,0.0
"RideNow Group, Inc.",,unmatched,0.0
Rishabh Instruments Limited,,unmatched,0.0
Rishi Laser Limited,,unmatched,0.0
Rithm Property Trust Inc.,,unmatched,0.0
Riyadh Cables Group Company,,unmatched,0.0
Rocket Lab Corporation,,unmatched,0.0
Rolex Rings Limited,,unmatched,0.0
RPM Automotive Group Limited,,unmatched,0.0
RTW Biotech Opportunities Ltd,,unmatched,0.0
Rubicon Water Limited,,unmatched,0.0
Rushil Décor Limited,,unmatched,0.0
"S.F. Holding Co., Ltd.",,unmatched,0.0
Sahara Hospitality Company SAOG,,unmatched,0.0
Sahyadri Industries Limited,,unmatched,0.0
"SailPoint, Inc.",,unmatched,0.0
Sai Life Sciences Limited,,unmatched,0.0
Sai Silks (Kalamandir) Limited,,unmatched,0.0
Salalah Mills Company SAOG,,unmatched,0.0
Salalah Port Services Company SAOG,,unmatched,0.0
Salik Company P.J.S.C.,,unmatched,0.0
SAMHI Hotels Limited,,unmatched,0.0
Samsonite Group S.A.,,unmatched,0.0
Sandisk Corporation,,unmatched,0.0
Sangam (India) Limited,,unmatched,0.0
Saniona AB (publ),,unmatched,0.0
Sanjivani Paranteral Limited,,unmatched,0.0
Sanlorenzo S.p.A.,,unmatched,0.0
San Miguel Corporation,,unmatched,0.0
"San Miguel Food and Beverage, Inc.",,unmatched,0.0
Sarthak Metals Limited,,unmatched,0.0
Saunders International Limited,,unmatched,0.0
SBFC Finance Limited,,unmatched,0.0
Scancell Holdings plc,,unmatched,0.0
Schroder Oriental Income Fund Limited,,unmatched,0.0
SciDev Limited,CDEV,fuzzy,80.0
SDCL Efficiency Income Trust Plc,,unmatched,0.0
Sealmatic India Limited,,unmatched,0.0
SEALSQ Corp,SEAS,fuzzy,80.0
Seamec Limited,,unmatched,0.0
Seaport Entertainment Group Inc.,,unmatched,0.0
Seascape Energy Asia plc,,unmatched,0.0
Sea Harvest Group Limited,,unmatched,0.0
SECURE Waste Infrastructure Corp.,,unmatched,0.0
SED Energy Holdings Plc,,unmatched,0.0
SEEK Limited,SEE,fuzzy,85.71428571428572
Sembcorp Salalah Power & Water Company SAOG,,unmatched,0.0
Semirara Mining and Power Corporation,,unmatched,0.0
"Sempra, Oncor Electric Delivery Company LLC",,unmatched,0.0
Senco Gold Limited,,unmatched,0.0
Sequoia Financial Group Limited,,unmatched,0.0
"ServiceTitan, Inc.",,unmatched,0.0
Serviceware SE,,unmatched,0.0
Servotech Renewable Power System Limited,,unmatched,0.0
SGH Limited,SGH,exact,100.0
"SharpLink Gaming, Inc.",,unmatched,0.0
Sharqiyah Desalination Company SAOG,,unmatched,0.0
Sheffield Resources Limited,,unmatched,0.0
Shelly Group SE,HLLY,fuzzy,80.0
Shell Oman Marketing Company SAOG,,unmatched,0.0
Shera Energy Limited,,unmatched,0.0
"Shoulder Innovations, Inc.",,unmatched,0.0
Shyam Metalics and Energy Limited,,unmatched,0.0
"Sichuan Kelun Pharmaceutical Co., Ltd.",,unmatched,0.0
"SideChannel, Inc.",,unmatched,0.0
Signatureglobal (India) Limited,,unmatched,0.0
Siili Solutions Oyj,,unmatched,0.0
SKP Bearing Industries Limited,,unmatched,0.0
SKS Technologies Group Limited,STKS,fuzzy,85.71428571428572
Sky Gold and Diamonds Limited,,unmatched,0.0
"Slide Insurance Holdings, Inc.",,unmatched,0.0
Smartfit Escola de Ginástica e Dança S.A.,,unmatched,0.0
Smartoptics Group ASA,,unmatched,0.0
"SmartStop Self Storage REIT, Inc.",,unmatched,0.0
SMC Global Securities Limited,,unmatched,0.0
"Smithfield Foods, Inc.",,unmatched,0.0
SMN Power Holding SAOG,,unmatched,0.0
Smoore International Holdings Limited,,unmatched,0.0
Social Housing REIT plc,,unmatched,0.0
Sohar International Bank SAOG,,unmatched,0.0
Solana Company,SANA,fuzzy,80.0
"Soleno Therapeutics, Inc.",,unmatched,0.0
"Solesence, Inc.",,unmatched,0.0
"Solstice Advanced Materials, Inc.",,unmatched,0.0
Sol Strategies Inc.,,unmatched,0.0
Somnigroup International Inc.,,unmatched,0.0
Sound Energy plc,,unmatched,0.0
Southern Cross Electrical Engineering Limited,,unmatched,0.0
Southern Sun Limited,,unmatched,0.0
SouthState Bank Corporation,,unmatched,0.0
South Bow Corporation,,unmatched,0.0
Spectur Limited,,unmatched,0.0
Spenda Limited,SEDA,fuzzy,80.0
SPML Infra Limited,,unmatched,0.0
Springer Nature AG & Co. KGaA,,unmatched,0.0
Springfield Properties Plc,,unmatched,0.0
Stadler Rail AG,,unmatched,0.0
Stainless Tankers ASA,,unmatched,0.0
Standard Glass Lining Technology Limited,,unmatched,0.0
Starz Entertainment Corp.,,unmatched,0.0
Star Housing Finance Limited,,unmatched,0.0
"Stoke Therapeutics, Inc.",,unmatched,0.0
Stoneweg European Real Estate Investment Trust,,unmatched,0.0
Stoneweg Europe Stapled Trust,,unmatched,0.0
"Strata Critical Medical, Inc.",,unmatched,0.0
Strategy Inc,,unmatched,0.0
"StubHub Holdings, Inc.",,unmatched,0.0
SUI Group Holdings Limited,SUI,exact,100.0
Sula Vineyards Limited,,unmatched,0.0
SUNation Energy Inc.,,unmatched,0.0
SunCar Technology Group Inc.,SNCR,fuzzy,80.0
Sundram Fasteners Limited,,unmatched,0.0
Sundrop Brands Limited,,unmatched,0.0
Sunrise Communications AG,VZ,fuzzy,77.27272727272727
Sun International Limited,,unmatched,0.0
Supreme Power Equipment Limited,,unmatched,0.0
Surgical Innovations Group plc,,unmatched,0.0
SUSS MicroTec SE,,unmatched,0.0
"Sutro Biopharma, Inc.",,unmatched,0.0
Swedish Logistic Property AB,,unmatched,0.0
Swift Networks Group Limited,,unmatched,0.0
Synectics plc,,unmatched,0.0
Synertec Corporation Limited,,unmatched,0.0
Systems Limited,,unmatched,0.0
S Chand And Company Limited,,unmatched,0.0
T1 Energy Inc.,,unmatched,0.0
Taageer Finance Company SAOG,,unmatched,0.0
Takaful Oman Insurance SAOG,,unmatched,0.0
Talabat Holding plc,,unmatched,0.0
Tanmiah Food Company,,unmatched,0.0
TAQA Arabia S.A.E.,,unmatched,0.0
Tara Chand Infralogistic Solutions Limited,,unmatched,0.0
Tara Chand Logistic Solutions Limited,,unmatched,0.0
Tata Motors Passenger Vehicles Limited,,unmatched,0.0
Tata Power Company Limited,,unmatched,0.0
TAV Havalimanlari Holding A.S.,,unmatched,0.0
Teads Holding Co.,TEAD,fuzzy,88.88888888888889
Team Internet Group plc,,unmatched,0.0
Techknowgreen Solutions Limited,,unmatched,0.0
Tejon Ranch Co.,,unmatched,0.0
"Tempus AI, Inc.",,unmatched,0.0
Tenneco Clean Air India Limited,,unmatched,0.0
Theon International Plc,,unmatched,0.0
Thermador Groupe SA,,unmatched,0.0
The Agency Group Australia Limited,,unmatched,0.0
The Bankers Investment Trust PLC,,unmatched,0.0
"The Brand House Collective, Inc.",,unmatched,0.0
The Calmer Co International Limited,,unmatched,0.0
The Campbell's Company,,unmatched,0.0
The Environmental Group Limited,,unmatched,0.0
The Financial Corporation Company SAOG,,unmatched,0.0
"The Hartford Insurance Group, Inc.",,unmatched,0.0
The India Cements Limited,,unmatched,0.0
"The Keepers Holdings, Inc.",,unmatched,0.0
The Kingfish Company N.V.,,unmatched,0.0
The Marzetti Company,,unmatched,0.0
The Mission Group plc,,unmatched,0.0
The National Detergent Company SAOG,,unmatched,0.0
The National Shipping Company of Saudi Arabia,,unmatched,0.0
The New India Assurance Company Limited,,unmatched,0.0
The St. Joe Company,,unmatched,0.0
The Wharf (Holdings) Limited,,unmatched,0.0
"TIC Solutions, Inc.",,unmatched,0.0
Tiger Logistics (India) Limited,,unmatched,0.0
Tilaknagar Industries Ltd.,,unmatched,0.0
Time Finance plc,,unmatched,0.0
Tissue Regenix Group plc,,unmatched,0.0
Titan America SA,,unmatched,0.0
Titon Holdings Plc,TITN,fuzzy,88.88888888888889
Topps Tiles Plc,,unmatched,0.0
Tortilla Mexican Grill plc,,unmatched,0.0
Total Transport Systems Limited,,unmatched,0.0
"TOYO Co., Ltd.",TOON,fuzzy,75.0
TPXimpact Holdings plc,,unmatched,0.0
Track & Field Co S.A.,,unmatched,0.0
Tracxn Technologies Limited,,unmatched,0.0
Trainline plc,,unmatched,0.0
Transense Technologies plc,,unmatched,0.0
Transindia Real Estate Limited,,unmatched,0.0
Transpek Industry Limited,,unmatched,0.0
TREVI - Finanziaria Industriale S.p.A.,,unmatched,0.0
Tristel plc,,unmatched,0.0
TRUBAR Inc.,,unmatched,0.0
TruCap Finance Limited,,unmatched,0.0
TruFin plc,TFIN,fuzzy,80.0
"Tubacex, S.A.",,unmatched,0.0
Türkiye Sinai Kalkinma Bankasi A.S.,,unmatched,0.0
Ubar Hotels & Resorts SAOG,,unmatched,0.0
UCO Bank,,unmatched,0.0
"UFP Technologies, Inc.",UFPI,fuzzy,85.71428571428572
Unifique Telecomunicações S.A.,,unmatched,0.0
Unihealth Hospitals Limited,,unmatched,0.0
Unipol Assicurazioni S.p.A.,,unmatched,0.0
"United Bancorporation of Alabama, Inc.",,unmatched,0.0
United Capital Plc,,unmatched,0.0
United Finance Company SAOG,,unmatched,0.0
United Foodbrands Limited,,unmatched,0.0
United Maritime Corporation,,unmatched,0.0
Universal Store Holdings Limited,,unmatched,0.0
Uranium Energy Corp.,,unmatched,0.0
Urban Company Limited,URBN,fuzzy,88.88888888888889
"USA Rare Earth, Inc.",,unmatched,0.0
Vaidya Sane Ayurved Laboratories Limited,,unmatched,0.0
Vastned,,unmatched,0.0
VBG Group AB (publ),,unmatched,0.0
VCI Global Limited,,unmatched,0.0
Veefin Solutions Limited,,unmatched,0.0
VEEM Ltd,BEEM,fuzzy,75.0
Veerhealth Care Limited,,unmatched,0.0
Vend Marketplaces ASA,,unmatched,0.0
Venky's (India) Limited,,unmatched,0.0
"Venture Global, Inc.",,unmatched,0.0
Venture Life Group plc,,unmatched,0.0
Venus Pipes and Tubes Limited,,unmatched,0.0
Veradigm Inc.,,unmatched,0.0
Veranda Learning Solutions Limited,,unmatched,0.0
"Verastem, Inc.",,unmatched,0.0
Verisure plc,,unmatched,0.0
Veris Limited,VERI,fuzzy,88.88888888888889
Vertical Aerospace Ltd.,,unmatched,0.0
Vertiseit AB (publ),,unmatched,0.0
Vertoz Limited,,unmatched,0.0
"Via Transportation, Inc.",,unmatched,0.0
Vidhi Specialty Food Ingredients Limited,,unmatched,0.0
VinaCapital Vietnam Opportunity Fund Limited,,unmatched,0.0
Vinati Organics Limited,,unmatched,0.0
Vinci Compass Investments Ltd.,,unmatched,0.0
Viohalco S.A.,,unmatched,0.0
Virgin Australia Holdings Limited,,unmatched,0.0
ViroGates A S,,unmatched,0.0
Vishal Mega Mart Limited,,unmatched,0.0
Vista Group International Limited,,unmatched,0.0
"Vista Land & Lifescapes, Inc.",,unmatched,0.0
Vital Limited,VITL,fuzzy,88.88888888888889
"Vitru Brasil Empreendimentos, Participações e Comércio S.A.",,unmatched,0.0
Voltamp Energy SAOG,,unmatched,0.0
"Voyager Technologies, Inc.",,unmatched,0.0
W5 Solutions AB (publ),,unmatched,0.0
Waaree Renewable Technologies Limited,,unmatched,0.0
"WaFd, Inc.",WAFD,exact,100.0
Wasion Holdings Limited,SION,fuzzy,80.0
WaterBridge Infrastructure LLC,,unmatched,0.0
Webull Corporation,BULL,fuzzy,80.0
WeRide Inc.,ERIE,fuzzy,80.0
Western Bulk Chartering AS,,unmatched,0.0
Wheels India Limited,,unmatched,0.0
"WhiteFiber, Inc.",,unmatched,0.0
Wilmington plc,,unmatched,0.0
WindowMaster International A S,,unmatched,0.0
Wirtek A S,,unmatched,0.0
WPIL Limited,,unmatched,0.0
Wrkr Ltd,WRK,fuzzy,85.71428571428572
WT Financial Group Limited,,unmatched,0.0
"WuXi AppTec Co., Ltd.",,unmatched,0.0
XAI Madison Equity Premium Income Fund,,unmatched,0.0
"XBP Global Holdings, Inc.",,unmatched,0.0
Xeros Technology Group plc,XERS,fuzzy,88.88888888888889
XPON Technologies Group Limited,XPON,exact,100.0
"Yakult Honsha Co.,Ltd.",,unmatched,0.0
Yasho Industries Limited,,unmatched,0.0
Yatharth Hospital & Trauma Care Services Limited,,unmatched,0.0
Yuanbao Inc.,,unmatched,0.0
YXT.COM Group Holding Limited,,unmatched,0.0
Zaggle Prepaid Ocean Services Limited,,unmatched,0.0
ZEEKR Intelligent Technology Holding Limited,,unmatched,0.0
ZF Commercial Vehicle Control Systems India Limited,,unmatched,0.0
ZIM Laboratories Limited,,unmatched,0.0
Zinc Media Group plc,,unmatched,0.0
Zoom2u Technologies Limited,,unmatched,0.0
Zoom Communications Inc.,VZ,fuzzy,82.92682926829268
"zSpace, Inc.",PACE,fuzzy,80.0
Aequs Limited,AES,fuzzy,75.0
Bajaj Mobility AG,,unmatched,0.0
Bannerman Energy Ltd,,unmatched,0.0
Boss Energy Limited,,unmatched,0.0
"Central Bancompany, Inc.",,unmatched,0.0
CORONA Remedies Limited,,unmatched,0.0
Curis Lifesciences Limited,,unmatched,0.0
Develop Global Limited,,unmatched,0.0
FirstSun Capital Bancorp,,unmatched,0.0
"Flagstar Bank, National Association",,unmatched,0.0
Genesis Minerals Limited,,unmatched,0.0
ICICI Prudential Asset Management Company Limited,,unmatched,0.0
Insteel Industries Inc.,,unmatched,0.0
Jaro Institute of Technology Management and Research Limited,,unmatched,0.0
KSH International Limited,,unmatched,0.0
Meesho Limited,MESH,fuzzy,80.0
Nextpower Inc.,,unmatched,0.0
Park Medi World Limited,,unmatched,0.0
Patria Private Equity Trust plc,,unmatched,0.0
PLS Group Limited,APLS,fuzzy,85.71428571428572
Schroder Investment Trust - Schroder AsiaPacific Fund plc,,unmatched,0.0
SLB N.V.,,unmatched,0.0
Smarten Power Systems Limited,,unmatched,0.0
SunPower Inc.,,unmatched,0.0
Vantage Corp,,unmatched,0.0
Wealthfront Corporation,,unmatched,0.0
